#2026 09 18 11:19:14.681#Z#DEBUG#9d22f57d-b352-11f1-9456-eeee0a8e3e3b.Bookshop-db-deployer#flowable-async-job-executor-thread-112420#
[PollStageAppStatusExecution] 1b9f4783-0339-4c3a-b1e7-2e9151c73fa6 [2026-09-18T11:18:18.424467] Added process: "web" (STDOUT, API)#
#2026 09 18 11:19:14.681#Z#DEBUG#9d22f57d-b352-11f1-9456-eeee0a8e3e3b.Bookshop-db-deployer#flowable-async-job-executor-thread-112420#
[PollStageAppStatusExecution] 1b9f4783-0339-4c3a-b1e7-2e9151c73fa6 [2026-09-18T11:18:18.437437] Created app with guid 1b9f4783-0339-4c3a-b1e7-2e9151c73fa6 (STDOUT, API)#
#2026 09 18 11:19:14.681#Z#DEBUG#9d22f57d-b352-11f1-9456-eeee0a8e3e3b.Bookshop-db-deployer#flowable-async-job-executor-thread-112420#
[PollStageAppStatusExecution] 1b9f4783-0339-4c3a-b1e7-2e9151c73fa6 [2026-09-18T11:18:18.573839] Updating process: "web" (STDOUT, API)#
#2026 09 18 11:19:14.681#Z#DEBUG#9d22f57d-b352-11f1-9456-eeee0a8e3e3b.Bookshop-db-deployer#flowable-async-job-executor-thread-112420#
[PollStageAppStatusExecution] 1b9f4783-0339-4c3a-b1e7-2e9151c73fa6 [2026-09-18T11:18:18.659867] Scaling process: "web" (STDOUT, API)#
#2026 09 18 11:19:14.681#Z#DEBUG#9d22f57d-b352-11f1-9456-eeee0a8e3e3b.Bookshop-db-deployer#flowable-async-job-executor-thread-112420#
[PollStageAppStatusExecution] 1b9f4783-0339-4c3a-b1e7-2e9151c73fa6 [2026-09-18T11:18:44.168887] Uploading app package for app with guid 1b9f4783-0339-4c3a-b1e7-2e9151c73fa6 (STDOUT, API)#
#2026 09 18 11:19:14.681#Z#DEBUG#9d22f57d-b352-11f1-9456-eeee0a8e3e3b.Bookshop-db-deployer#flowable-async-job-executor-thread-112420#
[PollStageAppStatusExecution] 1b9f4783-0339-4c3a-b1e7-2e9151c73fa6 [2026-09-18T11:18:44.451226] Updated app with guid 1b9f4783-0339-4c3a-b1e7-2e9151c73fa6 ({"environment_variables"=>"[PRIVATE DATA HIDDEN]"}) (STDOUT, API)#
#2026 09 18 11:19:14.681#Z#DEBUG#9d22f57d-b352-11f1-9456-eeee0a8e3e3b.Bookshop-db-deployer#flowable-async-job-executor-thread-112420#
[PollStageAppStatusExecution] 1b9f4783-0339-4c3a-b1e7-2e9151c73fa6 [2026-09-18T11:19:04.375757] Creating build for app with guid 1b9f4783-0339-4c3a-b1e7-2e9151c73fa6 (STDOUT, API)#
#2026 09 18 11:19:14.681#Z#DEBUG#9d22f57d-b352-11f1-9456-eeee0a8e3e3b.Bookshop-db-deployer#flowable-async-job-executor-thread-112420#
[PollStageAppStatusExecution] 1b9f4783-0339-4c3a-b1e7-2e9151c73fa6 [2026-09-18T11:19:04.808297] Downloading nodejs_buildpack... (STDOUT, STG)#
#2026 09 18 11:19:14.681#Z#DEBUG#9d22f57d-b352-11f1-9456-eeee0a8e3e3b.Bookshop-db-deployer#flowable-async-job-executor-thread-112420#
[PollStageAppStatusExecution] 1b9f4783-0339-4c3a-b1e7-2e9151c73fa6 [2026-09-18T11:19:04.843960] Downloaded nodejs_buildpack (STDOUT, STG)#
#2026 09 18 11:19:14.681#Z#DEBUG#9d22f57d-b352-11f1-9456-eeee0a8e3e3b.Bookshop-db-deployer#flowable-async-job-executor-thread-112420#
[PollStageAppStatusExecution] 1b9f4783-0339-4c3a-b1e7-2e9151c73fa6 [2026-09-18T11:19:04.844026] Cell eaedaf32-6522-4df0-bd4d-ef9f1d3403a6 creating container for instance 889a48b4-26db-43bf-a6dc-e42c1371f67b (STDOUT, STG)#
#2026 09 18 11:19:14.681#Z#DEBUG#9d22f57d-b352-11f1-9456-eeee0a8e3e3b.Bookshop-db-deployer#flowable-async-job-executor-thread-112420#
[PollStageAppStatusExecution] 1b9f4783-0339-4c3a-b1e7-2e9151c73fa6 [2026-09-18T11:19:05.165085] Security group rules were updated (STDOUT, STG)#
#2026 09 18 11:19:14.681#Z#DEBUG#9d22f57d-b352-11f1-9456-eeee0a8e3e3b.Bookshop-db-deployer#flowable-async-job-executor-thread-112420#
[PollStageAppStatusExecution] 1b9f4783-0339-4c3a-b1e7-2e9151c73fa6 [2026-09-18T11:19:05.186302] Cell eaedaf32-6522-4df0-bd4d-ef9f1d3403a6 successfully created container for instance 889a48b4-26db-43bf-a6dc-e42c1371f67b (STDOUT, STG)#
#2026 09 18 11:19:14.681#Z#DEBUG#9d22f57d-b352-11f1-9456-eeee0a8e3e3b.Bookshop-db-deployer#flowable-async-job-executor-thread-112420#
[PollStageAppStatusExecution] 1b9f4783-0339-4c3a-b1e7-2e9151c73fa6 [2026-09-18T11:19:05.914825] Downloading app package... (STDOUT, STG)#
#2026 09 18 11:19:14.681#Z#DEBUG#9d22f57d-b352-11f1-9456-eeee0a8e3e3b.Bookshop-db-deployer#flowable-async-job-executor-thread-112420#
[PollStageAppStatusExecution] 1b9f4783-0339-4c3a-b1e7-2e9151c73fa6 [2026-09-18T11:19:06.167852] Downloaded app package (2.3M) (STDOUT, STG)#
#2026 09 18 11:19:14.681#Z#DEBUG#9d22f57d-b352-11f1-9456-eeee0a8e3e3b.Bookshop-db-deployer#flowable-async-job-executor-thread-112420#
[PollStageAppStatusExecution] 1b9f4783-0339-4c3a-b1e7-2e9151c73fa6 [2026-09-18T11:19:06.233159] -----> Nodejs Buildpack version 1.9.4 (STDOUT, STG)#
#2026 09 18 11:19:14.681#Z#DEBUG#9d22f57d-b352-11f1-9456-eeee0a8e3e3b.Bookshop-db-deployer#flowable-async-job-executor-thread-112420#
[PollStageAppStatusExecution] 1b9f4783-0339-4c3a-b1e7-2e9151c73fa6 [2026-09-18T11:19:06.305116] -----> Bootstrapping python (STDOUT, STG)#
#2026 09 18 11:19:14.681#Z#DEBUG#9d22f57d-b352-11f1-9456-eeee0a8e3e3b.Bookshop-db-deployer#flowable-async-job-executor-thread-112420#
[PollStageAppStatusExecution] 1b9f4783-0339-4c3a-b1e7-2e9151c73fa6 [2026-09-18T11:19:06.305130] -----> Installing python 3.13.15 (STDOUT, STG)#
#2026 09 18 11:19:14.681#Z#DEBUG#9d22f57d-b352-11f1-9456-eeee0a8e3e3b.Bookshop-db-deployer#flowable-async-job-executor-thread-112420#
[PollStageAppStatusExecution] 1b9f4783-0339-4c3a-b1e7-2e9151c73fa6 [2026-09-18T11:19:06.305229] Copy [/tmp/buildpacks/2064510ce434076b/dependencies/6832464ec708e1392d482a6034aa2c94/python_3.13.15_linux_x64_cflinuxfs4_0c9cd9fd.tgz] (STDOUT, STG)#
#2026 09 18 11:19:14.681#Z#DEBUG#9d22f57d-b352-11f1-9456-eeee0a8e3e3b.Bookshop-db-deployer#flowable-async-job-executor-thread-112420#
[PollStageAppStatusExecution] 1b9f4783-0339-4c3a-b1e7-2e9151c73fa6 [2026-09-18T11:19:09.768324] -----> Installing binaries (STDOUT, STG)#
#2026 09 18 11:19:14.681#Z#DEBUG#9d22f57d-b352-11f1-9456-eeee0a8e3e3b.Bookshop-db-deployer#flowable-async-job-executor-thread-112420#
[PollStageAppStatusExecution] 1b9f4783-0339-4c3a-b1e7-2e9151c73fa6 [2026-09-18T11:19:09.768390] engines.node (package.json): ^24 (STDOUT, STG)#
#2026 09 18 11:19:14.681#Z#DEBUG#9d22f57d-b352-11f1-9456-eeee0a8e3e3b.Bookshop-db-deployer#flowable-async-job-executor-thread-112420#
[PollStageAppStatusExecution] 1b9f4783-0339-4c3a-b1e7-2e9151c73fa6 [2026-09-18T11:19:09.768402] engines.npm (package.json): unspecified (use default) (STDOUT, STG)#
#2026 09 18 11:19:14.681#Z#DEBUG#9d22f57d-b352-11f1-9456-eeee0a8e3e3b.Bookshop-db-deployer#flowable-async-job-executor-thread-112420#
[PollStageAppStatusExecution] 1b9f4783-0339-4c3a-b1e7-2e9151c73fa6 [2026-09-18T11:19:09.768506] -----> Installing node 24.19.0 (STDOUT, STG)#
#2026 09 18 11:19:14.681#Z#DEBUG#9d22f57d-b352-11f1-9456-eeee0a8e3e3b.Bookshop-db-deployer#flowable-async-job-executor-thread-112420#
[PollStageAppStatusExecution] 1b9f4783-0339-4c3a-b1e7-2e9151c73fa6 [2026-09-18T11:19:09.768643] Copy [/tmp/buildpacks/2064510ce434076b/dependencies/cf9035c55d85610a9158faa009b7a7b5/node_24.19.0_linux_x64_cflinuxfs4_9ab26efa.tgz] (STDOUT, STG)#
#2026 09 18 11:19:14.681#Z#DEBUG#9d22f57d-b352-11f1-9456-eeee0a8e3e3b.Bookshop-db-deployer#flowable-async-job-executor-thread-112420#
[PollStageAppStatusExecution] 1b9f4783-0339-4c3a-b1e7-2e9151c73fa6 [2026-09-18T11:19:11.758587] Using default npm version: 11.17.0 (STDOUT, STG)#
#2026 09 18 11:19:14.681#Z#DEBUG#9d22f57d-b352-11f1-9456-eeee0a8e3e3b.Bookshop-db-deployer#flowable-async-job-executor-thread-112420#
[PollStageAppStatusExecution] 1b9f4783-0339-4c3a-b1e7-2e9151c73fa6 [2026-09-18T11:19:11.758621] -----> Installing yarn 1.22.22 (STDOUT, STG)#
#2026 09 18 11:19:14.681#Z#DEBUG#9d22f57d-b352-11f1-9456-eeee0a8e3e3b.Bookshop-db-deployer#flowable-async-job-executor-thread-112420#
[PollStageAppStatusExecution] 1b9f4783-0339-4c3a-b1e7-2e9151c73fa6 [2026-09-18T11:19:11.758756] Copy [/tmp/buildpacks/2064510ce434076b/dependencies/e4fe26756e9984a665478d350474fa2e/yarn_1.22.22_linux_noarch_any-stack_b6132b86.tgz] (STDOUT, STG)#
#2026 09 18 11:19:14.681#Z#DEBUG#9d22f57d-b352-11f1-9456-eeee0a8e3e3b.Bookshop-db-deployer#flowable-async-job-executor-thread-112420#
[PollStageAppStatusExecution] 1b9f4783-0339-4c3a-b1e7-2e9151c73fa6 [2026-09-18T11:19:12.045589] Installed yarn 1.22.22 (STDOUT, STG)#
#2026 09 18 11:19:14.681#Z#DEBUG#9d22f57d-b352-11f1-9456-eeee0a8e3e3b.Bookshop-db-deployer#flowable-async-job-executor-thread-112420#
[PollStageAppStatusExecution] 1b9f4783-0339-4c3a-b1e7-2e9151c73fa6 [2026-09-18T11:19:12.045623] -----> Creating runtime environment (STDOUT, STG)#
#2026 09 18 11:19:14.681#Z#DEBUG#9d22f57d-b352-11f1-9456-eeee0a8e3e3b.Bookshop-db-deployer#flowable-async-job-executor-thread-112420#
[PollStageAppStatusExecution] 1b9f4783-0339-4c3a-b1e7-2e9151c73fa6 [2026-09-18T11:19:12.047171] NODE_ENV=production (STDOUT, STG)#
#2026 09 18 11:19:14.681#Z#DEBUG#9d22f57d-b352-11f1-9456-eeee0a8e3e3b.Bookshop-db-deployer#flowable-async-job-executor-thread-112420#
[PollStageAppStatusExecution] 1b9f4783-0339-4c3a-b1e7-2e9151c73fa6 [2026-09-18T11:19:12.047184] NODE_HOME=/tmp/contents1919794388/deps/0/node (STDOUT, STG)#
#2026 09 18 11:19:14.681#Z#DEBUG#9d22f57d-b352-11f1-9456-eeee0a8e3e3b.Bookshop-db-deployer#flowable-async-job-executor-thread-112420#
[PollStageAppStatusExecution] 1b9f4783-0339-4c3a-b1e7-2e9151c73fa6 [2026-09-18T11:19:12.047187] NODE_MODULES_CACHE=true (STDOUT, STG)#
#2026 09 18 11:19:14.681#Z#DEBUG#9d22f57d-b352-11f1-9456-eeee0a8e3e3b.Bookshop-db-deployer#flowable-async-job-executor-thread-112420#
[PollStageAppStatusExecution] 1b9f4783-0339-4c3a-b1e7-2e9151c73fa6 [2026-09-18T11:19:12.047189] NODE_VERBOSE=false (STDOUT, STG)#
#2026 09 18 11:19:14.681#Z#DEBUG#9d22f57d-b352-11f1-9456-eeee0a8e3e3b.Bookshop-db-deployer#flowable-async-job-executor-thread-112420#
[PollStageAppStatusExecution] 1b9f4783-0339-4c3a-b1e7-2e9151c73fa6 [2026-09-18T11:19:12.047191] NPM_CONFIG_LOGLEVEL=error (STDOUT, STG)#
#2026 09 18 11:19:14.681#Z#DEBUG#9d22f57d-b352-11f1-9456-eeee0a8e3e3b.Bookshop-db-deployer#flowable-async-job-executor-thread-112420#
[PollStageAppStatusExecution] 1b9f4783-0339-4c3a-b1e7-2e9151c73fa6 [2026-09-18T11:19:12.047197] NPM_CONFIG_PRODUCTION=true (STDOUT, STG)#
#2026 09 18 11:19:14.681#Z#DEBUG#9d22f57d-b352-11f1-9456-eeee0a8e3e3b.Bookshop-db-deployer#flowable-async-job-executor-thread-112420#
[PollStageAppStatusExecution] 1b9f4783-0339-4c3a-b1e7-2e9151c73fa6 [2026-09-18T11:19:12.047279] -----> Building dependencies (STDOUT, STG)#
#2026 09 18 11:19:14.681#Z#DEBUG#9d22f57d-b352-11f1-9456-eeee0a8e3e3b.Bookshop-db-deployer#flowable-async-job-executor-thread-112420#
[PollStageAppStatusExecution] 1b9f4783-0339-4c3a-b1e7-2e9151c73fa6 [2026-09-18T11:19:12.047297] Prebuild detected (node_modules already exists) (STDOUT, STG)#
#2026 09 18 11:19:14.681#Z#DEBUG#9d22f57d-b352-11f1-9456-eeee0a8e3e3b.Bookshop-db-deployer#flowable-async-job-executor-thread-112420#
[PollStageAppStatusExecution] 1b9f4783-0339-4c3a-b1e7-2e9151c73fa6 [2026-09-18T11:19:12.047313] Rebuilding any native modules (STDOUT, STG)#
#2026 09 18 11:19:14.681#Z#DEBUG#9d22f57d-b352-11f1-9456-eeee0a8e3e3b.Bookshop-db-deployer#flowable-async-job-executor-thread-112420#
[PollStageAppStatusExecution] 1b9f4783-0339-4c3a-b1e7-2e9151c73fa6 [2026-09-18T11:19:12.481233] rebuilt dependencies successfully (STDOUT, STG)#
#2026 09 18 11:19:14.681#Z#DEBUG#9d22f57d-b352-11f1-9456-eeee0a8e3e3b.Bookshop-db-deployer#flowable-async-job-executor-thread-112420#
[PollStageAppStatusExecution] 1b9f4783-0339-4c3a-b1e7-2e9151c73fa6 [2026-09-18T11:19:12.538013] Installing any new modules (package.json + package-lock.json) (STDOUT, STG)#
#2026 09 18 11:19:14.681#Z#DEBUG#9d22f57d-b352-11f1-9456-eeee0a8e3e3b.Bookshop-db-deployer#flowable-async-job-executor-thread-112420#
[PollStageAppStatusExecution] 1b9f4783-0339-4c3a-b1e7-2e9151c73fa6 [2026-09-18T11:19:12.913705] up to date in 310ms (STDOUT, STG)#
#2026 09 18 11:19:14.681#Z#DEBUG#9d22f57d-b352-11f1-9456-eeee0a8e3e3b.Bookshop-db-deployer#flowable-async-job-executor-thread-112420#
[PollStageAppStatusExecution] 1b9f4783-0339-4c3a-b1e7-2e9151c73fa6 [2026-09-18T11:19:12.914160] 4 packages are looking for funding (STDOUT, STG)#
#2026 09 18 11:19:14.681#Z#DEBUG#9d22f57d-b352-11f1-9456-eeee0a8e3e3b.Bookshop-db-deployer#flowable-async-job-executor-thread-112420#
[PollStageAppStatusExecution] 1b9f4783-0339-4c3a-b1e7-2e9151c73fa6 [2026-09-18T11:19:12.914310] run `npm fund` for details (STDOUT, STG)#
#2026 09 18 11:19:14.681#Z#DEBUG#9d22f57d-b352-11f1-9456-eeee0a8e3e3b.Bookshop-db-deployer#flowable-async-job-executor-thread-112420#
[PollStageAppStatusExecution] 1b9f4783-0339-4c3a-b1e7-2e9151c73fa6 [2026-09-18T11:19:13.575821] Contrast Security no credentials found. Will not write environment files. (STDOUT, STG)#
#2026 09 18 11:19:24.764#Z#DEBUG#9d22f57d-b352-11f1-9456-eeee0a8e3e3b.Bookshop-db-deployer#flowable-async-job-executor-thread-112492#
[PollStageAppStatusExecution] 1b9f4783-0339-4c3a-b1e7-2e9151c73fa6 [2026-09-18T11:19:22.144678] Exit status 0 (STDOUT, STG)#
#2026 09 18 11:19:24.764#Z#DEBUG#9d22f57d-b352-11f1-9456-eeee0a8e3e3b.Bookshop-db-deployer#flowable-async-job-executor-thread-112492#
[PollStageAppStatusExecution] 1b9f4783-0339-4c3a-b1e7-2e9151c73fa6 [2026-09-18T11:19:22.144723] Uploading droplet, build artifacts cache... (STDOUT, STG)#
#2026 09 18 11:19:24.764#Z#DEBUG#9d22f57d-b352-11f1-9456-eeee0a8e3e3b.Bookshop-db-deployer#flowable-async-job-executor-thread-112492#
[PollStageAppStatusExecution] 1b9f4783-0339-4c3a-b1e7-2e9151c73fa6 [2026-09-18T11:19:22.144757] Uploading droplet... (STDOUT, STG)#
#2026 09 18 11:19:24.764#Z#DEBUG#9d22f57d-b352-11f1-9456-eeee0a8e3e3b.Bookshop-db-deployer#flowable-async-job-executor-thread-112492#
[PollStageAppStatusExecution] 1b9f4783-0339-4c3a-b1e7-2e9151c73fa6 [2026-09-18T11:19:22.144783] Uploading build artifacts cache... (STDOUT, STG)#
#2026 09 18 11:19:24.764#Z#DEBUG#9d22f57d-b352-11f1-9456-eeee0a8e3e3b.Bookshop-db-deployer#flowable-async-job-executor-thread-112492#
[PollStageAppStatusExecution] 1b9f4783-0339-4c3a-b1e7-2e9151c73fa6 [2026-09-18T11:19:22.172022] Uploaded build artifacts cache (218B) (STDOUT, STG)#
#2026 09 18 11:19:24.764#Z#DEBUG#9d22f57d-b352-11f1-9456-eeee0a8e3e3b.Bookshop-db-deployer#flowable-async-job-executor-thread-112492#
[PollStageAppStatusExecution] 1b9f4783-0339-4c3a-b1e7-2e9151c73fa6 [2026-09-18T11:19:22.907741] Creating droplet for app with guid 1b9f4783-0339-4c3a-b1e7-2e9151c73fa6 (STDOUT, API)#
#2026 09 18 11:19:34.867#Z#DEBUG#9d22f57d-b352-11f1-9456-eeee0a8e3e3b.Bookshop-db-deployer#flowable-async-job-executor-thread-114761#
[PollStageAppStatusExecution] 1b9f4783-0339-4c3a-b1e7-2e9151c73fa6 [2026-09-18T11:19:26.001042] Uploaded droplet (59.4M) (STDOUT, STG)#
#2026 09 18 11:19:34.867#Z#DEBUG#9d22f57d-b352-11f1-9456-eeee0a8e3e3b.Bookshop-db-deployer#flowable-async-job-executor-thread-114761#
[PollStageAppStatusExecution] 1b9f4783-0339-4c3a-b1e7-2e9151c73fa6 [2026-09-18T11:19:26.018010] Uploading complete (STDOUT, STG)#
#2026 09 18 11:19:34.867#Z#DEBUG#9d22f57d-b352-11f1-9456-eeee0a8e3e3b.Bookshop-db-deployer#flowable-async-job-executor-thread-114761#
[PollStageAppStatusExecution] 1b9f4783-0339-4c3a-b1e7-2e9151c73fa6 [2026-09-18T11:19:26.502729] Cell eaedaf32-6522-4df0-bd4d-ef9f1d3403a6 stopping instance 889a48b4-26db-43bf-a6dc-e42c1371f67b (STDOUT, STG)#
#2026 09 18 11:19:34.867#Z#DEBUG#9d22f57d-b352-11f1-9456-eeee0a8e3e3b.Bookshop-db-deployer#flowable-async-job-executor-thread-114761#
[PollStageAppStatusExecution] 1b9f4783-0339-4c3a-b1e7-2e9151c73fa6 [2026-09-18T11:19:26.502758] Cell eaedaf32-6522-4df0-bd4d-ef9f1d3403a6 destroying container for instance 889a48b4-26db-43bf-a6dc-e42c1371f67b (STDOUT, STG)#
#2026 09 18 11:19:34.867#Z#DEBUG#9d22f57d-b352-11f1-9456-eeee0a8e3e3b.Bookshop-db-deployer#flowable-async-job-executor-thread-114761#
[PollStageAppStatusExecution] 1b9f4783-0339-4c3a-b1e7-2e9151c73fa6 [2026-09-18T11:19:26.596891] Staging complete for build 889a48b4-26db-43bf-a6dc-e42c1371f67b (STDOUT, API)#
#2026 09 18 11:19:34.867#Z#DEBUG#9d22f57d-b352-11f1-9456-eeee0a8e3e3b.Bookshop-db-deployer#flowable-async-job-executor-thread-114761#
[PollStageAppStatusExecution] 1b9f4783-0339-4c3a-b1e7-2e9151c73fa6 [2026-09-18T11:19:27.534630] Cell eaedaf32-6522-4df0-bd4d-ef9f1d3403a6 successfully destroyed container for instance 889a48b4-26db-43bf-a6dc-e42c1371f67b (STDOUT, STG)#
#2026 09 18 11:19:45.359#Z#DEBUG#9d22f57d-b352-11f1-9456-eeee0a8e3e3b.Bookshop-db-deployer#flowable-async-job-executor-thread-112534#
[PollExecuteTaskStatusExecution] 1b9f4783-0339-4c3a-b1e7-2e9151c73fa6 [2026-09-18T11:18:18.424467] Added process: "web" (STDOUT, API)#
#2026 09 18 11:19:45.359#Z#DEBUG#9d22f57d-b352-11f1-9456-eeee0a8e3e3b.Bookshop-db-deployer#flowable-async-job-executor-thread-112534#
[PollExecuteTaskStatusExecution] 1b9f4783-0339-4c3a-b1e7-2e9151c73fa6 [2026-09-18T11:18:18.437437] Created app with guid 1b9f4783-0339-4c3a-b1e7-2e9151c73fa6 (STDOUT, API)#
#2026 09 18 11:19:45.359#Z#DEBUG#9d22f57d-b352-11f1-9456-eeee0a8e3e3b.Bookshop-db-deployer#flowable-async-job-executor-thread-112534#
[PollExecuteTaskStatusExecution] 1b9f4783-0339-4c3a-b1e7-2e9151c73fa6 [2026-09-18T11:18:18.573839] Updating process: "web" (STDOUT, API)#
#2026 09 18 11:19:45.359#Z#DEBUG#9d22f57d-b352-11f1-9456-eeee0a8e3e3b.Bookshop-db-deployer#flowable-async-job-executor-thread-112534#
[PollExecuteTaskStatusExecution] 1b9f4783-0339-4c3a-b1e7-2e9151c73fa6 [2026-09-18T11:18:18.659867] Scaling process: "web" (STDOUT, API)#
#2026 09 18 11:19:45.359#Z#DEBUG#9d22f57d-b352-11f1-9456-eeee0a8e3e3b.Bookshop-db-deployer#flowable-async-job-executor-thread-112534#
[PollExecuteTaskStatusExecution] 1b9f4783-0339-4c3a-b1e7-2e9151c73fa6 [2026-09-18T11:18:44.168887] Uploading app package for app with guid 1b9f4783-0339-4c3a-b1e7-2e9151c73fa6 (STDOUT, API)#
#2026 09 18 11:19:45.359#Z#DEBUG#9d22f57d-b352-11f1-9456-eeee0a8e3e3b.Bookshop-db-deployer#flowable-async-job-executor-thread-112534#
[PollExecuteTaskStatusExecution] 1b9f4783-0339-4c3a-b1e7-2e9151c73fa6 [2026-09-18T11:18:44.451226] Updated app with guid 1b9f4783-0339-4c3a-b1e7-2e9151c73fa6 ({"environment_variables"=>"[PRIVATE DATA HIDDEN]"}) (STDOUT, API)#
#2026 09 18 11:19:45.359#Z#DEBUG#9d22f57d-b352-11f1-9456-eeee0a8e3e3b.Bookshop-db-deployer#flowable-async-job-executor-thread-112534#
[PollExecuteTaskStatusExecution] 1b9f4783-0339-4c3a-b1e7-2e9151c73fa6 [2026-09-18T11:19:04.375757] Creating build for app with guid 1b9f4783-0339-4c3a-b1e7-2e9151c73fa6 (STDOUT, API)#
#2026 09 18 11:19:45.359#Z#DEBUG#9d22f57d-b352-11f1-9456-eeee0a8e3e3b.Bookshop-db-deployer#flowable-async-job-executor-thread-112534#
[PollExecuteTaskStatusExecution] 1b9f4783-0339-4c3a-b1e7-2e9151c73fa6 [2026-09-18T11:19:04.808297] Downloading nodejs_buildpack... (STDOUT, STG)#
#2026 09 18 11:19:45.359#Z#DEBUG#9d22f57d-b352-11f1-9456-eeee0a8e3e3b.Bookshop-db-deployer#flowable-async-job-executor-thread-112534#
[PollExecuteTaskStatusExecution] 1b9f4783-0339-4c3a-b1e7-2e9151c73fa6 [2026-09-18T11:19:04.843960] Downloaded nodejs_buildpack (STDOUT, STG)#
#2026 09 18 11:19:45.359#Z#DEBUG#9d22f57d-b352-11f1-9456-eeee0a8e3e3b.Bookshop-db-deployer#flowable-async-job-executor-thread-112534#
[PollExecuteTaskStatusExecution] 1b9f4783-0339-4c3a-b1e7-2e9151c73fa6 [2026-09-18T11:19:04.844026] Cell eaedaf32-6522-4df0-bd4d-ef9f1d3403a6 creating container for instance 889a48b4-26db-43bf-a6dc-e42c1371f67b (STDOUT, STG)#
#2026 09 18 11:19:45.359#Z#DEBUG#9d22f57d-b352-11f1-9456-eeee0a8e3e3b.Bookshop-db-deployer#flowable-async-job-executor-thread-112534#
[PollExecuteTaskStatusExecution] 1b9f4783-0339-4c3a-b1e7-2e9151c73fa6 [2026-09-18T11:19:05.165085] Security group rules were updated (STDOUT, STG)#
#2026 09 18 11:19:45.359#Z#DEBUG#9d22f57d-b352-11f1-9456-eeee0a8e3e3b.Bookshop-db-deployer#flowable-async-job-executor-thread-112534#
[PollExecuteTaskStatusExecution] 1b9f4783-0339-4c3a-b1e7-2e9151c73fa6 [2026-09-18T11:19:05.186302] Cell eaedaf32-6522-4df0-bd4d-ef9f1d3403a6 successfully created container for instance 889a48b4-26db-43bf-a6dc-e42c1371f67b (STDOUT, STG)#
#2026 09 18 11:19:45.359#Z#DEBUG#9d22f57d-b352-11f1-9456-eeee0a8e3e3b.Bookshop-db-deployer#flowable-async-job-executor-thread-112534#
[PollExecuteTaskStatusExecution] 1b9f4783-0339-4c3a-b1e7-2e9151c73fa6 [2026-09-18T11:19:05.914825] Downloading app package... (STDOUT, STG)#
#2026 09 18 11:19:45.359#Z#DEBUG#9d22f57d-b352-11f1-9456-eeee0a8e3e3b.Bookshop-db-deployer#flowable-async-job-executor-thread-112534#
[PollExecuteTaskStatusExecution] 1b9f4783-0339-4c3a-b1e7-2e9151c73fa6 [2026-09-18T11:19:06.167852] Downloaded app package (2.3M) (STDOUT, STG)#
#2026 09 18 11:19:45.359#Z#DEBUG#9d22f57d-b352-11f1-9456-eeee0a8e3e3b.Bookshop-db-deployer#flowable-async-job-executor-thread-112534#
[PollExecuteTaskStatusExecution] 1b9f4783-0339-4c3a-b1e7-2e9151c73fa6 [2026-09-18T11:19:06.233159] -----> Nodejs Buildpack version 1.9.4 (STDOUT, STG)#
#2026 09 18 11:19:45.359#Z#DEBUG#9d22f57d-b352-11f1-9456-eeee0a8e3e3b.Bookshop-db-deployer#flowable-async-job-executor-thread-112534#
[PollExecuteTaskStatusExecution] 1b9f4783-0339-4c3a-b1e7-2e9151c73fa6 [2026-09-18T11:19:06.305116] -----> Bootstrapping python (STDOUT, STG)#
#2026 09 18 11:19:45.359#Z#DEBUG#9d22f57d-b352-11f1-9456-eeee0a8e3e3b.Bookshop-db-deployer#flowable-async-job-executor-thread-112534#
[PollExecuteTaskStatusExecution] 1b9f4783-0339-4c3a-b1e7-2e9151c73fa6 [2026-09-18T11:19:06.305130] -----> Installing python 3.13.15 (STDOUT, STG)#
#2026 09 18 11:19:45.359#Z#DEBUG#9d22f57d-b352-11f1-9456-eeee0a8e3e3b.Bookshop-db-deployer#flowable-async-job-executor-thread-112534#
[PollExecuteTaskStatusExecution] 1b9f4783-0339-4c3a-b1e7-2e9151c73fa6 [2026-09-18T11:19:06.305229] Copy [/tmp/buildpacks/2064510ce434076b/dependencies/6832464ec708e1392d482a6034aa2c94/python_3.13.15_linux_x64_cflinuxfs4_0c9cd9fd.tgz] (STDOUT, STG)#
#2026 09 18 11:19:45.359#Z#DEBUG#9d22f57d-b352-11f1-9456-eeee0a8e3e3b.Bookshop-db-deployer#flowable-async-job-executor-thread-112534#
[PollExecuteTaskStatusExecution] 1b9f4783-0339-4c3a-b1e7-2e9151c73fa6 [2026-09-18T11:19:09.768324] -----> Installing binaries (STDOUT, STG)#
#2026 09 18 11:19:45.359#Z#DEBUG#9d22f57d-b352-11f1-9456-eeee0a8e3e3b.Bookshop-db-deployer#flowable-async-job-executor-thread-112534#
[PollExecuteTaskStatusExecution] 1b9f4783-0339-4c3a-b1e7-2e9151c73fa6 [2026-09-18T11:19:09.768390] engines.node (package.json): ^24 (STDOUT, STG)#
#2026 09 18 11:19:45.359#Z#DEBUG#9d22f57d-b352-11f1-9456-eeee0a8e3e3b.Bookshop-db-deployer#flowable-async-job-executor-thread-112534#
[PollExecuteTaskStatusExecution] 1b9f4783-0339-4c3a-b1e7-2e9151c73fa6 [2026-09-18T11:19:09.768402] engines.npm (package.json): unspecified (use default) (STDOUT, STG)#
#2026 09 18 11:19:45.359#Z#DEBUG#9d22f57d-b352-11f1-9456-eeee0a8e3e3b.Bookshop-db-deployer#flowable-async-job-executor-thread-112534#
[PollExecuteTaskStatusExecution] 1b9f4783-0339-4c3a-b1e7-2e9151c73fa6 [2026-09-18T11:19:09.768506] -----> Installing node 24.19.0 (STDOUT, STG)#
#2026 09 18 11:19:45.359#Z#DEBUG#9d22f57d-b352-11f1-9456-eeee0a8e3e3b.Bookshop-db-deployer#flowable-async-job-executor-thread-112534#
[PollExecuteTaskStatusExecution] 1b9f4783-0339-4c3a-b1e7-2e9151c73fa6 [2026-09-18T11:19:09.768643] Copy [/tmp/buildpacks/2064510ce434076b/dependencies/cf9035c55d85610a9158faa009b7a7b5/node_24.19.0_linux_x64_cflinuxfs4_9ab26efa.tgz] (STDOUT, STG)#
#2026 09 18 11:19:45.359#Z#DEBUG#9d22f57d-b352-11f1-9456-eeee0a8e3e3b.Bookshop-db-deployer#flowable-async-job-executor-thread-112534#
[PollExecuteTaskStatusExecution] 1b9f4783-0339-4c3a-b1e7-2e9151c73fa6 [2026-09-18T11:19:11.758587] Using default npm version: 11.17.0 (STDOUT, STG)#
#2026 09 18 11:19:45.359#Z#DEBUG#9d22f57d-b352-11f1-9456-eeee0a8e3e3b.Bookshop-db-deployer#flowable-async-job-executor-thread-112534#
[PollExecuteTaskStatusExecution] 1b9f4783-0339-4c3a-b1e7-2e9151c73fa6 [2026-09-18T11:19:11.758621] -----> Installing yarn 1.22.22 (STDOUT, STG)#
#2026 09 18 11:19:45.359#Z#DEBUG#9d22f57d-b352-11f1-9456-eeee0a8e3e3b.Bookshop-db-deployer#flowable-async-job-executor-thread-112534#
[PollExecuteTaskStatusExecution] 1b9f4783-0339-4c3a-b1e7-2e9151c73fa6 [2026-09-18T11:19:11.758756] Copy [/tmp/buildpacks/2064510ce434076b/dependencies/e4fe26756e9984a665478d350474fa2e/yarn_1.22.22_linux_noarch_any-stack_b6132b86.tgz] (STDOUT, STG)#
#2026 09 18 11:19:45.359#Z#DEBUG#9d22f57d-b352-11f1-9456-eeee0a8e3e3b.Bookshop-db-deployer#flowable-async-job-executor-thread-112534#
[PollExecuteTaskStatusExecution] 1b9f4783-0339-4c3a-b1e7-2e9151c73fa6 [2026-09-18T11:19:12.045589] Installed yarn 1.22.22 (STDOUT, STG)#
#2026 09 18 11:19:45.359#Z#DEBUG#9d22f57d-b352-11f1-9456-eeee0a8e3e3b.Bookshop-db-deployer#flowable-async-job-executor-thread-112534#
[PollExecuteTaskStatusExecution] 1b9f4783-0339-4c3a-b1e7-2e9151c73fa6 [2026-09-18T11:19:12.045623] -----> Creating runtime environment (STDOUT, STG)#
#2026 09 18 11:19:45.359#Z#DEBUG#9d22f57d-b352-11f1-9456-eeee0a8e3e3b.Bookshop-db-deployer#flowable-async-job-executor-thread-112534#
[PollExecuteTaskStatusExecution] 1b9f4783-0339-4c3a-b1e7-2e9151c73fa6 [2026-09-18T11:19:12.047171] NODE_ENV=production (STDOUT, STG)#
#2026 09 18 11:19:45.359#Z#DEBUG#9d22f57d-b352-11f1-9456-eeee0a8e3e3b.Bookshop-db-deployer#flowable-async-job-executor-thread-112534#
[PollExecuteTaskStatusExecution] 1b9f4783-0339-4c3a-b1e7-2e9151c73fa6 [2026-09-18T11:19:12.047184] NODE_HOME=/tmp/contents1919794388/deps/0/node (STDOUT, STG)#
#2026 09 18 11:19:45.359#Z#DEBUG#9d22f57d-b352-11f1-9456-eeee0a8e3e3b.Bookshop-db-deployer#flowable-async-job-executor-thread-112534#
[PollExecuteTaskStatusExecution] 1b9f4783-0339-4c3a-b1e7-2e9151c73fa6 [2026-09-18T11:19:12.047187] NODE_MODULES_CACHE=true (STDOUT, STG)#
#2026 09 18 11:19:45.359#Z#DEBUG#9d22f57d-b352-11f1-9456-eeee0a8e3e3b.Bookshop-db-deployer#flowable-async-job-executor-thread-112534#
[PollExecuteTaskStatusExecution] 1b9f4783-0339-4c3a-b1e7-2e9151c73fa6 [2026-09-18T11:19:12.047189] NODE_VERBOSE=false (STDOUT, STG)#
#2026 09 18 11:19:45.359#Z#DEBUG#9d22f57d-b352-11f1-9456-eeee0a8e3e3b.Bookshop-db-deployer#flowable-async-job-executor-thread-112534#
[PollExecuteTaskStatusExecution] 1b9f4783-0339-4c3a-b1e7-2e9151c73fa6 [2026-09-18T11:19:12.047191] NPM_CONFIG_LOGLEVEL=error (STDOUT, STG)#
#2026 09 18 11:19:45.359#Z#DEBUG#9d22f57d-b352-11f1-9456-eeee0a8e3e3b.Bookshop-db-deployer#flowable-async-job-executor-thread-112534#
[PollExecuteTaskStatusExecution] 1b9f4783-0339-4c3a-b1e7-2e9151c73fa6 [2026-09-18T11:19:12.047197] NPM_CONFIG_PRODUCTION=true (STDOUT, STG)#
#2026 09 18 11:19:45.359#Z#DEBUG#9d22f57d-b352-11f1-9456-eeee0a8e3e3b.Bookshop-db-deployer#flowable-async-job-executor-thread-112534#
[PollExecuteTaskStatusExecution] 1b9f4783-0339-4c3a-b1e7-2e9151c73fa6 [2026-09-18T11:19:12.047279] -----> Building dependencies (STDOUT, STG)#
#2026 09 18 11:19:45.359#Z#DEBUG#9d22f57d-b352-11f1-9456-eeee0a8e3e3b.Bookshop-db-deployer#flowable-async-job-executor-thread-112534#
[PollExecuteTaskStatusExecution] 1b9f4783-0339-4c3a-b1e7-2e9151c73fa6 [2026-09-18T11:19:12.047297] Prebuild detected (node_modules already exists) (STDOUT, STG)#
#2026 09 18 11:19:45.359#Z#DEBUG#9d22f57d-b352-11f1-9456-eeee0a8e3e3b.Bookshop-db-deployer#flowable-async-job-executor-thread-112534#
[PollExecuteTaskStatusExecution] 1b9f4783-0339-4c3a-b1e7-2e9151c73fa6 [2026-09-18T11:19:12.047313] Rebuilding any native modules (STDOUT, STG)#
#2026 09 18 11:19:45.359#Z#DEBUG#9d22f57d-b352-11f1-9456-eeee0a8e3e3b.Bookshop-db-deployer#flowable-async-job-executor-thread-112534#
[PollExecuteTaskStatusExecution] 1b9f4783-0339-4c3a-b1e7-2e9151c73fa6 [2026-09-18T11:19:12.481233] rebuilt dependencies successfully (STDOUT, STG)#
#2026 09 18 11:19:45.359#Z#DEBUG#9d22f57d-b352-11f1-9456-eeee0a8e3e3b.Bookshop-db-deployer#flowable-async-job-executor-thread-112534#
[PollExecuteTaskStatusExecution] 1b9f4783-0339-4c3a-b1e7-2e9151c73fa6 [2026-09-18T11:19:12.538013] Installing any new modules (package.json + package-lock.json) (STDOUT, STG)#
#2026 09 18 11:19:45.359#Z#DEBUG#9d22f57d-b352-11f1-9456-eeee0a8e3e3b.Bookshop-db-deployer#flowable-async-job-executor-thread-112534#
[PollExecuteTaskStatusExecution] 1b9f4783-0339-4c3a-b1e7-2e9151c73fa6 [2026-09-18T11:19:12.913705] up to date in 310ms (STDOUT, STG)#
#2026 09 18 11:19:45.359#Z#DEBUG#9d22f57d-b352-11f1-9456-eeee0a8e3e3b.Bookshop-db-deployer#flowable-async-job-executor-thread-112534#
[PollExecuteTaskStatusExecution] 1b9f4783-0339-4c3a-b1e7-2e9151c73fa6 [2026-09-18T11:19:12.914160] 4 packages are looking for funding (STDOUT, STG)#
#2026 09 18 11:19:45.359#Z#DEBUG#9d22f57d-b352-11f1-9456-eeee0a8e3e3b.Bookshop-db-deployer#flowable-async-job-executor-thread-112534#
[PollExecuteTaskStatusExecution] 1b9f4783-0339-4c3a-b1e7-2e9151c73fa6 [2026-09-18T11:19:12.914310] run `npm fund` for details (STDOUT, STG)#
#2026 09 18 11:19:45.359#Z#DEBUG#9d22f57d-b352-11f1-9456-eeee0a8e3e3b.Bookshop-db-deployer#flowable-async-job-executor-thread-112534#
[PollExecuteTaskStatusExecution] 1b9f4783-0339-4c3a-b1e7-2e9151c73fa6 [2026-09-18T11:19:13.575821] Contrast Security no credentials found. Will not write environment files. (STDOUT, STG)#
#2026 09 18 11:19:45.359#Z#DEBUG#9d22f57d-b352-11f1-9456-eeee0a8e3e3b.Bookshop-db-deployer#flowable-async-job-executor-thread-112534#
[PollExecuteTaskStatusExecution] 1b9f4783-0339-4c3a-b1e7-2e9151c73fa6 [2026-09-18T11:19:22.144678] Exit status 0 (STDOUT, STG)#
#2026 09 18 11:19:45.359#Z#DEBUG#9d22f57d-b352-11f1-9456-eeee0a8e3e3b.Bookshop-db-deployer#flowable-async-job-executor-thread-112534#
[PollExecuteTaskStatusExecution] 1b9f4783-0339-4c3a-b1e7-2e9151c73fa6 [2026-09-18T11:19:22.144723] Uploading droplet, build artifacts cache... (STDOUT, STG)#
#2026 09 18 11:19:45.359#Z#DEBUG#9d22f57d-b352-11f1-9456-eeee0a8e3e3b.Bookshop-db-deployer#flowable-async-job-executor-thread-112534#
[PollExecuteTaskStatusExecution] 1b9f4783-0339-4c3a-b1e7-2e9151c73fa6 [2026-09-18T11:19:22.144757] Uploading droplet... (STDOUT, STG)#
#2026 09 18 11:19:45.359#Z#DEBUG#9d22f57d-b352-11f1-9456-eeee0a8e3e3b.Bookshop-db-deployer#flowable-async-job-executor-thread-112534#
[PollExecuteTaskStatusExecution] 1b9f4783-0339-4c3a-b1e7-2e9151c73fa6 [2026-09-18T11:19:22.144783] Uploading build artifacts cache... (STDOUT, STG)#
#2026 09 18 11:19:45.359#Z#DEBUG#9d22f57d-b352-11f1-9456-eeee0a8e3e3b.Bookshop-db-deployer#flowable-async-job-executor-thread-112534#
[PollExecuteTaskStatusExecution] 1b9f4783-0339-4c3a-b1e7-2e9151c73fa6 [2026-09-18T11:19:22.172022] Uploaded build artifacts cache (218B) (STDOUT, STG)#
#2026 09 18 11:19:45.359#Z#DEBUG#9d22f57d-b352-11f1-9456-eeee0a8e3e3b.Bookshop-db-deployer#flowable-async-job-executor-thread-112534#
[PollExecuteTaskStatusExecution] 1b9f4783-0339-4c3a-b1e7-2e9151c73fa6 [2026-09-18T11:19:22.907741] Creating droplet for app with guid 1b9f4783-0339-4c3a-b1e7-2e9151c73fa6 (STDOUT, API)#
#2026 09 18 11:19:45.359#Z#DEBUG#9d22f57d-b352-11f1-9456-eeee0a8e3e3b.Bookshop-db-deployer#flowable-async-job-executor-thread-112534#
[PollExecuteTaskStatusExecution] 1b9f4783-0339-4c3a-b1e7-2e9151c73fa6 [2026-09-18T11:19:26.001042] Uploaded droplet (59.4M) (STDOUT, STG)#
#2026 09 18 11:19:45.359#Z#DEBUG#9d22f57d-b352-11f1-9456-eeee0a8e3e3b.Bookshop-db-deployer#flowable-async-job-executor-thread-112534#
[PollExecuteTaskStatusExecution] 1b9f4783-0339-4c3a-b1e7-2e9151c73fa6 [2026-09-18T11:19:26.018010] Uploading complete (STDOUT, STG)#
#2026 09 18 11:19:45.359#Z#DEBUG#9d22f57d-b352-11f1-9456-eeee0a8e3e3b.Bookshop-db-deployer#flowable-async-job-executor-thread-112534#
[PollExecuteTaskStatusExecution] 1b9f4783-0339-4c3a-b1e7-2e9151c73fa6 [2026-09-18T11:19:26.502729] Cell eaedaf32-6522-4df0-bd4d-ef9f1d3403a6 stopping instance 889a48b4-26db-43bf-a6dc-e42c1371f67b (STDOUT, STG)#
#2026 09 18 11:19:45.359#Z#DEBUG#9d22f57d-b352-11f1-9456-eeee0a8e3e3b.Bookshop-db-deployer#flowable-async-job-executor-thread-112534#
[PollExecuteTaskStatusExecution] 1b9f4783-0339-4c3a-b1e7-2e9151c73fa6 [2026-09-18T11:19:26.502758] Cell eaedaf32-6522-4df0-bd4d-ef9f1d3403a6 destroying container for instance 889a48b4-26db-43bf-a6dc-e42c1371f67b (STDOUT, STG)#
#2026 09 18 11:19:45.359#Z#DEBUG#9d22f57d-b352-11f1-9456-eeee0a8e3e3b.Bookshop-db-deployer#flowable-async-job-executor-thread-112534#
[PollExecuteTaskStatusExecution] 1b9f4783-0339-4c3a-b1e7-2e9151c73fa6 [2026-09-18T11:19:26.596891] Staging complete for build 889a48b4-26db-43bf-a6dc-e42c1371f67b (STDOUT, API)#
#2026 09 18 11:19:45.359#Z#DEBUG#9d22f57d-b352-11f1-9456-eeee0a8e3e3b.Bookshop-db-deployer#flowable-async-job-executor-thread-112534#
[PollExecuteTaskStatusExecution] 1b9f4783-0339-4c3a-b1e7-2e9151c73fa6 [2026-09-18T11:19:27.534630] Cell eaedaf32-6522-4df0-bd4d-ef9f1d3403a6 successfully destroyed container for instance 889a48b4-26db-43bf-a6dc-e42c1371f67b (STDOUT, STG)#
#2026 09 18 11:19:45.359#Z#DEBUG#9d22f57d-b352-11f1-9456-eeee0a8e3e3b.Bookshop-db-deployer#flowable-async-job-executor-thread-112534#
[PollExecuteTaskStatusExecution] 1b9f4783-0339-4c3a-b1e7-2e9151c73fa6 [2026-09-18T11:19:34.970375] Updated app with guid 1b9f4783-0339-4c3a-b1e7-2e9151c73fa6 ({:droplet_guid=>"92c2002e-e681-4934-ab4b-815d8158ca60"}) (STDOUT, API)#
#2026 09 18 11:19:45.359#Z#DEBUG#9d22f57d-b352-11f1-9456-eeee0a8e3e3b.Bookshop-db-deployer#flowable-async-job-executor-thread-112534#
[PollExecuteTaskStatusExecution] 1b9f4783-0339-4c3a-b1e7-2e9151c73fa6 [2026-09-18T11:19:35.611044] Cell 77754d08-358d-4177-814d-549cf90f338a creating container for instance cc523ce8-564f-484e-b25c-fdb6d8fb057d (STDOUT, CELL)#
#2026 09 18 11:19:45.359#Z#DEBUG#9d22f57d-b352-11f1-9456-eeee0a8e3e3b.Bookshop-db-deployer#flowable-async-job-executor-thread-112534#
[PollExecuteTaskStatusExecution] 1b9f4783-0339-4c3a-b1e7-2e9151c73fa6 [2026-09-18T11:19:35.944434] Security group rules were updated (STDOUT, CELL)#
#2026 09 18 11:19:45.359#Z#DEBUG#9d22f57d-b352-11f1-9456-eeee0a8e3e3b.Bookshop-db-deployer#flowable-async-job-executor-thread-112534#
[PollExecuteTaskStatusExecution] 1b9f4783-0339-4c3a-b1e7-2e9151c73fa6 [2026-09-18T11:19:35.963210] Cell 77754d08-358d-4177-814d-549cf90f338a successfully created container for instance cc523ce8-564f-484e-b25c-fdb6d8fb057d (STDOUT, CELL)#
#2026 09 18 11:19:45.359#Z#DEBUG#9d22f57d-b352-11f1-9456-eeee0a8e3e3b.Bookshop-db-deployer#flowable-async-job-executor-thread-112534#
[PollExecuteTaskStatusExecution] 1b9f4783-0339-4c3a-b1e7-2e9151c73fa6 [2026-09-18T11:19:40.150333] Invoking pre-start scripts. (STDOUT, APP/TASK/deploy)#
#2026 09 18 11:19:45.359#Z#DEBUG#9d22f57d-b352-11f1-9456-eeee0a8e3e3b.Bookshop-db-deployer#flowable-async-job-executor-thread-112534#
[PollExecuteTaskStatusExecution] 1b9f4783-0339-4c3a-b1e7-2e9151c73fa6 [2026-09-18T11:19:40.311288] Invoking start command. (STDOUT, APP/TASK/deploy)#
#2026 09 18 11:19:45.359#Z#DEBUG#9d22f57d-b352-11f1-9456-eeee0a8e3e3b.Bookshop-db-deployer#flowable-async-job-executor-thread-112534#
[PollExecuteTaskStatusExecution] 1b9f4783-0339-4c3a-b1e7-2e9151c73fa6 [2026-09-18T11:19:40.654437] > start (STDOUT, APP/TASK/deploy)#
#2026 09 18 11:19:45.359#Z#DEBUG#9d22f57d-b352-11f1-9456-eeee0a8e3e3b.Bookshop-db-deployer#flowable-async-job-executor-thread-112534#
[PollExecuteTaskStatusExecution] 1b9f4783-0339-4c3a-b1e7-2e9151c73fa6 [2026-09-18T11:19:40.654455] > node node_modules/@sap/hdi-deploy/deploy.js --use-hdb --parameter com.sap.hana.di.table/try_fast_table_migration=true (STDOUT, APP/TASK/deploy)#
#2026 09 18 11:19:45.359#Z#DEBUG#9d22f57d-b352-11f1-9456-eeee0a8e3e3b.Bookshop-db-deployer#flowable-async-job-executor-thread-112534#
[PollExecuteTaskStatusExecution] 1b9f4783-0339-4c3a-b1e7-2e9151c73fa6 [2026-09-18T11:19:40.772456] VCAP_SERVICES: (STDOUT, APP/TASK/deploy)#
#2026 09 18 11:19:45.359#Z#DEBUG#9d22f57d-b352-11f1-9456-eeee0a8e3e3b.Bookshop-db-deployer#flowable-async-job-executor-thread-112534#
[PollExecuteTaskStatusExecution] 1b9f4783-0339-4c3a-b1e7-2e9151c73fa6 [2026-09-18T11:19:40.772995] { (STDOUT, APP/TASK/deploy)#
#2026 09 18 11:19:45.359#Z#DEBUG#9d22f57d-b352-11f1-9456-eeee0a8e3e3b.Bookshop-db-deployer#flowable-async-job-executor-thread-112534#
[PollExecuteTaskStatusExecution] 1b9f4783-0339-4c3a-b1e7-2e9151c73fa6 [2026-09-18T11:19:40.773008] "hana": [ (STDOUT, APP/TASK/deploy)#
#2026 09 18 11:19:45.359#Z#DEBUG#9d22f57d-b352-11f1-9456-eeee0a8e3e3b.Bookshop-db-deployer#flowable-async-job-executor-thread-112534#
[PollExecuteTaskStatusExecution] 1b9f4783-0339-4c3a-b1e7-2e9151c73fa6 [2026-09-18T11:19:40.773010] { (STDOUT, APP/TASK/deploy)#
#2026 09 18 11:19:45.359#Z#DEBUG#9d22f57d-b352-11f1-9456-eeee0a8e3e3b.Bookshop-db-deployer#flowable-async-job-executor-thread-112534#
[PollExecuteTaskStatusExecution] 1b9f4783-0339-4c3a-b1e7-2e9151c73fa6 [2026-09-18T11:19:40.773013] "name": "Bookshop-db", (STDOUT, APP/TASK/deploy)#
#2026 09 18 11:19:45.359#Z#DEBUG#9d22f57d-b352-11f1-9456-eeee0a8e3e3b.Bookshop-db-deployer#flowable-async-job-executor-thread-112534#
[PollExecuteTaskStatusExecution] 1b9f4783-0339-4c3a-b1e7-2e9151c73fa6 [2026-09-18T11:19:40.773022] "label": "hana", (STDOUT, APP/TASK/deploy)#
#2026 09 18 11:19:45.359#Z#DEBUG#9d22f57d-b352-11f1-9456-eeee0a8e3e3b.Bookshop-db-deployer#flowable-async-job-executor-thread-112534#
[PollExecuteTaskStatusExecution] 1b9f4783-0339-4c3a-b1e7-2e9151c73fa6 [2026-09-18T11:19:40.773024] "plan": "hdi-shared", (STDOUT, APP/TASK/deploy)#
#2026 09 18 11:19:45.359#Z#DEBUG#9d22f57d-b352-11f1-9456-eeee0a8e3e3b.Bookshop-db-deployer#flowable-async-job-executor-thread-112534#
[PollExecuteTaskStatusExecution] 1b9f4783-0339-4c3a-b1e7-2e9151c73fa6 [2026-09-18T11:19:40.773025] "credentials": { (STDOUT, APP/TASK/deploy)#
#2026 09 18 11:19:45.359#Z#DEBUG#9d22f57d-b352-11f1-9456-eeee0a8e3e3b.Bookshop-db-deployer#flowable-async-job-executor-thread-112534#
[PollExecuteTaskStatusExecution] 1b9f4783-0339-4c3a-b1e7-2e9151c73fa6 [2026-09-18T11:19:40.773028] "schema": "5C84014165A34038B8D34E50D6B56F69", (STDOUT, APP/TASK/deploy)#
#2026 09 18 11:19:45.359#Z#DEBUG#9d22f57d-b352-11f1-9456-eeee0a8e3e3b.Bookshop-db-deployer#flowable-async-job-executor-thread-112534#
[PollExecuteTaskStatusExecution] 1b9f4783-0339-4c3a-b1e7-2e9151c73fa6 [2026-09-18T11:19:40.773032] "database_id": "3a7ef18c-a942-4a3a-9774-6e749eef5f6c", (STDOUT, APP/TASK/deploy)#
#2026 09 18 11:19:45.359#Z#DEBUG#9d22f57d-b352-11f1-9456-eeee0a8e3e3b.Bookshop-db-deployer#flowable-async-job-executor-thread-112534#
[PollExecuteTaskStatusExecution] 1b9f4783-0339-4c3a-b1e7-2e9151c73fa6 [2026-09-18T11:19:40.773034] "user": "5C84014165A34038B8D34E50D6B56F69_C52AN2XX4ANHCCCLAN3J7P6H5_RT", (STDOUT, APP/TASK/deploy)#
#2026 09 18 11:19:45.359#Z#DEBUG#9d22f57d-b352-11f1-9456-eeee0a8e3e3b.Bookshop-db-deployer#flowable-async-job-executor-thread-112534#
[PollExecuteTaskStatusExecution] 1b9f4783-0339-4c3a-b1e7-2e9151c73fa6 [2026-09-18T11:19:40.773037] "hdi_user": "5C84014165A34038B8D34E50D6B56F69_C52AN2XX4ANHCCCLAN3J7P6H5_DT" (STDOUT, APP/TASK/deploy)#
#2026 09 18 11:19:45.359#Z#DEBUG#9d22f57d-b352-11f1-9456-eeee0a8e3e3b.Bookshop-db-deployer#flowable-async-job-executor-thread-112534#
[PollExecuteTaskStatusExecution] 1b9f4783-0339-4c3a-b1e7-2e9151c73fa6 [2026-09-18T11:19:40.773038] }, (STDOUT, APP/TASK/deploy)#
#2026 09 18 11:19:45.359#Z#DEBUG#9d22f57d-b352-11f1-9456-eeee0a8e3e3b.Bookshop-db-deployer#flowable-async-job-executor-thread-112534#
[PollExecuteTaskStatusExecution] 1b9f4783-0339-4c3a-b1e7-2e9151c73fa6 [2026-09-18T11:19:40.773040] "tags": [ (STDOUT, APP/TASK/deploy)#
#2026 09 18 11:19:45.359#Z#DEBUG#9d22f57d-b352-11f1-9456-eeee0a8e3e3b.Bookshop-db-deployer#flowable-async-job-executor-thread-112534#
[PollExecuteTaskStatusExecution] 1b9f4783-0339-4c3a-b1e7-2e9151c73fa6 [2026-09-18T11:19:40.773042] "hana", (STDOUT, APP/TASK/deploy)#
#2026 09 18 11:19:45.359#Z#DEBUG#9d22f57d-b352-11f1-9456-eeee0a8e3e3b.Bookshop-db-deployer#flowable-async-job-executor-thread-112534#
[PollExecuteTaskStatusExecution] 1b9f4783-0339-4c3a-b1e7-2e9151c73fa6 [2026-09-18T11:19:40.773043] "database", (STDOUT, APP/TASK/deploy)#
#2026 09 18 11:19:45.359#Z#DEBUG#9d22f57d-b352-11f1-9456-eeee0a8e3e3b.Bookshop-db-deployer#flowable-async-job-executor-thread-112534#
[PollExecuteTaskStatusExecution] 1b9f4783-0339-4c3a-b1e7-2e9151c73fa6 [2026-09-18T11:19:40.773045] "relational" (STDOUT, APP/TASK/deploy)#
#2026 09 18 11:19:45.359#Z#DEBUG#9d22f57d-b352-11f1-9456-eeee0a8e3e3b.Bookshop-db-deployer#flowable-async-job-executor-thread-112534#
[PollExecuteTaskStatusExecution] 1b9f4783-0339-4c3a-b1e7-2e9151c73fa6 [2026-09-18T11:19:40.773046] ] (STDOUT, APP/TASK/deploy)#
#2026 09 18 11:19:45.359#Z#DEBUG#9d22f57d-b352-11f1-9456-eeee0a8e3e3b.Bookshop-db-deployer#flowable-async-job-executor-thread-112534#
[PollExecuteTaskStatusExecution] 1b9f4783-0339-4c3a-b1e7-2e9151c73fa6 [2026-09-18T11:19:40.773048] } (STDOUT, APP/TASK/deploy)#
#2026 09 18 11:19:45.359#Z#DEBUG#9d22f57d-b352-11f1-9456-eeee0a8e3e3b.Bookshop-db-deployer#flowable-async-job-executor-thread-112534#
[PollExecuteTaskStatusExecution] 1b9f4783-0339-4c3a-b1e7-2e9151c73fa6 [2026-09-18T11:19:40.773050] ] (STDOUT, APP/TASK/deploy)#
#2026 09 18 11:19:45.359#Z#DEBUG#9d22f57d-b352-11f1-9456-eeee0a8e3e3b.Bookshop-db-deployer#flowable-async-job-executor-thread-112534#
[PollExecuteTaskStatusExecution] 1b9f4783-0339-4c3a-b1e7-2e9151c73fa6 [2026-09-18T11:19:40.773052] } (STDOUT, APP/TASK/deploy)#
#2026 09 18 11:19:45.359#Z#DEBUG#9d22f57d-b352-11f1-9456-eeee0a8e3e3b.Bookshop-db-deployer#flowable-async-job-executor-thread-112534#
[PollExecuteTaskStatusExecution] 1b9f4783-0339-4c3a-b1e7-2e9151c73fa6 [2026-09-18T11:19:41.035763] @sap/hdi-deploy, version 5.7.0 (mode default), server version 4.00.000.00.1788250082 (4.0.0.0), cloud version 2026.14.18, node version 24.19.0, HDI version 1016, container API version 1007 (STDOUT, APP/TASK/deploy)#
#2026 09 18 11:19:45.359#Z#DEBUG#9d22f57d-b352-11f1-9456-eeee0a8e3e3b.Bookshop-db-deployer#flowable-async-job-executor-thread-112534#
[PollExecuteTaskStatusExecution] 1b9f4783-0339-4c3a-b1e7-2e9151c73fa6 [2026-09-18T11:19:41.035822] Deployment started at 2026-09-18 11:19:41 (STDOUT, APP/TASK/deploy)#
#2026 09 18 11:19:45.359#Z#DEBUG#9d22f57d-b352-11f1-9456-eeee0a8e3e3b.Bookshop-db-deployer#flowable-async-job-executor-thread-112534#
[PollExecuteTaskStatusExecution] 1b9f4783-0339-4c3a-b1e7-2e9151c73fa6 [2026-09-18T11:19:41.036077] Using hdb@2.29.6 for connection (STDOUT, APP/TASK/deploy)#
#2026 09 18 11:19:45.359#Z#DEBUG#9d22f57d-b352-11f1-9456-eeee0a8e3e3b.Bookshop-db-deployer#flowable-async-job-executor-thread-112534#
[PollExecuteTaskStatusExecution] 1b9f4783-0339-4c3a-b1e7-2e9151c73fa6 [2026-09-18T11:19:41.052049] No ignore file at /home/vcap/app/.hdiignore. (STDOUT, APP/TASK/deploy)#
#2026 09 18 11:19:45.359#Z#DEBUG#9d22f57d-b352-11f1-9456-eeee0a8e3e3b.Bookshop-db-deployer#flowable-async-job-executor-thread-112534#
[PollExecuteTaskStatusExecution] 1b9f4783-0339-4c3a-b1e7-2e9151c73fa6 [2026-09-18T11:19:41.052314] Collecting files... (STDOUT, APP/TASK/deploy)#
#2026 09 18 11:19:45.359#Z#DEBUG#9d22f57d-b352-11f1-9456-eeee0a8e3e3b.Bookshop-db-deployer#flowable-async-job-executor-thread-112534#
[PollExecuteTaskStatusExecution] 1b9f4783-0339-4c3a-b1e7-2e9151c73fa6 [2026-09-18T11:19:41.057058] Collecting files... ok (0s 5ms) (STDOUT, APP/TASK/deploy)#
#2026 09 18 11:19:45.359#Z#DEBUG#9d22f57d-b352-11f1-9456-eeee0a8e3e3b.Bookshop-db-deployer#flowable-async-job-executor-thread-112534#
[PollExecuteTaskStatusExecution] 1b9f4783-0339-4c3a-b1e7-2e9151c73fa6 [2026-09-18T11:19:41.057075] 3 directories collected (STDOUT, APP/TASK/deploy)#
#2026 09 18 11:19:45.359#Z#DEBUG#9d22f57d-b352-11f1-9456-eeee0a8e3e3b.Bookshop-db-deployer#flowable-async-job-executor-thread-112534#
[PollExecuteTaskStatusExecution] 1b9f4783-0339-4c3a-b1e7-2e9151c73fa6 [2026-09-18T11:19:41.057087] 60 files collected (STDOUT, APP/TASK/deploy)#
#2026 09 18 11:19:45.359#Z#DEBUG#9d22f57d-b352-11f1-9456-eeee0a8e3e3b.Bookshop-db-deployer#flowable-async-job-executor-thread-112534#
[PollExecuteTaskStatusExecution] 1b9f4783-0339-4c3a-b1e7-2e9151c73fa6 [2026-09-18T11:19:41.057089] 0 reusable modules collected (STDOUT, APP/TASK/deploy)#
#2026 09 18 11:19:45.359#Z#DEBUG#9d22f57d-b352-11f1-9456-eeee0a8e3e3b.Bookshop-db-deployer#flowable-async-job-executor-thread-112534#
[PollExecuteTaskStatusExecution] 1b9f4783-0339-4c3a-b1e7-2e9151c73fa6 [2026-09-18T11:19:41.057133] Target service: Bookshop-db (STDOUT, APP/TASK/deploy)#
#2026 09 18 11:19:45.359#Z#DEBUG#9d22f57d-b352-11f1-9456-eeee0a8e3e3b.Bookshop-db-deployer#flowable-async-job-executor-thread-112534#
[PollExecuteTaskStatusExecution] 1b9f4783-0339-4c3a-b1e7-2e9151c73fa6 [2026-09-18T11:19:41.230523] Could not determine status of last build: Could not find any information about the previous deployment. (STDOUT, APP/TASK/deploy)#
#2026 09 18 11:19:45.359#Z#DEBUG#9d22f57d-b352-11f1-9456-eeee0a8e3e3b.Bookshop-db-deployer#flowable-async-job-executor-thread-112534#
[PollExecuteTaskStatusExecution] 1b9f4783-0339-4c3a-b1e7-2e9151c73fa6 [2026-09-18T11:19:41.230690] Processing revoke files... (STDOUT, APP/TASK/deploy)#
#2026 09 18 11:19:45.359#Z#DEBUG#9d22f57d-b352-11f1-9456-eeee0a8e3e3b.Bookshop-db-deployer#flowable-async-job-executor-thread-112534#
[PollExecuteTaskStatusExecution] 1b9f4783-0339-4c3a-b1e7-2e9151c73fa6 [2026-09-18T11:19:41.230763] Processing revoke files... ok (0s 0ms) (STDOUT, APP/TASK/deploy)#
#2026 09 18 11:19:45.359#Z#DEBUG#9d22f57d-b352-11f1-9456-eeee0a8e3e3b.Bookshop-db-deployer#flowable-async-job-executor-thread-112534#
[PollExecuteTaskStatusExecution] 1b9f4783-0339-4c3a-b1e7-2e9151c73fa6 [2026-09-18T11:19:41.230993] Processing grants files... (STDOUT, APP/TASK/deploy)#
#2026 09 18 11:19:45.359#Z#DEBUG#9d22f57d-b352-11f1-9456-eeee0a8e3e3b.Bookshop-db-deployer#flowable-async-job-executor-thread-112534#
[PollExecuteTaskStatusExecution] 1b9f4783-0339-4c3a-b1e7-2e9151c73fa6 [2026-09-18T11:19:41.231061] Processing grants files... ok (0s 0ms) (STDOUT, APP/TASK/deploy)#
#2026 09 18 11:19:45.359#Z#DEBUG#9d22f57d-b352-11f1-9456-eeee0a8e3e3b.Bookshop-db-deployer#flowable-async-job-executor-thread-112534#
[PollExecuteTaskStatusExecution] 1b9f4783-0339-4c3a-b1e7-2e9151c73fa6 [2026-09-18T11:19:41.233423] Preprocessing files... (STDOUT, APP/TASK/deploy)#
#2026 09 18 11:19:45.359#Z#DEBUG#9d22f57d-b352-11f1-9456-eeee0a8e3e3b.Bookshop-db-deployer#flowable-async-job-executor-thread-112534#
[PollExecuteTaskStatusExecution] 1b9f4783-0339-4c3a-b1e7-2e9151c73fa6 [2026-09-18T11:19:41.233615] Preprocessing files... ok (0s 0ms) (STDOUT, APP/TASK/deploy)#
#2026 09 18 11:19:45.359#Z#DEBUG#9d22f57d-b352-11f1-9456-eeee0a8e3e3b.Bookshop-db-deployer#flowable-async-job-executor-thread-112534#
[PollExecuteTaskStatusExecution] 1b9f4783-0339-4c3a-b1e7-2e9151c73fa6 [2026-09-18T11:19:41.233644] Connecting to the container "5C84014165A34038B8D34E50D6B56F69"... (STDOUT, APP/TASK/deploy)#
#2026 09 18 11:19:45.359#Z#DEBUG#9d22f57d-b352-11f1-9456-eeee0a8e3e3b.Bookshop-db-deployer#flowable-async-job-executor-thread-112534#
[PollExecuteTaskStatusExecution] 1b9f4783-0339-4c3a-b1e7-2e9151c73fa6 [2026-09-18T11:19:41.315802] Connecting to the container "5C84014165A34038B8D34E50D6B56F69"... ok (0s 82ms) (STDOUT, APP/TASK/deploy)#
#2026 09 18 11:19:45.359#Z#DEBUG#9d22f57d-b352-11f1-9456-eeee0a8e3e3b.Bookshop-db-deployer#flowable-async-job-executor-thread-112534#
[PollExecuteTaskStatusExecution] 1b9f4783-0339-4c3a-b1e7-2e9151c73fa6 [2026-09-18T11:19:41.315822] Locking the container "5C84014165A34038B8D34E50D6B56F69"... (STDOUT, APP/TASK/deploy)#
#2026 09 18 11:19:45.359#Z#DEBUG#9d22f57d-b352-11f1-9456-eeee0a8e3e3b.Bookshop-db-deployer#flowable-async-job-executor-thread-112534#
[PollExecuteTaskStatusExecution] 1b9f4783-0339-4c3a-b1e7-2e9151c73fa6 [2026-09-18T11:19:41.491933] Locking the container "5C84014165A34038B8D34E50D6B56F69"... ok (0s 176ms) (STDOUT, APP/TASK/deploy)#
#2026 09 18 11:19:45.359#Z#DEBUG#9d22f57d-b352-11f1-9456-eeee0a8e3e3b.Bookshop-db-deployer#flowable-async-job-executor-thread-112534#
[PollExecuteTaskStatusExecution] 1b9f4783-0339-4c3a-b1e7-2e9151c73fa6 [2026-09-18T11:19:41.491953] Synchronizing files with the container "5C84014165A34038B8D34E50D6B56F69"... (STDOUT, APP/TASK/deploy)#
#2026 09 18 11:19:45.359#Z#DEBUG#9d22f57d-b352-11f1-9456-eeee0a8e3e3b.Bookshop-db-deployer#flowable-async-job-executor-thread-112534#
[PollExecuteTaskStatusExecution] 1b9f4783-0339-4c3a-b1e7-2e9151c73fa6 [2026-09-18T11:19:41.685558] Deleting files... (STDOUT, APP/TASK/deploy)#
#2026 09 18 11:19:45.359#Z#DEBUG#9d22f57d-b352-11f1-9456-eeee0a8e3e3b.Bookshop-db-deployer#flowable-async-job-executor-thread-112534#
[PollExecuteTaskStatusExecution] 1b9f4783-0339-4c3a-b1e7-2e9151c73fa6 [2026-09-18T11:19:41.813643] Deleting files... ok (STDOUT, APP/TASK/deploy)#
#2026 09 18 11:19:45.359#Z#DEBUG#9d22f57d-b352-11f1-9456-eeee0a8e3e3b.Bookshop-db-deployer#flowable-async-job-executor-thread-112534#
[PollExecuteTaskStatusExecution] 1b9f4783-0339-4c3a-b1e7-2e9151c73fa6 [2026-09-18T11:19:41.813696] Writing files... (STDOUT, APP/TASK/deploy)#
#2026 09 18 11:19:45.359#Z#DEBUG#9d22f57d-b352-11f1-9456-eeee0a8e3e3b.Bookshop-db-deployer#flowable-async-job-executor-thread-112534#
[PollExecuteTaskStatusExecution] 1b9f4783-0339-4c3a-b1e7-2e9151c73fa6 [2026-09-18T11:19:41.813850] Writing 63 items (STDOUT, APP/TASK/deploy)#
#2026 09 18 11:19:45.359#Z#DEBUG#9d22f57d-b352-11f1-9456-eeee0a8e3e3b.Bookshop-db-deployer#flowable-async-job-executor-thread-112534#
[PollExecuteTaskStatusExecution] 1b9f4783-0339-4c3a-b1e7-2e9151c73fa6 [2026-09-18T11:19:42.269034] Writing files... ok (STDOUT, APP/TASK/deploy)#
#2026 09 18 11:19:45.359#Z#DEBUG#9d22f57d-b352-11f1-9456-eeee0a8e3e3b.Bookshop-db-deployer#flowable-async-job-executor-thread-112534#
[PollExecuteTaskStatusExecution] 1b9f4783-0339-4c3a-b1e7-2e9151c73fa6 [2026-09-18T11:19:42.269046] Synchronizing files with the container "5C84014165A34038B8D34E50D6B56F69"... ok (0s 777ms) (STDOUT, APP/TASK/deploy)#
#2026 09 18 11:19:45.359#Z#DEBUG#9d22f57d-b352-11f1-9456-eeee0a8e3e3b.Bookshop-db-deployer#flowable-async-job-executor-thread-112534#
[PollExecuteTaskStatusExecution] 1b9f4783-0339-4c3a-b1e7-2e9151c73fa6 [2026-09-18T11:19:42.269457] added files: [ (STDOUT, APP/TASK/deploy)#
#2026 09 18 11:19:45.359#Z#DEBUG#9d22f57d-b352-11f1-9456-eeee0a8e3e3b.Bookshop-db-deployer#flowable-async-job-executor-thread-112534#
[PollExecuteTaskStatusExecution] 1b9f4783-0339-4c3a-b1e7-2e9151c73fa6 [2026-09-18T11:19:42.269469] "src/gen/.hdiconfig", (STDOUT, APP/TASK/deploy)#
#2026 09 18 11:19:45.359#Z#DEBUG#9d22f57d-b352-11f1-9456-eeee0a8e3e3b.Bookshop-db-deployer#flowable-async-job-executor-thread-112534#
[PollExecuteTaskStatusExecution] 1b9f4783-0339-4c3a-b1e7-2e9151c73fa6 [2026-09-18T11:19:42.269474] "src/gen/.hdinamespace", (STDOUT, APP/TASK/deploy)#
#2026 09 18 11:19:45.359#Z#DEBUG#9d22f57d-b352-11f1-9456-eeee0a8e3e3b.Bookshop-db-deployer#flowable-async-job-executor-thread-112534#
[PollExecuteTaskStatusExecution] 1b9f4783-0339-4c3a-b1e7-2e9151c73fa6 [2026-09-18T11:19:42.269476] "src/gen/AdminService.Authors.hdbview", (STDOUT, APP/TASK/deploy)#
#2026 09 18 11:19:45.359#Z#DEBUG#9d22f57d-b352-11f1-9456-eeee0a8e3e3b.Bookshop-db-deployer#flowable-async-job-executor-thread-112534#
[PollExecuteTaskStatusExecution] 1b9f4783-0339-4c3a-b1e7-2e9151c73fa6 [2026-09-18T11:19:42.269479] "src/gen/AdminService.Authors_drafts.hdbtable", (STDOUT, APP/TASK/deploy)#
#2026 09 18 11:19:45.359#Z#DEBUG#9d22f57d-b352-11f1-9456-eeee0a8e3e3b.Bookshop-db-deployer#flowable-async-job-executor-thread-112534#
[PollExecuteTaskStatusExecution] 1b9f4783-0339-4c3a-b1e7-2e9151c73fa6 [2026-09-18T11:19:42.269480] "src/gen/AdminService.Books.hdbview", (STDOUT, APP/TASK/deploy)#
#2026 09 18 11:19:45.359#Z#DEBUG#9d22f57d-b352-11f1-9456-eeee0a8e3e3b.Bookshop-db-deployer#flowable-async-job-executor-thread-112534#
[PollExecuteTaskStatusExecution] 1b9f4783-0339-4c3a-b1e7-2e9151c73fa6 [2026-09-18T11:19:42.269482] "src/gen/AdminService.Books_drafts.hdbtable", (STDOUT, APP/TASK/deploy)#
#2026 09 18 11:19:45.359#Z#DEBUG#9d22f57d-b352-11f1-9456-eeee0a8e3e3b.Bookshop-db-deployer#flowable-async-job-executor-thread-112534#
[PollExecuteTaskStatusExecution] 1b9f4783-0339-4c3a-b1e7-2e9151c73fa6 [2026-09-18T11:19:42.269484] "src/gen/AdminService.Books_texts.hdbview", (STDOUT, APP/TASK/deploy)#
#2026 09 18 11:19:45.359#Z#DEBUG#9d22f57d-b352-11f1-9456-eeee0a8e3e3b.Bookshop-db-deployer#flowable-async-job-executor-thread-112534#
[PollExecuteTaskStatusExecution] 1b9f4783-0339-4c3a-b1e7-2e9151c73fa6 [2026-09-18T11:19:42.269487] "src/gen/AdminService.Books_texts_drafts.hdbtable", (STDOUT, APP/TASK/deploy)#
#2026 09 18 11:19:45.359#Z#DEBUG#9d22f57d-b352-11f1-9456-eeee0a8e3e3b.Bookshop-db-deployer#flowable-async-job-executor-thread-112534#
[PollExecuteTaskStatusExecution] 1b9f4783-0339-4c3a-b1e7-2e9151c73fa6 [2026-09-18T11:19:42.269489] "src/gen/AdminService.Currencies.hdbview", (STDOUT, APP/TASK/deploy)#
#2026 09 18 11:19:45.359#Z#DEBUG#9d22f57d-b352-11f1-9456-eeee0a8e3e3b.Bookshop-db-deployer#flowable-async-job-executor-thread-112534#
[PollExecuteTaskStatusExecution] 1b9f4783-0339-4c3a-b1e7-2e9151c73fa6 [2026-09-18T11:19:42.269491] "src/gen/AdminService.Currencies_texts.hdbview", (STDOUT, APP/TASK/deploy)#
#2026 09 18 11:19:45.359#Z#DEBUG#9d22f57d-b352-11f1-9456-eeee0a8e3e3b.Bookshop-db-deployer#flowable-async-job-executor-thread-112534#
[PollExecuteTaskStatusExecution] 1b9f4783-0339-4c3a-b1e7-2e9151c73fa6 [2026-09-18T11:19:42.269493] "src/gen/AdminService.DraftAdministrativeData.hdbview", (STDOUT, APP/TASK/deploy)#
#2026 09 18 11:19:45.359#Z#DEBUG#9d22f57d-b352-11f1-9456-eeee0a8e3e3b.Bookshop-db-deployer#flowable-async-job-executor-thread-112534#
[PollExecuteTaskStatusExecution] 1b9f4783-0339-4c3a-b1e7-2e9151c73fa6 [2026-09-18T11:19:42.269495] "src/gen/AdminService.Genres.hdbview", (STDOUT, APP/TASK/deploy)#
#2026 09 18 11:19:45.359#Z#DEBUG#9d22f57d-b352-11f1-9456-eeee0a8e3e3b.Bookshop-db-deployer#flowable-async-job-executor-thread-112534#
[PollExecuteTaskStatusExecution] 1b9f4783-0339-4c3a-b1e7-2e9151c73fa6 [2026-09-18T11:19:42.269497] "src/gen/AdminService.Genres_texts.hdbview", (STDOUT, APP/TASK/deploy)#
#2026 09 18 11:19:45.359#Z#DEBUG#9d22f57d-b352-11f1-9456-eeee0a8e3e3b.Bookshop-db-deployer#flowable-async-job-executor-thread-112534#
[PollExecuteTaskStatusExecution] 1b9f4783-0339-4c3a-b1e7-2e9151c73fa6 [2026-09-18T11:19:42.269499] "src/gen/AdminService.Languages.hdbview", (STDOUT, APP/TASK/deploy)#
#2026 09 18 11:19:45.359#Z#DEBUG#9d22f57d-b352-11f1-9456-eeee0a8e3e3b.Bookshop-db-deployer#flowable-async-job-executor-thread-112534#
[PollExecuteTaskStatusExecution] 1b9f4783-0339-4c3a-b1e7-2e9151c73fa6 [2026-09-18T11:19:42.269501] "src/gen/AdminService.Languages_texts.hdbview", (STDOUT, APP/TASK/deploy)#
#2026 09 18 11:19:45.359#Z#DEBUG#9d22f57d-b352-11f1-9456-eeee0a8e3e3b.Bookshop-db-deployer#flowable-async-job-executor-thread-112534#
[PollExecuteTaskStatusExecution] 1b9f4783-0339-4c3a-b1e7-2e9151c73fa6 [2026-09-18T11:19:42.269503] "src/gen/CatalogService.Books.hdbview", (STDOUT, APP/TASK/deploy)#
#2026 09 18 11:19:45.359#Z#DEBUG#9d22f57d-b352-11f1-9456-eeee0a8e3e3b.Bookshop-db-deployer#flowable-async-job-executor-thread-112534#
[PollExecuteTaskStatusExecution] 1b9f4783-0339-4c3a-b1e7-2e9151c73fa6 [2026-09-18T11:19:42.269504] "src/gen/CatalogService.Books_texts.hdbview", (STDOUT, APP/TASK/deploy)#
#2026 09 18 11:19:45.359#Z#DEBUG#9d22f57d-b352-11f1-9456-eeee0a8e3e3b.Bookshop-db-deployer#flowable-async-job-executor-thread-112534#
[PollExecuteTaskStatusExecution] 1b9f4783-0339-4c3a-b1e7-2e9151c73fa6 [2026-09-18T11:19:42.269506] "src/gen/CatalogService.Currencies.hdbview", (STDOUT, APP/TASK/deploy)#
#2026 09 18 11:19:45.359#Z#DEBUG#9d22f57d-b352-11f1-9456-eeee0a8e3e3b.Bookshop-db-deployer#flowable-async-job-executor-thread-112534#
[PollExecuteTaskStatusExecution] 1b9f4783-0339-4c3a-b1e7-2e9151c73fa6 [2026-09-18T11:19:42.269508] "src/gen/CatalogService.Currencies_texts.hdbview", (STDOUT, APP/TASK/deploy)#
#2026 09 18 11:19:45.359#Z#DEBUG#9d22f57d-b352-11f1-9456-eeee0a8e3e3b.Bookshop-db-deployer#flowable-async-job-executor-thread-112534#
[PollExecuteTaskStatusExecution] 1b9f4783-0339-4c3a-b1e7-2e9151c73fa6 [2026-09-18T11:19:42.269510] "src/gen/CatalogService.Genres.hdbview", (STDOUT, APP/TASK/deploy)#
#2026 09 18 11:19:45.359#Z#DEBUG#9d22f57d-b352-11f1-9456-eeee0a8e3e3b.Bookshop-db-deployer#flowable-async-job-executor-thread-112534#
[PollExecuteTaskStatusExecution] 1b9f4783-0339-4c3a-b1e7-2e9151c73fa6 [2026-09-18T11:19:42.269511] "src/gen/CatalogService.Genres_texts.hdbview", (STDOUT, APP/TASK/deploy)#
#2026 09 18 11:19:45.359#Z#DEBUG#9d22f57d-b352-11f1-9456-eeee0a8e3e3b.Bookshop-db-deployer#flowable-async-job-executor-thread-112534#
[PollExecuteTaskStatusExecution] 1b9f4783-0339-4c3a-b1e7-2e9151c73fa6 [2026-09-18T11:19:42.269515] "src/gen/CatalogService.ListOfBooks.hdbview", (STDOUT, APP/TASK/deploy)#
#2026 09 18 11:19:45.359#Z#DEBUG#9d22f57d-b352-11f1-9456-eeee0a8e3e3b.Bookshop-db-deployer#flowable-async-job-executor-thread-112534#
[PollExecuteTaskStatusExecution] 1b9f4783-0339-4c3a-b1e7-2e9151c73fa6 [2026-09-18T11:19:42.269518] "src/gen/DRAFT.DraftAdministrativeData.hdbtable", (STDOUT, APP/TASK/deploy)#
#2026 09 18 11:19:45.359#Z#DEBUG#9d22f57d-b352-11f1-9456-eeee0a8e3e3b.Bookshop-db-deployer#flowable-async-job-executor-thread-112534#
[PollExecuteTaskStatusExecution] 1b9f4783-0339-4c3a-b1e7-2e9151c73fa6 [2026-09-18T11:19:42.269522] "src/gen/cds.outbox.Messages.hdbtable", (STDOUT, APP/TASK/deploy)#
#2026 09 18 11:19:45.359#Z#DEBUG#9d22f57d-b352-11f1-9456-eeee0a8e3e3b.Bookshop-db-deployer#flowable-async-job-executor-thread-112534#
[PollExecuteTaskStatusExecution] 1b9f4783-0339-4c3a-b1e7-2e9151c73fa6 [2026-09-18T11:19:42.269524] "src/gen/data/sap.capire.bookshop-Authors.csv", (STDOUT, APP/TASK/deploy)#
#2026 09 18 11:19:45.359#Z#DEBUG#9d22f57d-b352-11f1-9456-eeee0a8e3e3b.Bookshop-db-deployer#flowable-async-job-executor-thread-112534#
[PollExecuteTaskStatusExecution] 1b9f4783-0339-4c3a-b1e7-2e9151c73fa6 [2026-09-18T11:19:42.269527] "src/gen/data/sap.capire.bookshop-Authors.hdbtabledata", (STDOUT, APP/TASK/deploy)#
#2026 09 18 11:19:45.359#Z#DEBUG#9d22f57d-b352-11f1-9456-eeee0a8e3e3b.Bookshop-db-deployer#flowable-async-job-executor-thread-112534#
[PollExecuteTaskStatusExecution] 1b9f4783-0339-4c3a-b1e7-2e9151c73fa6 [2026-09-18T11:19:42.269528] "src/gen/data/sap.capire.bookshop-Books.csv", (STDOUT, APP/TASK/deploy)#
#2026 09 18 11:19:45.359#Z#DEBUG#9d22f57d-b352-11f1-9456-eeee0a8e3e3b.Bookshop-db-deployer#flowable-async-job-executor-thread-112534#
[PollExecuteTaskStatusExecution] 1b9f4783-0339-4c3a-b1e7-2e9151c73fa6 [2026-09-18T11:19:42.269530] "src/gen/data/sap.capire.bookshop-Books.hdbtabledata", (STDOUT, APP/TASK/deploy)#
#2026 09 18 11:19:45.359#Z#DEBUG#9d22f57d-b352-11f1-9456-eeee0a8e3e3b.Bookshop-db-deployer#flowable-async-job-executor-thread-112534#
[PollExecuteTaskStatusExecution] 1b9f4783-0339-4c3a-b1e7-2e9151c73fa6 [2026-09-18T11:19:42.269533] "src/gen/data/sap.capire.bookshop-Books.texts.csv", (STDOUT, APP/TASK/deploy)#
#2026 09 18 11:19:45.359#Z#DEBUG#9d22f57d-b352-11f1-9456-eeee0a8e3e3b.Bookshop-db-deployer#flowable-async-job-executor-thread-112534#
[PollExecuteTaskStatusExecution] 1b9f4783-0339-4c3a-b1e7-2e9151c73fa6 [2026-09-18T11:19:42.269535] "src/gen/data/sap.capire.bookshop-Books.texts.hdbtabledata", (STDOUT, APP/TASK/deploy)#
#2026 09 18 11:19:45.359#Z#DEBUG#9d22f57d-b352-11f1-9456-eeee0a8e3e3b.Bookshop-db-deployer#flowable-async-job-executor-thread-112534#
[PollExecuteTaskStatusExecution] 1b9f4783-0339-4c3a-b1e7-2e9151c73fa6 [2026-09-18T11:19:42.269536] "src/gen/data/sap.capire.bookshop-Genres.csv", (STDOUT, APP/TASK/deploy)#
#2026 09 18 11:19:45.359#Z#DEBUG#9d22f57d-b352-11f1-9456-eeee0a8e3e3b.Bookshop-db-deployer#flowable-async-job-executor-thread-112534#
[PollExecuteTaskStatusExecution] 1b9f4783-0339-4c3a-b1e7-2e9151c73fa6 [2026-09-18T11:19:42.269538] "src/gen/data/sap.capire.bookshop-Genres.hdbtabledata", (STDOUT, APP/TASK/deploy)#
#2026 09 18 11:19:45.359#Z#DEBUG#9d22f57d-b352-11f1-9456-eeee0a8e3e3b.Bookshop-db-deployer#flowable-async-job-executor-thread-112534#
[PollExecuteTaskStatusExecution] 1b9f4783-0339-4c3a-b1e7-2e9151c73fa6 [2026-09-18T11:19:42.269540] "src/gen/data/sap.capire.bookshop-Genres.texts.csv", (STDOUT, APP/TASK/deploy)#
#2026 09 18 11:19:45.359#Z#DEBUG#9d22f57d-b352-11f1-9456-eeee0a8e3e3b.Bookshop-db-deployer#flowable-async-job-executor-thread-112534#
[PollExecuteTaskStatusExecution] 1b9f4783-0339-4c3a-b1e7-2e9151c73fa6 [2026-09-18T11:19:42.269542] "src/gen/data/sap.capire.bookshop-Genres.texts.hdbtabledata", (STDOUT, APP/TASK/deploy)#
#2026 09 18 11:19:45.359#Z#DEBUG#9d22f57d-b352-11f1-9456-eeee0a8e3e3b.Bookshop-db-deployer#flowable-async-job-executor-thread-112534#
[PollExecuteTaskStatusExecution] 1b9f4783-0339-4c3a-b1e7-2e9151c73fa6 [2026-09-18T11:19:42.269544] "src/gen/data/sap.common-Currencies.csv", (STDOUT, APP/TASK/deploy)#
#2026 09 18 11:19:45.359#Z#DEBUG#9d22f57d-b352-11f1-9456-eeee0a8e3e3b.Bookshop-db-deployer#flowable-async-job-executor-thread-112534#
[PollExecuteTaskStatusExecution] 1b9f4783-0339-4c3a-b1e7-2e9151c73fa6 [2026-09-18T11:19:42.269546] "src/gen/data/sap.common-Currencies.hdbtabledata", (STDOUT, APP/TASK/deploy)#
#2026 09 18 11:19:45.359#Z#DEBUG#9d22f57d-b352-11f1-9456-eeee0a8e3e3b.Bookshop-db-deployer#flowable-async-job-executor-thread-112534#
[PollExecuteTaskStatusExecution] 1b9f4783-0339-4c3a-b1e7-2e9151c73fa6 [2026-09-18T11:19:42.269547] "src/gen/data/sap.common-Currencies.texts.csv", (STDOUT, APP/TASK/deploy)#
#2026 09 18 11:19:45.359#Z#DEBUG#9d22f57d-b352-11f1-9456-eeee0a8e3e3b.Bookshop-db-deployer#flowable-async-job-executor-thread-112534#
[PollExecuteTaskStatusExecution] 1b9f4783-0339-4c3a-b1e7-2e9151c73fa6 [2026-09-18T11:19:42.269549] "src/gen/data/sap.common-Currencies.texts.hdbtabledata", (STDOUT, APP/TASK/deploy)#
#2026 09 18 11:19:45.359#Z#DEBUG#9d22f57d-b352-11f1-9456-eeee0a8e3e3b.Bookshop-db-deployer#flowable-async-job-executor-thread-112534#
[PollExecuteTaskStatusExecution] 1b9f4783-0339-4c3a-b1e7-2e9151c73fa6 [2026-09-18T11:19:42.269550] "src/gen/localized.AdminService.Books.hdbview", (STDOUT, APP/TASK/deploy)#
#2026 09 18 11:19:45.359#Z#DEBUG#9d22f57d-b352-11f1-9456-eeee0a8e3e3b.Bookshop-db-deployer#flowable-async-job-executor-thread-112534#
[PollExecuteTaskStatusExecution] 1b9f4783-0339-4c3a-b1e7-2e9151c73fa6 [2026-09-18T11:19:42.269552] "src/gen/localized.AdminService.Currencies.hdbview", (STDOUT, APP/TASK/deploy)#
#2026 09 18 11:19:45.359#Z#DEBUG#9d22f57d-b352-11f1-9456-eeee0a8e3e3b.Bookshop-db-deployer#flowable-async-job-executor-thread-112534#
[PollExecuteTaskStatusExecution] 1b9f4783-0339-4c3a-b1e7-2e9151c73fa6 [2026-09-18T11:19:42.269554] "src/gen/localized.AdminService.Genres.hdbview", (STDOUT, APP/TASK/deploy)#
#2026 09 18 11:19:45.359#Z#DEBUG#9d22f57d-b352-11f1-9456-eeee0a8e3e3b.Bookshop-db-deployer#flowable-async-job-executor-thread-112534#
[PollExecuteTaskStatusExecution] 1b9f4783-0339-4c3a-b1e7-2e9151c73fa6 [2026-09-18T11:19:42.269555] "src/gen/localized.AdminService.Languages.hdbview", (STDOUT, APP/TASK/deploy)#
#2026 09 18 11:19:45.359#Z#DEBUG#9d22f57d-b352-11f1-9456-eeee0a8e3e3b.Bookshop-db-deployer#flowable-async-job-executor-thread-112534#
[PollExecuteTaskStatusExecution] 1b9f4783-0339-4c3a-b1e7-2e9151c73fa6 [2026-09-18T11:19:42.269557] "src/gen/localized.CatalogService.Books.hdbview", (STDOUT, APP/TASK/deploy)#
#2026 09 18 11:19:45.359#Z#DEBUG#9d22f57d-b352-11f1-9456-eeee0a8e3e3b.Bookshop-db-deployer#flowable-async-job-executor-thread-112534#
[PollExecuteTaskStatusExecution] 1b9f4783-0339-4c3a-b1e7-2e9151c73fa6 [2026-09-18T11:19:42.269559] "src/gen/localized.CatalogService.Currencies.hdbview", (STDOUT, APP/TASK/deploy)#
#2026 09 18 11:19:45.359#Z#DEBUG#9d22f57d-b352-11f1-9456-eeee0a8e3e3b.Bookshop-db-deployer#flowable-async-job-executor-thread-112534#
[PollExecuteTaskStatusExecution] 1b9f4783-0339-4c3a-b1e7-2e9151c73fa6 [2026-09-18T11:19:42.269561] "src/gen/localized.CatalogService.Genres.hdbview", (STDOUT, APP/TASK/deploy)#
#2026 09 18 11:19:45.359#Z#DEBUG#9d22f57d-b352-11f1-9456-eeee0a8e3e3b.Bookshop-db-deployer#flowable-async-job-executor-thread-112534#
[PollExecuteTaskStatusExecution] 1b9f4783-0339-4c3a-b1e7-2e9151c73fa6 [2026-09-18T11:19:42.269563] "src/gen/localized.CatalogService.ListOfBooks.hdbview", (STDOUT, APP/TASK/deploy)#
#2026 09 18 11:19:45.359#Z#DEBUG#9d22f57d-b352-11f1-9456-eeee0a8e3e3b.Bookshop-db-deployer#flowable-async-job-executor-thread-112534#
[PollExecuteTaskStatusExecution] 1b9f4783-0339-4c3a-b1e7-2e9151c73fa6 [2026-09-18T11:19:42.269565] "src/gen/localized.sap.capire.bookshop.Books.hdbview", (STDOUT, APP/TASK/deploy)#
#2026 09 18 11:19:45.359#Z#DEBUG#9d22f57d-b352-11f1-9456-eeee0a8e3e3b.Bookshop-db-deployer#flowable-async-job-executor-thread-112534#
[PollExecuteTaskStatusExecution] 1b9f4783-0339-4c3a-b1e7-2e9151c73fa6 [2026-09-18T11:19:42.269566] "src/gen/localized.sap.capire.bookshop.Genres.hdbview", (STDOUT, APP/TASK/deploy)#
#2026 09 18 11:19:45.359#Z#DEBUG#9d22f57d-b352-11f1-9456-eeee0a8e3e3b.Bookshop-db-deployer#flowable-async-job-executor-thread-112534#
[PollExecuteTaskStatusExecution] 1b9f4783-0339-4c3a-b1e7-2e9151c73fa6 [2026-09-18T11:19:42.269568] "src/gen/localized.sap.common.Currencies.hdbview", (STDOUT, APP/TASK/deploy)#
#2026 09 18 11:19:45.359#Z#DEBUG#9d22f57d-b352-11f1-9456-eeee0a8e3e3b.Bookshop-db-deployer#flowable-async-job-executor-thread-112534#
[PollExecuteTaskStatusExecution] 1b9f4783-0339-4c3a-b1e7-2e9151c73fa6 [2026-09-18T11:19:42.269570] "src/gen/localized.sap.common.Languages.hdbview", (STDOUT, APP/TASK/deploy)#
#2026 09 18 11:19:45.359#Z#DEBUG#9d22f57d-b352-11f1-9456-eeee0a8e3e3b.Bookshop-db-deployer#flowable-async-job-executor-thread-112534#
[PollExecuteTaskStatusExecution] 1b9f4783-0339-4c3a-b1e7-2e9151c73fa6 [2026-09-18T11:19:42.269572] "src/gen/sap.capire.bookshop.Authors.hdbtable", (STDOUT, APP/TASK/deploy)#
#2026 09 18 11:19:45.359#Z#DEBUG#9d22f57d-b352-11f1-9456-eeee0a8e3e3b.Bookshop-db-deployer#flowable-async-job-executor-thread-112534#
[PollExecuteTaskStatusExecution] 1b9f4783-0339-4c3a-b1e7-2e9151c73fa6 [2026-09-18T11:19:42.269573] "src/gen/sap.capire.bookshop.Books.hdbtable", (STDOUT, APP/TASK/deploy)#
#2026 09 18 11:19:45.359#Z#DEBUG#9d22f57d-b352-11f1-9456-eeee0a8e3e3b.Bookshop-db-deployer#flowable-async-job-executor-thread-112534#
[PollExecuteTaskStatusExecution] 1b9f4783-0339-4c3a-b1e7-2e9151c73fa6 [2026-09-18T11:19:42.269575] "src/gen/sap.capire.bookshop.Books.texts.locale.hdbindex", (STDOUT, APP/TASK/deploy)#
#2026 09 18 11:19:45.359#Z#DEBUG#9d22f57d-b352-11f1-9456-eeee0a8e3e3b.Bookshop-db-deployer#flowable-async-job-executor-thread-112534#
[PollExecuteTaskStatusExecution] 1b9f4783-0339-4c3a-b1e7-2e9151c73fa6 [2026-09-18T11:19:42.269577] "src/gen/sap.capire.bookshop.Books_texts.hdbtable", (STDOUT, APP/TASK/deploy)#
#2026 09 18 11:19:45.359#Z#DEBUG#9d22f57d-b352-11f1-9456-eeee0a8e3e3b.Bookshop-db-deployer#flowable-async-job-executor-thread-112534#
[PollExecuteTaskStatusExecution] 1b9f4783-0339-4c3a-b1e7-2e9151c73fa6 [2026-09-18T11:19:42.269578] "src/gen/sap.capire.bookshop.Genres.hdbtable", (STDOUT, APP/TASK/deploy)#
#2026 09 18 11:19:45.359#Z#DEBUG#9d22f57d-b352-11f1-9456-eeee0a8e3e3b.Bookshop-db-deployer#flowable-async-job-executor-thread-112534#
[PollExecuteTaskStatusExecution] 1b9f4783-0339-4c3a-b1e7-2e9151c73fa6 [2026-09-18T11:19:42.269580] "src/gen/sap.capire.bookshop.Genres_texts.hdbtable", (STDOUT, APP/TASK/deploy)#
#2026 09 18 11:19:45.359#Z#DEBUG#9d22f57d-b352-11f1-9456-eeee0a8e3e3b.Bookshop-db-deployer#flowable-async-job-executor-thread-112534#
[PollExecuteTaskStatusExecution] 1b9f4783-0339-4c3a-b1e7-2e9151c73fa6 [2026-09-18T11:19:42.269583] "src/gen/sap.common.Currencies.hdbtable", (STDOUT, APP/TASK/deploy)#
#2026 09 18 11:19:45.359#Z#DEBUG#9d22f57d-b352-11f1-9456-eeee0a8e3e3b.Bookshop-db-deployer#flowable-async-job-executor-thread-112534#
[PollExecuteTaskStatusExecution] 1b9f4783-0339-4c3a-b1e7-2e9151c73fa6 [2026-09-18T11:19:42.269586] "src/gen/sap.common.Currencies_texts.hdbtable", (STDOUT, APP/TASK/deploy)#
#2026 09 18 11:19:45.359#Z#DEBUG#9d22f57d-b352-11f1-9456-eeee0a8e3e3b.Bookshop-db-deployer#flowable-async-job-executor-thread-112534#
[PollExecuteTaskStatusExecution] 1b9f4783-0339-4c3a-b1e7-2e9151c73fa6 [2026-09-18T11:19:42.269587] "src/gen/sap.common.Languages.hdbtable", (STDOUT, APP/TASK/deploy)#
#2026 09 18 11:19:45.359#Z#DEBUG#9d22f57d-b352-11f1-9456-eeee0a8e3e3b.Bookshop-db-deployer#flowable-async-job-executor-thread-112534#
[PollExecuteTaskStatusExecution] 1b9f4783-0339-4c3a-b1e7-2e9151c73fa6 [2026-09-18T11:19:42.269589] "src/gen/sap.common.Languages_texts.hdbtable" (STDOUT, APP/TASK/deploy)#
#2026 09 18 11:19:45.359#Z#DEBUG#9d22f57d-b352-11f1-9456-eeee0a8e3e3b.Bookshop-db-deployer#flowable-async-job-executor-thread-112534#
[PollExecuteTaskStatusExecution] 1b9f4783-0339-4c3a-b1e7-2e9151c73fa6 [2026-09-18T11:19:42.269590] ] (STDOUT, APP/TASK/deploy)#
#2026 09 18 11:19:45.359#Z#DEBUG#9d22f57d-b352-11f1-9456-eeee0a8e3e3b.Bookshop-db-deployer#flowable-async-job-executor-thread-112534#
[PollExecuteTaskStatusExecution] 1b9f4783-0339-4c3a-b1e7-2e9151c73fa6 [2026-09-18T11:19:42.269592] modified files: [] (STDOUT, APP/TASK/deploy)#
#2026 09 18 11:19:45.359#Z#DEBUG#9d22f57d-b352-11f1-9456-eeee0a8e3e3b.Bookshop-db-deployer#flowable-async-job-executor-thread-112534#
[PollExecuteTaskStatusExecution] 1b9f4783-0339-4c3a-b1e7-2e9151c73fa6 [2026-09-18T11:19:42.269602] deleted files: [] (STDOUT, APP/TASK/deploy)#
#2026 09 18 11:19:45.359#Z#DEBUG#9d22f57d-b352-11f1-9456-eeee0a8e3e3b.Bookshop-db-deployer#flowable-async-job-executor-thread-112534#
[PollExecuteTaskStatusExecution] 1b9f4783-0339-4c3a-b1e7-2e9151c73fa6 [2026-09-18T11:19:42.269642] 60 modified or added files are scheduled for deploy based on delta detection (STDOUT, APP/TASK/deploy)#
#2026 09 18 11:19:45.359#Z#DEBUG#9d22f57d-b352-11f1-9456-eeee0a8e3e3b.Bookshop-db-deployer#flowable-async-job-executor-thread-112534#
[PollExecuteTaskStatusExecution] 1b9f4783-0339-4c3a-b1e7-2e9151c73fa6 [2026-09-18T11:19:42.269964] 0 deleted files are scheduled for undeploy based on delta detection (filtered by undeploy allowlist) (STDOUT, APP/TASK/deploy)#
#2026 09 18 11:19:45.359#Z#DEBUG#9d22f57d-b352-11f1-9456-eeee0a8e3e3b.Bookshop-db-deployer#flowable-async-job-executor-thread-112534#
[PollExecuteTaskStatusExecution] 1b9f4783-0339-4c3a-b1e7-2e9151c73fa6 [2026-09-18T11:19:42.270210] 0 files are scheduled for deploy based on explicit specification (STDOUT, APP/TASK/deploy)#
#2026 09 18 11:19:45.359#Z#DEBUG#9d22f57d-b352-11f1-9456-eeee0a8e3e3b.Bookshop-db-deployer#flowable-async-job-executor-thread-112534#
[PollExecuteTaskStatusExecution] 1b9f4783-0339-4c3a-b1e7-2e9151c73fa6 [2026-09-18T11:19:42.270225] 0 files are scheduled for undeploy based on explicit specification (STDOUT, APP/TASK/deploy)#
#2026 09 18 11:19:45.359#Z#DEBUG#9d22f57d-b352-11f1-9456-eeee0a8e3e3b.Bookshop-db-deployer#flowable-async-job-executor-thread-112534#
[PollExecuteTaskStatusExecution] 1b9f4783-0339-4c3a-b1e7-2e9151c73fa6 [2026-09-18T11:19:42.270845] Deploying to the container "5C84014165A34038B8D34E50D6B56F69"... (STDOUT, APP/TASK/deploy)#
#2026 09 18 11:19:45.359#Z#DEBUG#9d22f57d-b352-11f1-9456-eeee0a8e3e3b.Bookshop-db-deployer#flowable-async-job-executor-thread-112534#
[PollExecuteTaskStatusExecution] 1b9f4783-0339-4c3a-b1e7-2e9151c73fa6 [2026-09-18T11:19:42.860584] Polling messages for request id: 3892 (STDOUT, APP/TASK/deploy)#
#2026 09 18 11:19:45.359#Z#DEBUG#9d22f57d-b352-11f1-9456-eeee0a8e3e3b.Bookshop-db-deployer#flowable-async-job-executor-thread-112534#
[PollExecuteTaskStatusExecution] 1b9f4783-0339-4c3a-b1e7-2e9151c73fa6 [2026-09-18T11:19:42.887018] Starting make in the container "5C84014165A34038B8D34E50D6B56F69" with 60 files to deploy, 0 files to undeploy... (STDOUT, APP/TASK/deploy)#
#2026 09 18 11:19:45.359#Z#DEBUG#9d22f57d-b352-11f1-9456-eeee0a8e3e3b.Bookshop-db-deployer#flowable-async-job-executor-thread-112534#
[PollExecuteTaskStatusExecution] 1b9f4783-0339-4c3a-b1e7-2e9151c73fa6 [2026-09-18T11:19:42.887041] Disabling table replication for the container schema "5C84014165A34038B8D34E50D6B56F69"... (STDOUT, APP/TASK/deploy)#
#2026 09 18 11:19:45.359#Z#DEBUG#9d22f57d-b352-11f1-9456-eeee0a8e3e3b.Bookshop-db-deployer#flowable-async-job-executor-thread-112534#
[PollExecuteTaskStatusExecution] 1b9f4783-0339-4c3a-b1e7-2e9151c73fa6 [2026-09-18T11:19:42.887044] Disabling table replication for the container schema "5C84014165A34038B8D34E50D6B56F69"... ok (0s 11ms) (STDOUT, APP/TASK/deploy)#
#2026 09 18 11:19:45.359#Z#DEBUG#9d22f57d-b352-11f1-9456-eeee0a8e3e3b.Bookshop-db-deployer#flowable-async-job-executor-thread-112534#
[PollExecuteTaskStatusExecution] 1b9f4783-0339-4c3a-b1e7-2e9151c73fa6 [2026-09-18T11:19:42.887047] Migrating libraries... (STDOUT, APP/TASK/deploy)#
#2026 09 18 11:19:45.359#Z#DEBUG#9d22f57d-b352-11f1-9456-eeee0a8e3e3b.Bookshop-db-deployer#flowable-async-job-executor-thread-112534#
[PollExecuteTaskStatusExecution] 1b9f4783-0339-4c3a-b1e7-2e9151c73fa6 [2026-09-18T11:19:42.887063] Migrating libraries... ok (0s 8ms) (STDOUT, APP/TASK/deploy)#
#2026 09 18 11:19:45.359#Z#DEBUG#9d22f57d-b352-11f1-9456-eeee0a8e3e3b.Bookshop-db-deployer#flowable-async-job-executor-thread-112534#
[PollExecuteTaskStatusExecution] 1b9f4783-0339-4c3a-b1e7-2e9151c73fa6 [2026-09-18T11:19:42.887066] Making... (STDOUT, APP/TASK/deploy)#
#2026 09 18 11:19:45.359#Z#DEBUG#9d22f57d-b352-11f1-9456-eeee0a8e3e3b.Bookshop-db-deployer#flowable-async-job-executor-thread-112534#
[PollExecuteTaskStatusExecution] 1b9f4783-0339-4c3a-b1e7-2e9151c73fa6 [2026-09-18T11:19:42.887068] Preparing... (STDOUT, APP/TASK/deploy)#
#2026 09 18 11:19:45.359#Z#DEBUG#9d22f57d-b352-11f1-9456-eeee0a8e3e3b.Bookshop-db-deployer#flowable-async-job-executor-thread-112534#
[PollExecuteTaskStatusExecution] 1b9f4783-0339-4c3a-b1e7-2e9151c73fa6 [2026-09-18T11:19:42.887071] Preparing the make transaction... (STDOUT, APP/TASK/deploy)#
#2026 09 18 11:19:45.359#Z#DEBUG#9d22f57d-b352-11f1-9456-eeee0a8e3e3b.Bookshop-db-deployer#flowable-async-job-executor-thread-112534#
[PollExecuteTaskStatusExecution] 1b9f4783-0339-4c3a-b1e7-2e9151c73fa6 [2026-09-18T11:19:42.887079] Preparing the make transaction... ok (0s 60ms) (STDOUT, APP/TASK/deploy)#
#2026 09 18 11:19:45.359#Z#DEBUG#9d22f57d-b352-11f1-9456-eeee0a8e3e3b.Bookshop-db-deployer#flowable-async-job-executor-thread-112534#
[PollExecuteTaskStatusExecution] 1b9f4783-0339-4c3a-b1e7-2e9151c73fa6 [2026-09-18T11:19:42.887151] Deploying the configuration file "src/gen/.hdiconfig"... (STDOUT, APP/TASK/deploy)#
#2026 09 18 11:19:45.359#Z#DEBUG#9d22f57d-b352-11f1-9456-eeee0a8e3e3b.Bookshop-db-deployer#flowable-async-job-executor-thread-112534#
[PollExecuteTaskStatusExecution] 1b9f4783-0339-4c3a-b1e7-2e9151c73fa6 [2026-09-18T11:19:42.887170] Deploying the configuration file "src/gen/.hdiconfig"... ok (0s 35ms) (STDOUT, APP/TASK/deploy)#
#2026 09 18 11:19:45.359#Z#DEBUG#9d22f57d-b352-11f1-9456-eeee0a8e3e3b.Bookshop-db-deployer#flowable-async-job-executor-thread-112534#
[PollExecuteTaskStatusExecution] 1b9f4783-0339-4c3a-b1e7-2e9151c73fa6 [2026-09-18T11:19:42.887182] Deploying the namespace file "src/gen/.hdinamespace"... (STDOUT, APP/TASK/deploy)#
#2026 09 18 11:19:45.359#Z#DEBUG#9d22f57d-b352-11f1-9456-eeee0a8e3e3b.Bookshop-db-deployer#flowable-async-job-executor-thread-112534#
[PollExecuteTaskStatusExecution] 1b9f4783-0339-4c3a-b1e7-2e9151c73fa6 [2026-09-18T11:19:42.887194] Deploying the namespace file "src/gen/.hdinamespace"... ok (0s 22ms) (STDOUT, APP/TASK/deploy)#
#2026 09 18 11:19:45.359#Z#DEBUG#9d22f57d-b352-11f1-9456-eeee0a8e3e3b.Bookshop-db-deployer#flowable-async-job-executor-thread-112534#
[PollExecuteTaskStatusExecution] 1b9f4783-0339-4c3a-b1e7-2e9151c73fa6 [2026-09-18T11:19:42.887198] Adding "src/gen/AdminService.Authors.hdbview" for deploy... (STDOUT, APP/TASK/deploy)#
#2026 09 18 11:19:45.359#Z#DEBUG#9d22f57d-b352-11f1-9456-eeee0a8e3e3b.Bookshop-db-deployer#flowable-async-job-executor-thread-112534#
[PollExecuteTaskStatusExecution] 1b9f4783-0339-4c3a-b1e7-2e9151c73fa6 [2026-09-18T11:19:42.887218] Adding "src/gen/AdminService.Authors.hdbview" for deploy... ok (0s 16ms) (STDOUT, APP/TASK/deploy)#
#2026 09 18 11:19:45.359#Z#DEBUG#9d22f57d-b352-11f1-9456-eeee0a8e3e3b.Bookshop-db-deployer#flowable-async-job-executor-thread-112534#
[PollExecuteTaskStatusExecution] 1b9f4783-0339-4c3a-b1e7-2e9151c73fa6 [2026-09-18T11:19:42.887220] Adding "src/gen/AdminService.Authors_drafts.hdbtable" for deploy... (STDOUT, APP/TASK/deploy)#
#2026 09 18 11:19:45.359#Z#DEBUG#9d22f57d-b352-11f1-9456-eeee0a8e3e3b.Bookshop-db-deployer#flowable-async-job-executor-thread-112534#
[PollExecuteTaskStatusExecution] 1b9f4783-0339-4c3a-b1e7-2e9151c73fa6 [2026-09-18T11:19:42.887223] Adding "src/gen/AdminService.Authors_drafts.hdbtable" for deploy... ok (0s 0ms) (STDOUT, APP/TASK/deploy)#
#2026 09 18 11:19:45.359#Z#DEBUG#9d22f57d-b352-11f1-9456-eeee0a8e3e3b.Bookshop-db-deployer#flowable-async-job-executor-thread-112534#
[PollExecuteTaskStatusExecution] 1b9f4783-0339-4c3a-b1e7-2e9151c73fa6 [2026-09-18T11:19:42.887228] Adding "src/gen/AdminService.Books.hdbview" for deploy... (STDOUT, APP/TASK/deploy)#
#2026 09 18 11:19:45.359#Z#DEBUG#9d22f57d-b352-11f1-9456-eeee0a8e3e3b.Bookshop-db-deployer#flowable-async-job-executor-thread-112534#
[PollExecuteTaskStatusExecution] 1b9f4783-0339-4c3a-b1e7-2e9151c73fa6 [2026-09-18T11:19:42.887312] Adding "src/gen/AdminService.Books.hdbview" for deploy... ok (0s 0ms) (STDOUT, APP/TASK/deploy)#
#2026 09 18 11:19:45.359#Z#DEBUG#9d22f57d-b352-11f1-9456-eeee0a8e3e3b.Bookshop-db-deployer#flowable-async-job-executor-thread-112534#
[PollExecuteTaskStatusExecution] 1b9f4783-0339-4c3a-b1e7-2e9151c73fa6 [2026-09-18T11:19:42.887323] Adding "src/gen/AdminService.Books_drafts.hdbtable" for deploy... (STDOUT, APP/TASK/deploy)#
#2026 09 18 11:19:45.359#Z#DEBUG#9d22f57d-b352-11f1-9456-eeee0a8e3e3b.Bookshop-db-deployer#flowable-async-job-executor-thread-112534#
[PollExecuteTaskStatusExecution] 1b9f4783-0339-4c3a-b1e7-2e9151c73fa6 [2026-09-18T11:19:42.887325] Adding "src/gen/AdminService.Books_drafts.hdbtable" for deploy... ok (0s 0ms) (STDOUT, APP/TASK/deploy)#
#2026 09 18 11:19:45.359#Z#DEBUG#9d22f57d-b352-11f1-9456-eeee0a8e3e3b.Bookshop-db-deployer#flowable-async-job-executor-thread-112534#
[PollExecuteTaskStatusExecution] 1b9f4783-0339-4c3a-b1e7-2e9151c73fa6 [2026-09-18T11:19:42.887327] Adding "src/gen/AdminService.Books_texts.hdbview" for deploy... (STDOUT, APP/TASK/deploy)#
#2026 09 18 11:19:45.359#Z#DEBUG#9d22f57d-b352-11f1-9456-eeee0a8e3e3b.Bookshop-db-deployer#flowable-async-job-executor-thread-112534#
[PollExecuteTaskStatusExecution] 1b9f4783-0339-4c3a-b1e7-2e9151c73fa6 [2026-09-18T11:19:42.887329] Adding "src/gen/AdminService.Books_texts.hdbview" for deploy... ok (0s 0ms) (STDOUT, APP/TASK/deploy)#
#2026 09 18 11:19:45.359#Z#DEBUG#9d22f57d-b352-11f1-9456-eeee0a8e3e3b.Bookshop-db-deployer#flowable-async-job-executor-thread-112534#
[PollExecuteTaskStatusExecution] 1b9f4783-0339-4c3a-b1e7-2e9151c73fa6 [2026-09-18T11:19:42.887331] Adding "src/gen/AdminService.Books_texts_drafts.hdbtable" for deploy... (STDOUT, APP/TASK/deploy)#
#2026 09 18 11:19:45.359#Z#DEBUG#9d22f57d-b352-11f1-9456-eeee0a8e3e3b.Bookshop-db-deployer#flowable-async-job-executor-thread-112534#
[PollExecuteTaskStatusExecution] 1b9f4783-0339-4c3a-b1e7-2e9151c73fa6 [2026-09-18T11:19:42.887335] Adding "src/gen/AdminService.Books_texts_drafts.hdbtable" for deploy... ok (0s 0ms) (STDOUT, APP/TASK/deploy)#
#2026 09 18 11:19:45.359#Z#DEBUG#9d22f57d-b352-11f1-9456-eeee0a8e3e3b.Bookshop-db-deployer#flowable-async-job-executor-thread-112534#
[PollExecuteTaskStatusExecution] 1b9f4783-0339-4c3a-b1e7-2e9151c73fa6 [2026-09-18T11:19:42.887336] Adding "src/gen/AdminService.Currencies.hdbview" for deploy... (STDOUT, APP/TASK/deploy)#
#2026 09 18 11:19:45.359#Z#DEBUG#9d22f57d-b352-11f1-9456-eeee0a8e3e3b.Bookshop-db-deployer#flowable-async-job-executor-thread-112534#
[PollExecuteTaskStatusExecution] 1b9f4783-0339-4c3a-b1e7-2e9151c73fa6 [2026-09-18T11:19:42.887339] Adding "src/gen/AdminService.Currencies.hdbview" for deploy... ok (0s 0ms) (STDOUT, APP/TASK/deploy)#
#2026 09 18 11:19:45.359#Z#DEBUG#9d22f57d-b352-11f1-9456-eeee0a8e3e3b.Bookshop-db-deployer#flowable-async-job-executor-thread-112534#
[PollExecuteTaskStatusExecution] 1b9f4783-0339-4c3a-b1e7-2e9151c73fa6 [2026-09-18T11:19:42.887361] Adding "src/gen/AdminService.Currencies_texts.hdbview" for deploy... (STDOUT, APP/TASK/deploy)#
#2026 09 18 11:19:45.359#Z#DEBUG#9d22f57d-b352-11f1-9456-eeee0a8e3e3b.Bookshop-db-deployer#flowable-async-job-executor-thread-112534#
[PollExecuteTaskStatusExecution] 1b9f4783-0339-4c3a-b1e7-2e9151c73fa6 [2026-09-18T11:19:42.887364] Adding "src/gen/AdminService.Currencies_texts.hdbview" for deploy... ok (0s 0ms) (STDOUT, APP/TASK/deploy)#
#2026 09 18 11:19:45.359#Z#DEBUG#9d22f57d-b352-11f1-9456-eeee0a8e3e3b.Bookshop-db-deployer#flowable-async-job-executor-thread-112534#
[PollExecuteTaskStatusExecution] 1b9f4783-0339-4c3a-b1e7-2e9151c73fa6 [2026-09-18T11:19:42.887416] Adding "src/gen/AdminService.DraftAdministrativeData.hdbview" for deploy... (STDOUT, APP/TASK/deploy)#
#2026 09 18 11:19:45.359#Z#DEBUG#9d22f57d-b352-11f1-9456-eeee0a8e3e3b.Bookshop-db-deployer#flowable-async-job-executor-thread-112534#
[PollExecuteTaskStatusExecution] 1b9f4783-0339-4c3a-b1e7-2e9151c73fa6 [2026-09-18T11:19:42.887476] Adding "src/gen/AdminService.DraftAdministrativeData.hdbview" for deploy... ok (0s 0ms) (STDOUT, APP/TASK/deploy)#
#2026 09 18 11:19:45.359#Z#DEBUG#9d22f57d-b352-11f1-9456-eeee0a8e3e3b.Bookshop-db-deployer#flowable-async-job-executor-thread-112534#
[PollExecuteTaskStatusExecution] 1b9f4783-0339-4c3a-b1e7-2e9151c73fa6 [2026-09-18T11:19:42.887487] Adding "src/gen/AdminService.Genres.hdbview" for deploy... (STDOUT, APP/TASK/deploy)#
#2026 09 18 11:19:45.359#Z#DEBUG#9d22f57d-b352-11f1-9456-eeee0a8e3e3b.Bookshop-db-deployer#flowable-async-job-executor-thread-112534#
[PollExecuteTaskStatusExecution] 1b9f4783-0339-4c3a-b1e7-2e9151c73fa6 [2026-09-18T11:19:42.887533] Adding "src/gen/AdminService.Genres.hdbview" for deploy... ok (0s 0ms) (STDOUT, APP/TASK/deploy)#
#2026 09 18 11:19:45.359#Z#DEBUG#9d22f57d-b352-11f1-9456-eeee0a8e3e3b.Bookshop-db-deployer#flowable-async-job-executor-thread-112534#
[PollExecuteTaskStatusExecution] 1b9f4783-0339-4c3a-b1e7-2e9151c73fa6 [2026-09-18T11:19:42.887543] Adding "src/gen/AdminService.Genres_texts.hdbview" for deploy... (STDOUT, APP/TASK/deploy)#
#2026 09 18 11:19:45.359#Z#DEBUG#9d22f57d-b352-11f1-9456-eeee0a8e3e3b.Bookshop-db-deployer#flowable-async-job-executor-thread-112534#
[PollExecuteTaskStatusExecution] 1b9f4783-0339-4c3a-b1e7-2e9151c73fa6 [2026-09-18T11:19:42.887545] Adding "src/gen/AdminService.Genres_texts.hdbview" for deploy... ok (0s 0ms) (STDOUT, APP/TASK/deploy)#
#2026 09 18 11:19:45.359#Z#DEBUG#9d22f57d-b352-11f1-9456-eeee0a8e3e3b.Bookshop-db-deployer#flowable-async-job-executor-thread-112534#
[PollExecuteTaskStatusExecution] 1b9f4783-0339-4c3a-b1e7-2e9151c73fa6 [2026-09-18T11:19:42.887546] Adding "src/gen/AdminService.Languages.hdbview" for deploy... (STDOUT, APP/TASK/deploy)#
#2026 09 18 11:19:45.359#Z#DEBUG#9d22f57d-b352-11f1-9456-eeee0a8e3e3b.Bookshop-db-deployer#flowable-async-job-executor-thread-112534#
[PollExecuteTaskStatusExecution] 1b9f4783-0339-4c3a-b1e7-2e9151c73fa6 [2026-09-18T11:19:42.887565] Adding "src/gen/AdminService.Languages.hdbview" for deploy... ok (0s 0ms) (STDOUT, APP/TASK/deploy)#
#2026 09 18 11:19:45.359#Z#DEBUG#9d22f57d-b352-11f1-9456-eeee0a8e3e3b.Bookshop-db-deployer#flowable-async-job-executor-thread-112534#
[PollExecuteTaskStatusExecution] 1b9f4783-0339-4c3a-b1e7-2e9151c73fa6 [2026-09-18T11:19:42.887576] Adding "src/gen/AdminService.Languages_texts.hdbview" for deploy... (STDOUT, APP/TASK/deploy)#
#2026 09 18 11:19:45.359#Z#DEBUG#9d22f57d-b352-11f1-9456-eeee0a8e3e3b.Bookshop-db-deployer#flowable-async-job-executor-thread-112534#
[PollExecuteTaskStatusExecution] 1b9f4783-0339-4c3a-b1e7-2e9151c73fa6 [2026-09-18T11:19:42.887578] Adding "src/gen/AdminService.Languages_texts.hdbview" for deploy... ok (0s 0ms) (STDOUT, APP/TASK/deploy)#
#2026 09 18 11:19:45.359#Z#DEBUG#9d22f57d-b352-11f1-9456-eeee0a8e3e3b.Bookshop-db-deployer#flowable-async-job-executor-thread-112534#
[PollExecuteTaskStatusExecution] 1b9f4783-0339-4c3a-b1e7-2e9151c73fa6 [2026-09-18T11:19:42.887591] Adding "src/gen/CatalogService.Books.hdbview" for deploy... (STDOUT, APP/TASK/deploy)#
#2026 09 18 11:19:45.359#Z#DEBUG#9d22f57d-b352-11f1-9456-eeee0a8e3e3b.Bookshop-db-deployer#flowable-async-job-executor-thread-112534#
[PollExecuteTaskStatusExecution] 1b9f4783-0339-4c3a-b1e7-2e9151c73fa6 [2026-09-18T11:19:42.887594] Adding "src/gen/CatalogService.Books.hdbview" for deploy... ok (0s 0ms) (STDOUT, APP/TASK/deploy)#
#2026 09 18 11:19:45.359#Z#DEBUG#9d22f57d-b352-11f1-9456-eeee0a8e3e3b.Bookshop-db-deployer#flowable-async-job-executor-thread-112534#
[PollExecuteTaskStatusExecution] 1b9f4783-0339-4c3a-b1e7-2e9151c73fa6 [2026-09-18T11:19:42.887607] Adding "src/gen/CatalogService.Books_texts.hdbview" for deploy... (STDOUT, APP/TASK/deploy)#
#2026 09 18 11:19:45.359#Z#DEBUG#9d22f57d-b352-11f1-9456-eeee0a8e3e3b.Bookshop-db-deployer#flowable-async-job-executor-thread-112534#
[PollExecuteTaskStatusExecution] 1b9f4783-0339-4c3a-b1e7-2e9151c73fa6 [2026-09-18T11:19:42.887609] Adding "src/gen/CatalogService.Books_texts.hdbview" for deploy... ok (0s 0ms) (STDOUT, APP/TASK/deploy)#
#2026 09 18 11:19:45.359#Z#DEBUG#9d22f57d-b352-11f1-9456-eeee0a8e3e3b.Bookshop-db-deployer#flowable-async-job-executor-thread-112534#
[PollExecuteTaskStatusExecution] 1b9f4783-0339-4c3a-b1e7-2e9151c73fa6 [2026-09-18T11:19:42.887771] Adding "src/gen/CatalogService.Currencies.hdbview" for deploy... (STDOUT, APP/TASK/deploy)#
#2026 09 18 11:19:45.359#Z#DEBUG#9d22f57d-b352-11f1-9456-eeee0a8e3e3b.Bookshop-db-deployer#flowable-async-job-executor-thread-112534#
[PollExecuteTaskStatusExecution] 1b9f4783-0339-4c3a-b1e7-2e9151c73fa6 [2026-09-18T11:19:42.887786] Adding "src/gen/CatalogService.Currencies.hdbview" for deploy... ok (0s 0ms) (STDOUT, APP/TASK/deploy)#
#2026 09 18 11:19:45.359#Z#DEBUG#9d22f57d-b352-11f1-9456-eeee0a8e3e3b.Bookshop-db-deployer#flowable-async-job-executor-thread-112534#
[PollExecuteTaskStatusExecution] 1b9f4783-0339-4c3a-b1e7-2e9151c73fa6 [2026-09-18T11:19:42.887789] Adding "src/gen/CatalogService.Currencies_texts.hdbview" for deploy... (STDOUT, APP/TASK/deploy)#
#2026 09 18 11:19:45.359#Z#DEBUG#9d22f57d-b352-11f1-9456-eeee0a8e3e3b.Bookshop-db-deployer#flowable-async-job-executor-thread-112534#
[PollExecuteTaskStatusExecution] 1b9f4783-0339-4c3a-b1e7-2e9151c73fa6 [2026-09-18T11:19:42.887807] Adding "src/gen/CatalogService.Currencies_texts.hdbview" for deploy... ok (0s 0ms) (STDOUT, APP/TASK/deploy)#
#2026 09 18 11:19:45.359#Z#DEBUG#9d22f57d-b352-11f1-9456-eeee0a8e3e3b.Bookshop-db-deployer#flowable-async-job-executor-thread-112534#
[PollExecuteTaskStatusExecution] 1b9f4783-0339-4c3a-b1e7-2e9151c73fa6 [2026-09-18T11:19:42.887811] Adding "src/gen/CatalogService.Genres.hdbview" for deploy... (STDOUT, APP/TASK/deploy)#
#2026 09 18 11:19:45.359#Z#DEBUG#9d22f57d-b352-11f1-9456-eeee0a8e3e3b.Bookshop-db-deployer#flowable-async-job-executor-thread-112534#
[PollExecuteTaskStatusExecution] 1b9f4783-0339-4c3a-b1e7-2e9151c73fa6 [2026-09-18T11:19:42.887813] Adding "src/gen/CatalogService.Genres.hdbview" for deploy... ok (0s 0ms) (STDOUT, APP/TASK/deploy)#
#2026 09 18 11:19:45.359#Z#DEBUG#9d22f57d-b352-11f1-9456-eeee0a8e3e3b.Bookshop-db-deployer#flowable-async-job-executor-thread-112534#
[PollExecuteTaskStatusExecution] 1b9f4783-0339-4c3a-b1e7-2e9151c73fa6 [2026-09-18T11:19:42.887815] Adding "src/gen/CatalogService.Genres_texts.hdbview" for deploy... (STDOUT, APP/TASK/deploy)#
#2026 09 18 11:19:45.359#Z#DEBUG#9d22f57d-b352-11f1-9456-eeee0a8e3e3b.Bookshop-db-deployer#flowable-async-job-executor-thread-112534#
[PollExecuteTaskStatusExecution] 1b9f4783-0339-4c3a-b1e7-2e9151c73fa6 [2026-09-18T11:19:42.887817] Adding "src/gen/CatalogService.Genres_texts.hdbview" for deploy... ok (0s 0ms) (STDOUT, APP/TASK/deploy)#
#2026 09 18 11:19:45.359#Z#DEBUG#9d22f57d-b352-11f1-9456-eeee0a8e3e3b.Bookshop-db-deployer#flowable-async-job-executor-thread-112534#
[PollExecuteTaskStatusExecution] 1b9f4783-0339-4c3a-b1e7-2e9151c73fa6 [2026-09-18T11:19:42.887996] Adding "src/gen/CatalogService.ListOfBooks.hdbview" for deploy... (STDOUT, APP/TASK/deploy)#
#2026 09 18 11:19:45.359#Z#DEBUG#9d22f57d-b352-11f1-9456-eeee0a8e3e3b.Bookshop-db-deployer#flowable-async-job-executor-thread-112534#
[PollExecuteTaskStatusExecution] 1b9f4783-0339-4c3a-b1e7-2e9151c73fa6 [2026-09-18T11:19:42.888013] Adding "src/gen/CatalogService.ListOfBooks.hdbview" for deploy... ok (0s 0ms) (STDOUT, APP/TASK/deploy)#
#2026 09 18 11:19:45.359#Z#DEBUG#9d22f57d-b352-11f1-9456-eeee0a8e3e3b.Bookshop-db-deployer#flowable-async-job-executor-thread-112534#
[PollExecuteTaskStatusExecution] 1b9f4783-0339-4c3a-b1e7-2e9151c73fa6 [2026-09-18T11:19:42.888028] Adding "src/gen/DRAFT.DraftAdministrativeData.hdbtable" for deploy... (STDOUT, APP/TASK/deploy)#
#2026 09 18 11:19:45.359#Z#DEBUG#9d22f57d-b352-11f1-9456-eeee0a8e3e3b.Bookshop-db-deployer#flowable-async-job-executor-thread-112534#
[PollExecuteTaskStatusExecution] 1b9f4783-0339-4c3a-b1e7-2e9151c73fa6 [2026-09-18T11:19:42.888031] Adding "src/gen/DRAFT.DraftAdministrativeData.hdbtable" for deploy... ok (0s 0ms) (STDOUT, APP/TASK/deploy)#
#2026 09 18 11:19:45.359#Z#DEBUG#9d22f57d-b352-11f1-9456-eeee0a8e3e3b.Bookshop-db-deployer#flowable-async-job-executor-thread-112534#
[PollExecuteTaskStatusExecution] 1b9f4783-0339-4c3a-b1e7-2e9151c73fa6 [2026-09-18T11:19:42.888034] Adding "src/gen/cds.outbox.Messages.hdbtable" for deploy... (STDOUT, APP/TASK/deploy)#
#2026 09 18 11:19:45.359#Z#DEBUG#9d22f57d-b352-11f1-9456-eeee0a8e3e3b.Bookshop-db-deployer#flowable-async-job-executor-thread-112534#
[PollExecuteTaskStatusExecution] 1b9f4783-0339-4c3a-b1e7-2e9151c73fa6 [2026-09-18T11:19:42.888037] Adding "src/gen/cds.outbox.Messages.hdbtable" for deploy... ok (0s 0ms) (STDOUT, APP/TASK/deploy)#
#2026 09 18 11:19:45.359#Z#DEBUG#9d22f57d-b352-11f1-9456-eeee0a8e3e3b.Bookshop-db-deployer#flowable-async-job-executor-thread-112534#
[PollExecuteTaskStatusExecution] 1b9f4783-0339-4c3a-b1e7-2e9151c73fa6 [2026-09-18T11:19:42.888044] Adding "src/gen/data/sap.capire.bookshop-Authors.csv" for deploy... (STDOUT, APP/TASK/deploy)#
#2026 09 18 11:19:45.359#Z#DEBUG#9d22f57d-b352-11f1-9456-eeee0a8e3e3b.Bookshop-db-deployer#flowable-async-job-executor-thread-112534#
[PollExecuteTaskStatusExecution] 1b9f4783-0339-4c3a-b1e7-2e9151c73fa6 [2026-09-18T11:19:42.888046] Adding "src/gen/data/sap.capire.bookshop-Authors.csv" for deploy... ok (0s 21ms) (STDOUT, APP/TASK/deploy)#
#2026 09 18 11:19:45.359#Z#DEBUG#9d22f57d-b352-11f1-9456-eeee0a8e3e3b.Bookshop-db-deployer#flowable-async-job-executor-thread-112534#
[PollExecuteTaskStatusExecution] 1b9f4783-0339-4c3a-b1e7-2e9151c73fa6 [2026-09-18T11:19:42.888058] Adding "src/gen/data/sap.capire.bookshop-Authors.hdbtabledata" for deploy... (STDOUT, APP/TASK/deploy)#
#2026 09 18 11:19:45.359#Z#DEBUG#9d22f57d-b352-11f1-9456-eeee0a8e3e3b.Bookshop-db-deployer#flowable-async-job-executor-thread-112534#
[PollExecuteTaskStatusExecution] 1b9f4783-0339-4c3a-b1e7-2e9151c73fa6 [2026-09-18T11:19:42.888060] Adding "src/gen/data/sap.capire.bookshop-Authors.hdbtabledata" for deploy... ok (0s 0ms) (STDOUT, APP/TASK/deploy)#
#2026 09 18 11:19:45.359#Z#DEBUG#9d22f57d-b352-11f1-9456-eeee0a8e3e3b.Bookshop-db-deployer#flowable-async-job-executor-thread-112534#
[PollExecuteTaskStatusExecution] 1b9f4783-0339-4c3a-b1e7-2e9151c73fa6 [2026-09-18T11:19:42.888088] Adding "src/gen/data/sap.capire.bookshop-Books.csv" for deploy... (STDOUT, APP/TASK/deploy)#
#2026 09 18 11:19:45.359#Z#DEBUG#9d22f57d-b352-11f1-9456-eeee0a8e3e3b.Bookshop-db-deployer#flowable-async-job-executor-thread-112534#
[PollExecuteTaskStatusExecution] 1b9f4783-0339-4c3a-b1e7-2e9151c73fa6 [2026-09-18T11:19:42.888090] Adding "src/gen/data/sap.capire.bookshop-Books.csv" for deploy... ok (0s 0ms) (STDOUT, APP/TASK/deploy)#
#2026 09 18 11:19:45.359#Z#DEBUG#9d22f57d-b352-11f1-9456-eeee0a8e3e3b.Bookshop-db-deployer#flowable-async-job-executor-thread-112534#
[PollExecuteTaskStatusExecution] 1b9f4783-0339-4c3a-b1e7-2e9151c73fa6 [2026-09-18T11:19:42.888094] Adding "src/gen/data/sap.capire.bookshop-Books.hdbtabledata" for deploy... (STDOUT, APP/TASK/deploy)#
#2026 09 18 11:19:45.359#Z#DEBUG#9d22f57d-b352-11f1-9456-eeee0a8e3e3b.Bookshop-db-deployer#flowable-async-job-executor-thread-112534#
[PollExecuteTaskStatusExecution] 1b9f4783-0339-4c3a-b1e7-2e9151c73fa6 [2026-09-18T11:19:42.888095] Adding "src/gen/data/sap.capire.bookshop-Books.hdbtabledata" for deploy... ok (0s 0ms) (STDOUT, APP/TASK/deploy)#
#2026 09 18 11:19:45.359#Z#DEBUG#9d22f57d-b352-11f1-9456-eeee0a8e3e3b.Bookshop-db-deployer#flowable-async-job-executor-thread-112534#
[PollExecuteTaskStatusExecution] 1b9f4783-0339-4c3a-b1e7-2e9151c73fa6 [2026-09-18T11:19:42.888117] Adding "src/gen/data/sap.capire.bookshop-Books.texts.csv" for deploy... (STDOUT, APP/TASK/deploy)#
#2026 09 18 11:19:45.359#Z#DEBUG#9d22f57d-b352-11f1-9456-eeee0a8e3e3b.Bookshop-db-deployer#flowable-async-job-executor-thread-112534#
[PollExecuteTaskStatusExecution] 1b9f4783-0339-4c3a-b1e7-2e9151c73fa6 [2026-09-18T11:19:42.888128] Adding "src/gen/data/sap.capire.bookshop-Books.texts.csv" for deploy... ok (0s 0ms) (STDOUT, APP/TASK/deploy)#
#2026 09 18 11:19:45.359#Z#DEBUG#9d22f57d-b352-11f1-9456-eeee0a8e3e3b.Bookshop-db-deployer#flowable-async-job-executor-thread-112534#
[PollExecuteTaskStatusExecution] 1b9f4783-0339-4c3a-b1e7-2e9151c73fa6 [2026-09-18T11:19:42.888157] Adding "src/gen/data/sap.capire.bookshop-Books.texts.hdbtabledata" for deploy... (STDOUT, APP/TASK/deploy)#
#2026 09 18 11:19:45.359#Z#DEBUG#9d22f57d-b352-11f1-9456-eeee0a8e3e3b.Bookshop-db-deployer#flowable-async-job-executor-thread-112534#
[PollExecuteTaskStatusExecution] 1b9f4783-0339-4c3a-b1e7-2e9151c73fa6 [2026-09-18T11:19:42.888166] Adding "src/gen/data/sap.capire.bookshop-Books.texts.hdbtabledata" for deploy... ok (0s 0ms) (STDOUT, APP/TASK/deploy)#
#2026 09 18 11:19:45.359#Z#DEBUG#9d22f57d-b352-11f1-9456-eeee0a8e3e3b.Bookshop-db-deployer#flowable-async-job-executor-thread-112534#
[PollExecuteTaskStatusExecution] 1b9f4783-0339-4c3a-b1e7-2e9151c73fa6 [2026-09-18T11:19:42.888168] Adding "src/gen/data/sap.capire.bookshop-Genres.csv" for deploy... (STDOUT, APP/TASK/deploy)#
#2026 09 18 11:19:45.359#Z#DEBUG#9d22f57d-b352-11f1-9456-eeee0a8e3e3b.Bookshop-db-deployer#flowable-async-job-executor-thread-112534#
[PollExecuteTaskStatusExecution] 1b9f4783-0339-4c3a-b1e7-2e9151c73fa6 [2026-09-18T11:19:42.888170] Adding "src/gen/data/sap.capire.bookshop-Genres.csv" for deploy... ok (0s 0ms) (STDOUT, APP/TASK/deploy)#
#2026 09 18 11:19:45.359#Z#DEBUG#9d22f57d-b352-11f1-9456-eeee0a8e3e3b.Bookshop-db-deployer#flowable-async-job-executor-thread-112534#
[PollExecuteTaskStatusExecution] 1b9f4783-0339-4c3a-b1e7-2e9151c73fa6 [2026-09-18T11:19:42.888172] Adding "src/gen/data/sap.capire.bookshop-Genres.hdbtabledata" for deploy... (STDOUT, APP/TASK/deploy)#
#2026 09 18 11:19:45.359#Z#DEBUG#9d22f57d-b352-11f1-9456-eeee0a8e3e3b.Bookshop-db-deployer#flowable-async-job-executor-thread-112534#
[PollExecuteTaskStatusExecution] 1b9f4783-0339-4c3a-b1e7-2e9151c73fa6 [2026-09-18T11:19:42.888173] Adding "src/gen/data/sap.capire.bookshop-Genres.hdbtabledata" for deploy... ok (0s 0ms) (STDOUT, APP/TASK/deploy)#
#2026 09 18 11:19:45.359#Z#DEBUG#9d22f57d-b352-11f1-9456-eeee0a8e3e3b.Bookshop-db-deployer#flowable-async-job-executor-thread-112534#
[PollExecuteTaskStatusExecution] 1b9f4783-0339-4c3a-b1e7-2e9151c73fa6 [2026-09-18T11:19:42.888185] Adding "src/gen/data/sap.capire.bookshop-Genres.texts.csv" for deploy... (STDOUT, APP/TASK/deploy)#
#2026 09 18 11:19:45.359#Z#DEBUG#9d22f57d-b352-11f1-9456-eeee0a8e3e3b.Bookshop-db-deployer#flowable-async-job-executor-thread-112534#
[PollExecuteTaskStatusExecution] 1b9f4783-0339-4c3a-b1e7-2e9151c73fa6 [2026-09-18T11:19:42.888187] Adding "src/gen/data/sap.capire.bookshop-Genres.texts.csv" for deploy... ok (0s 0ms) (STDOUT, APP/TASK/deploy)#
#2026 09 18 11:19:45.359#Z#DEBUG#9d22f57d-b352-11f1-9456-eeee0a8e3e3b.Bookshop-db-deployer#flowable-async-job-executor-thread-112534#
[PollExecuteTaskStatusExecution] 1b9f4783-0339-4c3a-b1e7-2e9151c73fa6 [2026-09-18T11:19:42.888189] Adding "src/gen/data/sap.capire.bookshop-Genres.texts.hdbtabledata" for deploy... (STDOUT, APP/TASK/deploy)#
#2026 09 18 11:19:45.359#Z#DEBUG#9d22f57d-b352-11f1-9456-eeee0a8e3e3b.Bookshop-db-deployer#flowable-async-job-executor-thread-112534#
[PollExecuteTaskStatusExecution] 1b9f4783-0339-4c3a-b1e7-2e9151c73fa6 [2026-09-18T11:19:42.888191] Adding "src/gen/data/sap.capire.bookshop-Genres.texts.hdbtabledata" for deploy... ok (0s 0ms) (STDOUT, APP/TASK/deploy)#
#2026 09 18 11:19:45.359#Z#DEBUG#9d22f57d-b352-11f1-9456-eeee0a8e3e3b.Bookshop-db-deployer#flowable-async-job-executor-thread-112534#
[PollExecuteTaskStatusExecution] 1b9f4783-0339-4c3a-b1e7-2e9151c73fa6 [2026-09-18T11:19:42.888315] Adding "src/gen/data/sap.common-Currencies.csv" for deploy... (STDOUT, APP/TASK/deploy)#
#2026 09 18 11:19:45.359#Z#DEBUG#9d22f57d-b352-11f1-9456-eeee0a8e3e3b.Bookshop-db-deployer#flowable-async-job-executor-thread-112534#
[PollExecuteTaskStatusExecution] 1b9f4783-0339-4c3a-b1e7-2e9151c73fa6 [2026-09-18T11:19:42.888323] Adding "src/gen/data/sap.common-Currencies.csv" for deploy... ok (0s 0ms) (STDOUT, APP/TASK/deploy)#
#2026 09 18 11:19:45.359#Z#DEBUG#9d22f57d-b352-11f1-9456-eeee0a8e3e3b.Bookshop-db-deployer#flowable-async-job-executor-thread-112534#
[PollExecuteTaskStatusExecution] 1b9f4783-0339-4c3a-b1e7-2e9151c73fa6 [2026-09-18T11:19:42.888327] Adding "src/gen/data/sap.common-Currencies.hdbtabledata" for deploy... (STDOUT, APP/TASK/deploy)#
#2026 09 18 11:19:45.359#Z#DEBUG#9d22f57d-b352-11f1-9456-eeee0a8e3e3b.Bookshop-db-deployer#flowable-async-job-executor-thread-112534#
[PollExecuteTaskStatusExecution] 1b9f4783-0339-4c3a-b1e7-2e9151c73fa6 [2026-09-18T11:19:42.888331] Adding "src/gen/data/sap.common-Currencies.hdbtabledata" for deploy... ok (0s 1ms) (STDOUT, APP/TASK/deploy)#
#2026 09 18 11:19:45.359#Z#DEBUG#9d22f57d-b352-11f1-9456-eeee0a8e3e3b.Bookshop-db-deployer#flowable-async-job-executor-thread-112534#
[PollExecuteTaskStatusExecution] 1b9f4783-0339-4c3a-b1e7-2e9151c73fa6 [2026-09-18T11:19:42.888338] Adding "src/gen/data/sap.common-Currencies.texts.csv" for deploy... (STDOUT, APP/TASK/deploy)#
#2026 09 18 11:19:45.359#Z#DEBUG#9d22f57d-b352-11f1-9456-eeee0a8e3e3b.Bookshop-db-deployer#flowable-async-job-executor-thread-112534#
[PollExecuteTaskStatusExecution] 1b9f4783-0339-4c3a-b1e7-2e9151c73fa6 [2026-09-18T11:19:42.888341] Adding "src/gen/data/sap.common-Currencies.texts.csv" for deploy... ok (0s 0ms) (STDOUT, APP/TASK/deploy)#
#2026 09 18 11:19:45.359#Z#DEBUG#9d22f57d-b352-11f1-9456-eeee0a8e3e3b.Bookshop-db-deployer#flowable-async-job-executor-thread-112534#
[PollExecuteTaskStatusExecution] 1b9f4783-0339-4c3a-b1e7-2e9151c73fa6 [2026-09-18T11:19:42.888345] Adding "src/gen/data/sap.common-Currencies.texts.hdbtabledata" for deploy... (STDOUT, APP/TASK/deploy)#
#2026 09 18 11:19:45.359#Z#DEBUG#9d22f57d-b352-11f1-9456-eeee0a8e3e3b.Bookshop-db-deployer#flowable-async-job-executor-thread-112534#
[PollExecuteTaskStatusExecution] 1b9f4783-0339-4c3a-b1e7-2e9151c73fa6 [2026-09-18T11:19:42.888347] Adding "src/gen/data/sap.common-Currencies.texts.hdbtabledata" for deploy... ok (0s 0ms) (STDOUT, APP/TASK/deploy)#
#2026 09 18 11:19:45.359#Z#DEBUG#9d22f57d-b352-11f1-9456-eeee0a8e3e3b.Bookshop-db-deployer#flowable-async-job-executor-thread-112534#
[PollExecuteTaskStatusExecution] 1b9f4783-0339-4c3a-b1e7-2e9151c73fa6 [2026-09-18T11:19:42.888350] Adding "src/gen/localized.AdminService.Books.hdbview" for deploy... (STDOUT, APP/TASK/deploy)#
#2026 09 18 11:19:45.359#Z#DEBUG#9d22f57d-b352-11f1-9456-eeee0a8e3e3b.Bookshop-db-deployer#flowable-async-job-executor-thread-112534#
[PollExecuteTaskStatusExecution] 1b9f4783-0339-4c3a-b1e7-2e9151c73fa6 [2026-09-18T11:19:42.888353] Adding "src/gen/localized.AdminService.Books.hdbview" for deploy... ok (0s 0ms) (STDOUT, APP/TASK/deploy)#
#2026 09 18 11:19:45.359#Z#DEBUG#9d22f57d-b352-11f1-9456-eeee0a8e3e3b.Bookshop-db-deployer#flowable-async-job-executor-thread-112534#
[PollExecuteTaskStatusExecution] 1b9f4783-0339-4c3a-b1e7-2e9151c73fa6 [2026-09-18T11:19:42.888355] Adding "src/gen/localized.AdminService.Currencies.hdbview" for deploy... (STDOUT, APP/TASK/deploy)#
#2026 09 18 11:19:45.359#Z#DEBUG#9d22f57d-b352-11f1-9456-eeee0a8e3e3b.Bookshop-db-deployer#flowable-async-job-executor-thread-112534#
[PollExecuteTaskStatusExecution] 1b9f4783-0339-4c3a-b1e7-2e9151c73fa6 [2026-09-18T11:19:42.888358] Adding "src/gen/localized.AdminService.Currencies.hdbview" for deploy... ok (0s 0ms) (STDOUT, APP/TASK/deploy)#
#2026 09 18 11:19:45.359#Z#DEBUG#9d22f57d-b352-11f1-9456-eeee0a8e3e3b.Bookshop-db-deployer#flowable-async-job-executor-thread-112534#
[PollExecuteTaskStatusExecution] 1b9f4783-0339-4c3a-b1e7-2e9151c73fa6 [2026-09-18T11:19:42.888361] Adding "src/gen/localized.AdminService.Genres.hdbview" for deploy... (STDOUT, APP/TASK/deploy)#
#2026 09 18 11:19:45.359#Z#DEBUG#9d22f57d-b352-11f1-9456-eeee0a8e3e3b.Bookshop-db-deployer#flowable-async-job-executor-thread-112534#
[PollExecuteTaskStatusExecution] 1b9f4783-0339-4c3a-b1e7-2e9151c73fa6 [2026-09-18T11:19:42.888364] Adding "src/gen/localized.AdminService.Genres.hdbview" for deploy... ok (0s 0ms) (STDOUT, APP/TASK/deploy)#
#2026 09 18 11:19:45.359#Z#DEBUG#9d22f57d-b352-11f1-9456-eeee0a8e3e3b.Bookshop-db-deployer#flowable-async-job-executor-thread-112534#
[PollExecuteTaskStatusExecution] 1b9f4783-0339-4c3a-b1e7-2e9151c73fa6 [2026-09-18T11:19:42.888367] Adding "src/gen/localized.AdminService.Languages.hdbview" for deploy... (STDOUT, APP/TASK/deploy)#
#2026 09 18 11:19:45.359#Z#DEBUG#9d22f57d-b352-11f1-9456-eeee0a8e3e3b.Bookshop-db-deployer#flowable-async-job-executor-thread-112534#
[PollExecuteTaskStatusExecution] 1b9f4783-0339-4c3a-b1e7-2e9151c73fa6 [2026-09-18T11:19:42.888387] Adding "src/gen/localized.AdminService.Languages.hdbview" for deploy... ok (0s 0ms) (STDOUT, APP/TASK/deploy)#
#2026 09 18 11:19:45.359#Z#DEBUG#9d22f57d-b352-11f1-9456-eeee0a8e3e3b.Bookshop-db-deployer#flowable-async-job-executor-thread-112534#
[PollExecuteTaskStatusExecution] 1b9f4783-0339-4c3a-b1e7-2e9151c73fa6 [2026-09-18T11:19:42.888390] Adding "src/gen/localized.CatalogService.Books.hdbview" for deploy... (STDOUT, APP/TASK/deploy)#
#2026 09 18 11:19:45.359#Z#DEBUG#9d22f57d-b352-11f1-9456-eeee0a8e3e3b.Bookshop-db-deployer#flowable-async-job-executor-thread-112534#
[PollExecuteTaskStatusExecution] 1b9f4783-0339-4c3a-b1e7-2e9151c73fa6 [2026-09-18T11:19:42.888393] Adding "src/gen/localized.CatalogService.Books.hdbview" for deploy... ok (0s 0ms) (STDOUT, APP/TASK/deploy)#
#2026 09 18 11:19:45.359#Z#DEBUG#9d22f57d-b352-11f1-9456-eeee0a8e3e3b.Bookshop-db-deployer#flowable-async-job-executor-thread-112534#
[PollExecuteTaskStatusExecution] 1b9f4783-0339-4c3a-b1e7-2e9151c73fa6 [2026-09-18T11:19:42.888402] Adding "src/gen/localized.CatalogService.Currencies.hdbview" for deploy... (STDOUT, APP/TASK/deploy)#
#2026 09 18 11:19:45.359#Z#DEBUG#9d22f57d-b352-11f1-9456-eeee0a8e3e3b.Bookshop-db-deployer#flowable-async-job-executor-thread-112534#
[PollExecuteTaskStatusExecution] 1b9f4783-0339-4c3a-b1e7-2e9151c73fa6 [2026-09-18T11:19:42.888405] Adding "src/gen/localized.CatalogService.Currencies.hdbview" for deploy... ok (0s 0ms) (STDOUT, APP/TASK/deploy)#
#2026 09 18 11:19:45.359#Z#DEBUG#9d22f57d-b352-11f1-9456-eeee0a8e3e3b.Bookshop-db-deployer#flowable-async-job-executor-thread-112534#
[PollExecuteTaskStatusExecution] 1b9f4783-0339-4c3a-b1e7-2e9151c73fa6 [2026-09-18T11:19:42.888407] Adding "src/gen/localized.CatalogService.Genres.hdbview" for deploy... (STDOUT, APP/TASK/deploy)#
#2026 09 18 11:19:45.359#Z#DEBUG#9d22f57d-b352-11f1-9456-eeee0a8e3e3b.Bookshop-db-deployer#flowable-async-job-executor-thread-112534#
[PollExecuteTaskStatusExecution] 1b9f4783-0339-4c3a-b1e7-2e9151c73fa6 [2026-09-18T11:19:42.888410] Adding "src/gen/localized.CatalogService.Genres.hdbview" for deploy... ok (0s 0ms) (STDOUT, APP/TASK/deploy)#
#2026 09 18 11:19:45.359#Z#DEBUG#9d22f57d-b352-11f1-9456-eeee0a8e3e3b.Bookshop-db-deployer#flowable-async-job-executor-thread-112534#
[PollExecuteTaskStatusExecution] 1b9f4783-0339-4c3a-b1e7-2e9151c73fa6 [2026-09-18T11:19:42.888413] Adding "src/gen/localized.CatalogService.ListOfBooks.hdbview" for deploy... (STDOUT, APP/TASK/deploy)#
#2026 09 18 11:19:45.359#Z#DEBUG#9d22f57d-b352-11f1-9456-eeee0a8e3e3b.Bookshop-db-deployer#flowable-async-job-executor-thread-112534#
[PollExecuteTaskStatusExecution] 1b9f4783-0339-4c3a-b1e7-2e9151c73fa6 [2026-09-18T11:19:42.888424] Adding "src/gen/localized.CatalogService.ListOfBooks.hdbview" for deploy... ok (0s 0ms) (STDOUT, APP/TASK/deploy)#
#2026 09 18 11:19:45.359#Z#DEBUG#9d22f57d-b352-11f1-9456-eeee0a8e3e3b.Bookshop-db-deployer#flowable-async-job-executor-thread-112534#
[PollExecuteTaskStatusExecution] 1b9f4783-0339-4c3a-b1e7-2e9151c73fa6 [2026-09-18T11:19:42.888426] Adding "src/gen/localized.sap.capire.bookshop.Books.hdbview" for deploy... (STDOUT, APP/TASK/deploy)#
#2026 09 18 11:19:45.359#Z#DEBUG#9d22f57d-b352-11f1-9456-eeee0a8e3e3b.Bookshop-db-deployer#flowable-async-job-executor-thread-112534#
[PollExecuteTaskStatusExecution] 1b9f4783-0339-4c3a-b1e7-2e9151c73fa6 [2026-09-18T11:19:42.888432] Adding "src/gen/localized.sap.capire.bookshop.Books.hdbview" for deploy... ok (0s 0ms) (STDOUT, APP/TASK/deploy)#
#2026 09 18 11:19:45.359#Z#DEBUG#9d22f57d-b352-11f1-9456-eeee0a8e3e3b.Bookshop-db-deployer#flowable-async-job-executor-thread-112534#
[PollExecuteTaskStatusExecution] 1b9f4783-0339-4c3a-b1e7-2e9151c73fa6 [2026-09-18T11:19:42.888434] Adding "src/gen/localized.sap.capire.bookshop.Genres.hdbview" for deploy... (STDOUT, APP/TASK/deploy)#
#2026 09 18 11:19:45.359#Z#DEBUG#9d22f57d-b352-11f1-9456-eeee0a8e3e3b.Bookshop-db-deployer#flowable-async-job-executor-thread-112534#
[PollExecuteTaskStatusExecution] 1b9f4783-0339-4c3a-b1e7-2e9151c73fa6 [2026-09-18T11:19:42.888447] Adding "src/gen/localized.sap.capire.bookshop.Genres.hdbview" for deploy... ok (0s 0ms) (STDOUT, APP/TASK/deploy)#
#2026 09 18 11:19:45.359#Z#DEBUG#9d22f57d-b352-11f1-9456-eeee0a8e3e3b.Bookshop-db-deployer#flowable-async-job-executor-thread-112534#
[PollExecuteTaskStatusExecution] 1b9f4783-0339-4c3a-b1e7-2e9151c73fa6 [2026-09-18T11:19:42.888451] Adding "src/gen/localized.sap.common.Currencies.hdbview" for deploy... (STDOUT, APP/TASK/deploy)#
#2026 09 18 11:19:45.359#Z#DEBUG#9d22f57d-b352-11f1-9456-eeee0a8e3e3b.Bookshop-db-deployer#flowable-async-job-executor-thread-112534#
[PollExecuteTaskStatusExecution] 1b9f4783-0339-4c3a-b1e7-2e9151c73fa6 [2026-09-18T11:19:42.888453] Adding "src/gen/localized.sap.common.Currencies.hdbview" for deploy... ok (0s 0ms) (STDOUT, APP/TASK/deploy)#
#2026 09 18 11:19:45.359#Z#DEBUG#9d22f57d-b352-11f1-9456-eeee0a8e3e3b.Bookshop-db-deployer#flowable-async-job-executor-thread-112534#
[PollExecuteTaskStatusExecution] 1b9f4783-0339-4c3a-b1e7-2e9151c73fa6 [2026-09-18T11:19:42.888502] Adding "src/gen/localized.sap.common.Languages.hdbview" for deploy... (STDOUT, APP/TASK/deploy)#
#2026 09 18 11:19:45.359#Z#DEBUG#9d22f57d-b352-11f1-9456-eeee0a8e3e3b.Bookshop-db-deployer#flowable-async-job-executor-thread-112534#
[PollExecuteTaskStatusExecution] 1b9f4783-0339-4c3a-b1e7-2e9151c73fa6 [2026-09-18T11:19:42.888504] Adding "src/gen/localized.sap.common.Languages.hdbview" for deploy... ok (0s 0ms) (STDOUT, APP/TASK/deploy)#
#2026 09 18 11:19:45.359#Z#DEBUG#9d22f57d-b352-11f1-9456-eeee0a8e3e3b.Bookshop-db-deployer#flowable-async-job-executor-thread-112534#
[PollExecuteTaskStatusExecution] 1b9f4783-0339-4c3a-b1e7-2e9151c73fa6 [2026-09-18T11:19:42.888507] Adding "src/gen/sap.capire.bookshop.Authors.hdbtable" for deploy... (STDOUT, APP/TASK/deploy)#
#2026 09 18 11:19:45.359#Z#DEBUG#9d22f57d-b352-11f1-9456-eeee0a8e3e3b.Bookshop-db-deployer#flowable-async-job-executor-thread-112534#
[PollExecuteTaskStatusExecution] 1b9f4783-0339-4c3a-b1e7-2e9151c73fa6 [2026-09-18T11:19:42.888509] Adding "src/gen/sap.capire.bookshop.Authors.hdbtable" for deploy... ok (0s 0ms) (STDOUT, APP/TASK/deploy)#
#2026 09 18 11:19:45.359#Z#DEBUG#9d22f57d-b352-11f1-9456-eeee0a8e3e3b.Bookshop-db-deployer#flowable-async-job-executor-thread-112534#
[PollExecuteTaskStatusExecution] 1b9f4783-0339-4c3a-b1e7-2e9151c73fa6 [2026-09-18T11:19:42.888512] Adding "src/gen/sap.capire.bookshop.Books.hdbtable" for deploy... (STDOUT, APP/TASK/deploy)#
#2026 09 18 11:19:45.359#Z#DEBUG#9d22f57d-b352-11f1-9456-eeee0a8e3e3b.Bookshop-db-deployer#flowable-async-job-executor-thread-112534#
[PollExecuteTaskStatusExecution] 1b9f4783-0339-4c3a-b1e7-2e9151c73fa6 [2026-09-18T11:19:42.888516] Adding "src/gen/sap.capire.bookshop.Books.hdbtable" for deploy... ok (0s 0ms) (STDOUT, APP/TASK/deploy)#
#2026 09 18 11:19:45.359#Z#DEBUG#9d22f57d-b352-11f1-9456-eeee0a8e3e3b.Bookshop-db-deployer#flowable-async-job-executor-thread-112534#
[PollExecuteTaskStatusExecution] 1b9f4783-0339-4c3a-b1e7-2e9151c73fa6 [2026-09-18T11:19:42.888518] Adding "src/gen/sap.capire.bookshop.Books.texts.locale.hdbindex" for deploy... (STDOUT, APP/TASK/deploy)#
#2026 09 18 11:19:45.359#Z#DEBUG#9d22f57d-b352-11f1-9456-eeee0a8e3e3b.Bookshop-db-deployer#flowable-async-job-executor-thread-112534#
[PollExecuteTaskStatusExecution] 1b9f4783-0339-4c3a-b1e7-2e9151c73fa6 [2026-09-18T11:19:42.888519] Adding "src/gen/sap.capire.bookshop.Books.texts.locale.hdbindex" for deploy... ok (0s 0ms) (STDOUT, APP/TASK/deploy)#
#2026 09 18 11:19:45.359#Z#DEBUG#9d22f57d-b352-11f1-9456-eeee0a8e3e3b.Bookshop-db-deployer#flowable-async-job-executor-thread-112534#
[PollExecuteTaskStatusExecution] 1b9f4783-0339-4c3a-b1e7-2e9151c73fa6 [2026-09-18T11:19:42.888532] Adding "src/gen/sap.capire.bookshop.Books_texts.hdbtable" for deploy... (STDOUT, APP/TASK/deploy)#
#2026 09 18 11:19:45.359#Z#DEBUG#9d22f57d-b352-11f1-9456-eeee0a8e3e3b.Bookshop-db-deployer#flowable-async-job-executor-thread-112534#
[PollExecuteTaskStatusExecution] 1b9f4783-0339-4c3a-b1e7-2e9151c73fa6 [2026-09-18T11:19:42.888534] Adding "src/gen/sap.capire.bookshop.Books_texts.hdbtable" for deploy... ok (0s 0ms) (STDOUT, APP/TASK/deploy)#
#2026 09 18 11:19:45.359#Z#DEBUG#9d22f57d-b352-11f1-9456-eeee0a8e3e3b.Bookshop-db-deployer#flowable-async-job-executor-thread-112534#
[PollExecuteTaskStatusExecution] 1b9f4783-0339-4c3a-b1e7-2e9151c73fa6 [2026-09-18T11:19:42.888542] Adding "src/gen/sap.capire.bookshop.Genres.hdbtable" for deploy... (STDOUT, APP/TASK/deploy)#
#2026 09 18 11:19:45.359#Z#DEBUG#9d22f57d-b352-11f1-9456-eeee0a8e3e3b.Bookshop-db-deployer#flowable-async-job-executor-thread-112534#
[PollExecuteTaskStatusExecution] 1b9f4783-0339-4c3a-b1e7-2e9151c73fa6 [2026-09-18T11:19:42.888543] Adding "src/gen/sap.capire.bookshop.Genres.hdbtable" for deploy... ok (0s 0ms) (STDOUT, APP/TASK/deploy)#
#2026 09 18 11:19:45.359#Z#DEBUG#9d22f57d-b352-11f1-9456-eeee0a8e3e3b.Bookshop-db-deployer#flowable-async-job-executor-thread-112534#
[PollExecuteTaskStatusExecution] 1b9f4783-0339-4c3a-b1e7-2e9151c73fa6 [2026-09-18T11:19:42.888545] Adding "src/gen/sap.capire.bookshop.Genres_texts.hdbtable" for deploy... (STDOUT, APP/TASK/deploy)#
#2026 09 18 11:19:45.359#Z#DEBUG#9d22f57d-b352-11f1-9456-eeee0a8e3e3b.Bookshop-db-deployer#flowable-async-job-executor-thread-112534#
[PollExecuteTaskStatusExecution] 1b9f4783-0339-4c3a-b1e7-2e9151c73fa6 [2026-09-18T11:19:42.888548] Adding "src/gen/sap.capire.bookshop.Genres_texts.hdbtable" for deploy... ok (0s 0ms) (STDOUT, APP/TASK/deploy)#
#2026 09 18 11:19:45.359#Z#DEBUG#9d22f57d-b352-11f1-9456-eeee0a8e3e3b.Bookshop-db-deployer#flowable-async-job-executor-thread-112534#
[PollExecuteTaskStatusExecution] 1b9f4783-0339-4c3a-b1e7-2e9151c73fa6 [2026-09-18T11:19:42.888607] Adding "src/gen/sap.common.Currencies.hdbtable" for deploy... (STDOUT, APP/TASK/deploy)#
#2026 09 18 11:19:45.359#Z#DEBUG#9d22f57d-b352-11f1-9456-eeee0a8e3e3b.Bookshop-db-deployer#flowable-async-job-executor-thread-112534#
[PollExecuteTaskStatusExecution] 1b9f4783-0339-4c3a-b1e7-2e9151c73fa6 [2026-09-18T11:19:42.888704] Adding "src/gen/sap.common.Currencies.hdbtable" for deploy... ok (0s 1ms) (STDOUT, APP/TASK/deploy)#
#2026 09 18 11:19:45.359#Z#DEBUG#9d22f57d-b352-11f1-9456-eeee0a8e3e3b.Bookshop-db-deployer#flowable-async-job-executor-thread-112534#
[PollExecuteTaskStatusExecution] 1b9f4783-0339-4c3a-b1e7-2e9151c73fa6 [2026-09-18T11:19:42.888709] Adding "src/gen/sap.common.Currencies_texts.hdbtable" for deploy... (STDOUT, APP/TASK/deploy)#
#2026 09 18 11:19:45.359#Z#DEBUG#9d22f57d-b352-11f1-9456-eeee0a8e3e3b.Bookshop-db-deployer#flowable-async-job-executor-thread-112534#
[PollExecuteTaskStatusExecution] 1b9f4783-0339-4c3a-b1e7-2e9151c73fa6 [2026-09-18T11:19:42.888712] Adding "src/gen/sap.common.Currencies_texts.hdbtable" for deploy... ok (0s 0ms) (STDOUT, APP/TASK/deploy)#
#2026 09 18 11:19:45.359#Z#DEBUG#9d22f57d-b352-11f1-9456-eeee0a8e3e3b.Bookshop-db-deployer#flowable-async-job-executor-thread-112534#
[PollExecuteTaskStatusExecution] 1b9f4783-0339-4c3a-b1e7-2e9151c73fa6 [2026-09-18T11:19:42.888714] Adding "src/gen/sap.common.Languages.hdbtable" for deploy... (STDOUT, APP/TASK/deploy)#
#2026 09 18 11:19:45.359#Z#DEBUG#9d22f57d-b352-11f1-9456-eeee0a8e3e3b.Bookshop-db-deployer#flowable-async-job-executor-thread-112534#
[PollExecuteTaskStatusExecution] 1b9f4783-0339-4c3a-b1e7-2e9151c73fa6 [2026-09-18T11:19:42.888767] Adding "src/gen/sap.common.Languages.hdbtable" for deploy... ok (0s 0ms) (STDOUT, APP/TASK/deploy)#
#2026 09 18 11:19:45.359#Z#DEBUG#9d22f57d-b352-11f1-9456-eeee0a8e3e3b.Bookshop-db-deployer#flowable-async-job-executor-thread-112534#
[PollExecuteTaskStatusExecution] 1b9f4783-0339-4c3a-b1e7-2e9151c73fa6 [2026-09-18T11:19:42.888769] Adding "src/gen/sap.common.Languages_texts.hdbtable" for deploy... (STDOUT, APP/TASK/deploy)#
#2026 09 18 11:19:45.359#Z#DEBUG#9d22f57d-b352-11f1-9456-eeee0a8e3e3b.Bookshop-db-deployer#flowable-async-job-executor-thread-112534#
[PollExecuteTaskStatusExecution] 1b9f4783-0339-4c3a-b1e7-2e9151c73fa6 [2026-09-18T11:19:42.888772] Adding "src/gen/sap.common.Languages_texts.hdbtable" for deploy... ok (0s 0ms) (STDOUT, APP/TASK/deploy)#
#2026 09 18 11:19:45.359#Z#DEBUG#9d22f57d-b352-11f1-9456-eeee0a8e3e3b.Bookshop-db-deployer#flowable-async-job-executor-thread-112534#
[PollExecuteTaskStatusExecution] 1b9f4783-0339-4c3a-b1e7-2e9151c73fa6 [2026-09-18T11:19:42.888774] Preparing... ok (0s 173ms) (STDOUT, APP/TASK/deploy)#
#2026 09 18 11:19:45.359#Z#DEBUG#9d22f57d-b352-11f1-9456-eeee0a8e3e3b.Bookshop-db-deployer#flowable-async-job-executor-thread-112534#
[PollExecuteTaskStatusExecution] 1b9f4783-0339-4c3a-b1e7-2e9151c73fa6 [2026-09-18T11:19:42.888821] Calculating dependencies... (STDOUT, APP/TASK/deploy)#
#2026 09 18 11:19:45.359#Z#DEBUG#9d22f57d-b352-11f1-9456-eeee0a8e3e3b.Bookshop-db-deployer#flowable-async-job-executor-thread-112534#
[PollExecuteTaskStatusExecution] 1b9f4783-0339-4c3a-b1e7-2e9151c73fa6 [2026-09-18T11:19:42.888877] Expanding... (STDOUT, APP/TASK/deploy)#
#2026 09 18 11:19:45.359#Z#DEBUG#9d22f57d-b352-11f1-9456-eeee0a8e3e3b.Bookshop-db-deployer#flowable-async-job-executor-thread-112534#
[PollExecuteTaskStatusExecution] 1b9f4783-0339-4c3a-b1e7-2e9151c73fa6 [2026-09-18T11:19:42.888886] Expanding "src/gen/AdminService.Authors.hdbview"... (STDOUT, APP/TASK/deploy)#
#2026 09 18 11:19:45.359#Z#DEBUG#9d22f57d-b352-11f1-9456-eeee0a8e3e3b.Bookshop-db-deployer#flowable-async-job-executor-thread-112534#
[PollExecuteTaskStatusExecution] 1b9f4783-0339-4c3a-b1e7-2e9151c73fa6 [2026-09-18T11:19:42.888888] Expanding "src/gen/AdminService.Authors_drafts.hdbtable"... (STDOUT, APP/TASK/deploy)#
#2026 09 18 11:19:45.359#Z#DEBUG#9d22f57d-b352-11f1-9456-eeee0a8e3e3b.Bookshop-db-deployer#flowable-async-job-executor-thread-112534#
[PollExecuteTaskStatusExecution] 1b9f4783-0339-4c3a-b1e7-2e9151c73fa6 [2026-09-18T11:19:42.888890] Expanding "src/gen/AdminService.Authors.hdbview"... ok (0s 7ms) (STDOUT, APP/TASK/deploy)#
#2026 09 18 11:19:45.359#Z#DEBUG#9d22f57d-b352-11f1-9456-eeee0a8e3e3b.Bookshop-db-deployer#flowable-async-job-executor-thread-112534#
[PollExecuteTaskStatusExecution] 1b9f4783-0339-4c3a-b1e7-2e9151c73fa6 [2026-09-18T11:19:42.888899] Expanding "src/gen/AdminService.Authors_drafts.hdbtable"... ok (0s 7ms) (STDOUT, APP/TASK/deploy)#
#2026 09 18 11:19:45.359#Z#DEBUG#9d22f57d-b352-11f1-9456-eeee0a8e3e3b.Bookshop-db-deployer#flowable-async-job-executor-thread-112534#
[PollExecuteTaskStatusExecution] 1b9f4783-0339-4c3a-b1e7-2e9151c73fa6 [2026-09-18T11:19:42.888901] Expanding "src/gen/AdminService.Books.hdbview"... (STDOUT, APP/TASK/deploy)#
#2026 09 18 11:19:45.359#Z#DEBUG#9d22f57d-b352-11f1-9456-eeee0a8e3e3b.Bookshop-db-deployer#flowable-async-job-executor-thread-112534#
[PollExecuteTaskStatusExecution] 1b9f4783-0339-4c3a-b1e7-2e9151c73fa6 [2026-09-18T11:19:42.888902] Expanding "src/gen/AdminService.Books_drafts.hdbtable"... (STDOUT, APP/TASK/deploy)#
#2026 09 18 11:19:45.359#Z#DEBUG#9d22f57d-b352-11f1-9456-eeee0a8e3e3b.Bookshop-db-deployer#flowable-async-job-executor-thread-112534#
[PollExecuteTaskStatusExecution] 1b9f4783-0339-4c3a-b1e7-2e9151c73fa6 [2026-09-18T11:19:42.888952] Expanding "src/gen/AdminService.Books.hdbview"... ok (0s 3ms) (STDOUT, APP/TASK/deploy)#
#2026 09 18 11:19:45.359#Z#DEBUG#9d22f57d-b352-11f1-9456-eeee0a8e3e3b.Bookshop-db-deployer#flowable-async-job-executor-thread-112534#
[PollExecuteTaskStatusExecution] 1b9f4783-0339-4c3a-b1e7-2e9151c73fa6 [2026-09-18T11:19:42.888955] Expanding "src/gen/AdminService.Books_texts.hdbview"... (STDOUT, APP/TASK/deploy)#
#2026 09 18 11:19:45.359#Z#DEBUG#9d22f57d-b352-11f1-9456-eeee0a8e3e3b.Bookshop-db-deployer#flowable-async-job-executor-thread-112534#
[PollExecuteTaskStatusExecution] 1b9f4783-0339-4c3a-b1e7-2e9151c73fa6 [2026-09-18T11:19:42.888957] Expanding "src/gen/AdminService.Books_drafts.hdbtable"... ok (0s 4ms) (STDOUT, APP/TASK/deploy)#
#2026 09 18 11:19:45.359#Z#DEBUG#9d22f57d-b352-11f1-9456-eeee0a8e3e3b.Bookshop-db-deployer#flowable-async-job-executor-thread-112534#
[PollExecuteTaskStatusExecution] 1b9f4783-0339-4c3a-b1e7-2e9151c73fa6 [2026-09-18T11:19:42.888960] Expanding "src/gen/AdminService.Books_texts_drafts.hdbtable"... (STDOUT, APP/TASK/deploy)#
#2026 09 18 11:19:45.359#Z#DEBUG#9d22f57d-b352-11f1-9456-eeee0a8e3e3b.Bookshop-db-deployer#flowable-async-job-executor-thread-112534#
[PollExecuteTaskStatusExecution] 1b9f4783-0339-4c3a-b1e7-2e9151c73fa6 [2026-09-18T11:19:42.888963] Expanding "src/gen/AdminService.Books_texts.hdbview"... ok (0s 3ms) (STDOUT, APP/TASK/deploy)#
#2026 09 18 11:19:45.359#Z#DEBUG#9d22f57d-b352-11f1-9456-eeee0a8e3e3b.Bookshop-db-deployer#flowable-async-job-executor-thread-112534#
[PollExecuteTaskStatusExecution] 1b9f4783-0339-4c3a-b1e7-2e9151c73fa6 [2026-09-18T11:19:42.888974] Expanding "src/gen/AdminService.Currencies.hdbview"... (STDOUT, APP/TASK/deploy)#
#2026 09 18 11:19:45.359#Z#DEBUG#9d22f57d-b352-11f1-9456-eeee0a8e3e3b.Bookshop-db-deployer#flowable-async-job-executor-thread-112534#
[PollExecuteTaskStatusExecution] 1b9f4783-0339-4c3a-b1e7-2e9151c73fa6 [2026-09-18T11:19:42.889037] Expanding "src/gen/AdminService.Books_texts_drafts.hdbtable"... ok (0s 3ms) (STDOUT, APP/TASK/deploy)#
#2026 09 18 11:19:45.359#Z#DEBUG#9d22f57d-b352-11f1-9456-eeee0a8e3e3b.Bookshop-db-deployer#flowable-async-job-executor-thread-112534#
[PollExecuteTaskStatusExecution] 1b9f4783-0339-4c3a-b1e7-2e9151c73fa6 [2026-09-18T11:19:42.889051] Expanding "src/gen/AdminService.Currencies_texts.hdbview"... (STDOUT, APP/TASK/deploy)#
#2026 09 18 11:19:45.359#Z#DEBUG#9d22f57d-b352-11f1-9456-eeee0a8e3e3b.Bookshop-db-deployer#flowable-async-job-executor-thread-112534#
[PollExecuteTaskStatusExecution] 1b9f4783-0339-4c3a-b1e7-2e9151c73fa6 [2026-09-18T11:19:42.889053] Expanding "src/gen/AdminService.Currencies.hdbview"... ok (0s 3ms) (STDOUT, APP/TASK/deploy)#
#2026 09 18 11:19:45.359#Z#DEBUG#9d22f57d-b352-11f1-9456-eeee0a8e3e3b.Bookshop-db-deployer#flowable-async-job-executor-thread-112534#
[PollExecuteTaskStatusExecution] 1b9f4783-0339-4c3a-b1e7-2e9151c73fa6 [2026-09-18T11:19:42.889055] Expanding "src/gen/AdminService.DraftAdministrativeData.hdbview"... (STDOUT, APP/TASK/deploy)#
#2026 09 18 11:19:45.359#Z#DEBUG#9d22f57d-b352-11f1-9456-eeee0a8e3e3b.Bookshop-db-deployer#flowable-async-job-executor-thread-112534#
[PollExecuteTaskStatusExecution] 1b9f4783-0339-4c3a-b1e7-2e9151c73fa6 [2026-09-18T11:19:42.889057] Expanding "src/gen/AdminService.Currencies_texts.hdbview"... ok (0s 3ms) (STDOUT, APP/TASK/deploy)#
#2026 09 18 11:19:45.359#Z#DEBUG#9d22f57d-b352-11f1-9456-eeee0a8e3e3b.Bookshop-db-deployer#flowable-async-job-executor-thread-112534#
[PollExecuteTaskStatusExecution] 1b9f4783-0339-4c3a-b1e7-2e9151c73fa6 [2026-09-18T11:19:42.889059] Expanding "src/gen/AdminService.Genres.hdbview"... (STDOUT, APP/TASK/deploy)#
#2026 09 18 11:19:45.359#Z#DEBUG#9d22f57d-b352-11f1-9456-eeee0a8e3e3b.Bookshop-db-deployer#flowable-async-job-executor-thread-112534#
[PollExecuteTaskStatusExecution] 1b9f4783-0339-4c3a-b1e7-2e9151c73fa6 [2026-09-18T11:19:42.889071] Expanding "src/gen/AdminService.DraftAdministrativeData.hdbview"... ok (0s 3ms) (STDOUT, APP/TASK/deploy)#
#2026 09 18 11:19:45.359#Z#DEBUG#9d22f57d-b352-11f1-9456-eeee0a8e3e3b.Bookshop-db-deployer#flowable-async-job-executor-thread-112534#
[PollExecuteTaskStatusExecution] 1b9f4783-0339-4c3a-b1e7-2e9151c73fa6 [2026-09-18T11:19:42.889076] Expanding "src/gen/AdminService.Genres_texts.hdbview"... (STDOUT, APP/TASK/deploy)#
#2026 09 18 11:19:45.359#Z#DEBUG#9d22f57d-b352-11f1-9456-eeee0a8e3e3b.Bookshop-db-deployer#flowable-async-job-executor-thread-112534#
[PollExecuteTaskStatusExecution] 1b9f4783-0339-4c3a-b1e7-2e9151c73fa6 [2026-09-18T11:19:42.889078] Expanding "src/gen/AdminService.Genres.hdbview"... ok (0s 3ms) (STDOUT, APP/TASK/deploy)#
#2026 09 18 11:19:45.359#Z#DEBUG#9d22f57d-b352-11f1-9456-eeee0a8e3e3b.Bookshop-db-deployer#flowable-async-job-executor-thread-112534#
[PollExecuteTaskStatusExecution] 1b9f4783-0339-4c3a-b1e7-2e9151c73fa6 [2026-09-18T11:19:42.889081] Expanding "src/gen/AdminService.Languages.hdbview"... (STDOUT, APP/TASK/deploy)#
#2026 09 18 11:19:45.359#Z#DEBUG#9d22f57d-b352-11f1-9456-eeee0a8e3e3b.Bookshop-db-deployer#flowable-async-job-executor-thread-112534#
[PollExecuteTaskStatusExecution] 1b9f4783-0339-4c3a-b1e7-2e9151c73fa6 [2026-09-18T11:19:43.903055] Expanding "src/gen/AdminService.Genres_texts.hdbview"... ok (0s 3ms) (STDOUT, APP/TASK/deploy)#
#2026 09 18 11:19:45.359#Z#DEBUG#9d22f57d-b352-11f1-9456-eeee0a8e3e3b.Bookshop-db-deployer#flowable-async-job-executor-thread-112534#
[PollExecuteTaskStatusExecution] 1b9f4783-0339-4c3a-b1e7-2e9151c73fa6 [2026-09-18T11:19:43.903074] Expanding "src/gen/AdminService.Languages_texts.hdbview"... (STDOUT, APP/TASK/deploy)#
#2026 09 18 11:19:45.359#Z#DEBUG#9d22f57d-b352-11f1-9456-eeee0a8e3e3b.Bookshop-db-deployer#flowable-async-job-executor-thread-112534#
[PollExecuteTaskStatusExecution] 1b9f4783-0339-4c3a-b1e7-2e9151c73fa6 [2026-09-18T11:19:43.903077] Expanding "src/gen/AdminService.Languages.hdbview"... ok (0s 3ms) (STDOUT, APP/TASK/deploy)#
#2026 09 18 11:19:45.359#Z#DEBUG#9d22f57d-b352-11f1-9456-eeee0a8e3e3b.Bookshop-db-deployer#flowable-async-job-executor-thread-112534#
[PollExecuteTaskStatusExecution] 1b9f4783-0339-4c3a-b1e7-2e9151c73fa6 [2026-09-18T11:19:43.903082] Expanding "src/gen/CatalogService.Books.hdbview"... (STDOUT, APP/TASK/deploy)#
#2026 09 18 11:19:45.359#Z#DEBUG#9d22f57d-b352-11f1-9456-eeee0a8e3e3b.Bookshop-db-deployer#flowable-async-job-executor-thread-112534#
[PollExecuteTaskStatusExecution] 1b9f4783-0339-4c3a-b1e7-2e9151c73fa6 [2026-09-18T11:19:43.903084] Expanding "src/gen/AdminService.Languages_texts.hdbview"... ok (0s 2ms) (STDOUT, APP/TASK/deploy)#
#2026 09 18 11:19:45.359#Z#DEBUG#9d22f57d-b352-11f1-9456-eeee0a8e3e3b.Bookshop-db-deployer#flowable-async-job-executor-thread-112534#
[PollExecuteTaskStatusExecution] 1b9f4783-0339-4c3a-b1e7-2e9151c73fa6 [2026-09-18T11:19:43.903086] Expanding "src/gen/CatalogService.Books_texts.hdbview"... (STDOUT, APP/TASK/deploy)#
#2026 09 18 11:19:45.359#Z#DEBUG#9d22f57d-b352-11f1-9456-eeee0a8e3e3b.Bookshop-db-deployer#flowable-async-job-executor-thread-112534#
[PollExecuteTaskStatusExecution] 1b9f4783-0339-4c3a-b1e7-2e9151c73fa6 [2026-09-18T11:19:43.903088] Expanding "src/gen/CatalogService.Books.hdbview"... ok (0s 3ms) (STDOUT, APP/TASK/deploy)#
#2026 09 18 11:19:45.359#Z#DEBUG#9d22f57d-b352-11f1-9456-eeee0a8e3e3b.Bookshop-db-deployer#flowable-async-job-executor-thread-112534#
[PollExecuteTaskStatusExecution] 1b9f4783-0339-4c3a-b1e7-2e9151c73fa6 [2026-09-18T11:19:43.903090] Expanding "src/gen/CatalogService.Currencies.hdbview"... (STDOUT, APP/TASK/deploy)#
#2026 09 18 11:19:45.359#Z#DEBUG#9d22f57d-b352-11f1-9456-eeee0a8e3e3b.Bookshop-db-deployer#flowable-async-job-executor-thread-112534#
[PollExecuteTaskStatusExecution] 1b9f4783-0339-4c3a-b1e7-2e9151c73fa6 [2026-09-18T11:19:43.903091] Expanding "src/gen/CatalogService.Books_texts.hdbview"... ok (0s 2ms) (STDOUT, APP/TASK/deploy)#
#2026 09 18 11:19:45.359#Z#DEBUG#9d22f57d-b352-11f1-9456-eeee0a8e3e3b.Bookshop-db-deployer#flowable-async-job-executor-thread-112534#
[PollExecuteTaskStatusExecution] 1b9f4783-0339-4c3a-b1e7-2e9151c73fa6 [2026-09-18T11:19:43.903094] Expanding "src/gen/CatalogService.Currencies_texts.hdbview"... (STDOUT, APP/TASK/deploy)#
#2026 09 18 11:19:45.359#Z#DEBUG#9d22f57d-b352-11f1-9456-eeee0a8e3e3b.Bookshop-db-deployer#flowable-async-job-executor-thread-112534#
[PollExecuteTaskStatusExecution] 1b9f4783-0339-4c3a-b1e7-2e9151c73fa6 [2026-09-18T11:19:43.903103] Expanding "src/gen/CatalogService.Currencies.hdbview"... ok (0s 3ms) (STDOUT, APP/TASK/deploy)#
#2026 09 18 11:19:45.359#Z#DEBUG#9d22f57d-b352-11f1-9456-eeee0a8e3e3b.Bookshop-db-deployer#flowable-async-job-executor-thread-112534#
[PollExecuteTaskStatusExecution] 1b9f4783-0339-4c3a-b1e7-2e9151c73fa6 [2026-09-18T11:19:43.903105] Expanding "src/gen/CatalogService.Genres.hdbview"... (STDOUT, APP/TASK/deploy)#
#2026 09 18 11:19:45.359#Z#DEBUG#9d22f57d-b352-11f1-9456-eeee0a8e3e3b.Bookshop-db-deployer#flowable-async-job-executor-thread-112534#
[PollExecuteTaskStatusExecution] 1b9f4783-0339-4c3a-b1e7-2e9151c73fa6 [2026-09-18T11:19:43.903108] Expanding "src/gen/CatalogService.Currencies_texts.hdbview"... ok (0s 3ms) (STDOUT, APP/TASK/deploy)#
#2026 09 18 11:19:45.359#Z#DEBUG#9d22f57d-b352-11f1-9456-eeee0a8e3e3b.Bookshop-db-deployer#flowable-async-job-executor-thread-112534#
[PollExecuteTaskStatusExecution] 1b9f4783-0339-4c3a-b1e7-2e9151c73fa6 [2026-09-18T11:19:43.903118] Expanding "src/gen/CatalogService.Genres_texts.hdbview"... (STDOUT, APP/TASK/deploy)#
#2026 09 18 11:19:45.359#Z#DEBUG#9d22f57d-b352-11f1-9456-eeee0a8e3e3b.Bookshop-db-deployer#flowable-async-job-executor-thread-112534#
[PollExecuteTaskStatusExecution] 1b9f4783-0339-4c3a-b1e7-2e9151c73fa6 [2026-09-18T11:19:43.903120] Expanding "src/gen/CatalogService.Genres.hdbview"... ok (0s 3ms) (STDOUT, APP/TASK/deploy)#
#2026 09 18 11:19:45.359#Z#DEBUG#9d22f57d-b352-11f1-9456-eeee0a8e3e3b.Bookshop-db-deployer#flowable-async-job-executor-thread-112534#
[PollExecuteTaskStatusExecution] 1b9f4783-0339-4c3a-b1e7-2e9151c73fa6 [2026-09-18T11:19:43.903124] Expanding "src/gen/CatalogService.ListOfBooks.hdbview"... (STDOUT, APP/TASK/deploy)#
#2026 09 18 11:19:45.359#Z#DEBUG#9d22f57d-b352-11f1-9456-eeee0a8e3e3b.Bookshop-db-deployer#flowable-async-job-executor-thread-112534#
[PollExecuteTaskStatusExecution] 1b9f4783-0339-4c3a-b1e7-2e9151c73fa6 [2026-09-18T11:19:43.903175] Expanding "src/gen/CatalogService.Genres_texts.hdbview"... ok (0s 3ms) (STDOUT, APP/TASK/deploy)#
#2026 09 18 11:19:45.359#Z#DEBUG#9d22f57d-b352-11f1-9456-eeee0a8e3e3b.Bookshop-db-deployer#flowable-async-job-executor-thread-112534#
[PollExecuteTaskStatusExecution] 1b9f4783-0339-4c3a-b1e7-2e9151c73fa6 [2026-09-18T11:19:43.903186] Expanding "src/gen/DRAFT.DraftAdministrativeData.hdbtable"... (STDOUT, APP/TASK/deploy)#
#2026 09 18 11:19:45.359#Z#DEBUG#9d22f57d-b352-11f1-9456-eeee0a8e3e3b.Bookshop-db-deployer#flowable-async-job-executor-thread-112534#
[PollExecuteTaskStatusExecution] 1b9f4783-0339-4c3a-b1e7-2e9151c73fa6 [2026-09-18T11:19:43.903188] Expanding "src/gen/CatalogService.ListOfBooks.hdbview"... ok (0s 3ms) (STDOUT, APP/TASK/deploy)#
#2026 09 18 11:19:45.359#Z#DEBUG#9d22f57d-b352-11f1-9456-eeee0a8e3e3b.Bookshop-db-deployer#flowable-async-job-executor-thread-112534#
[PollExecuteTaskStatusExecution] 1b9f4783-0339-4c3a-b1e7-2e9151c73fa6 [2026-09-18T11:19:43.903192] Expanding "src/gen/cds.outbox.Messages.hdbtable"... (STDOUT, APP/TASK/deploy)#
#2026 09 18 11:19:45.359#Z#DEBUG#9d22f57d-b352-11f1-9456-eeee0a8e3e3b.Bookshop-db-deployer#flowable-async-job-executor-thread-112534#
[PollExecuteTaskStatusExecution] 1b9f4783-0339-4c3a-b1e7-2e9151c73fa6 [2026-09-18T11:19:43.903194] Expanding "src/gen/DRAFT.DraftAdministrativeData.hdbtable"... ok (0s 2ms) (STDOUT, APP/TASK/deploy)#
#2026 09 18 11:19:45.359#Z#DEBUG#9d22f57d-b352-11f1-9456-eeee0a8e3e3b.Bookshop-db-deployer#flowable-async-job-executor-thread-112534#
[PollExecuteTaskStatusExecution] 1b9f4783-0339-4c3a-b1e7-2e9151c73fa6 [2026-09-18T11:19:43.903196] Expanding "src/gen/data/sap.capire.bookshop-Authors.hdbtabledata"... (STDOUT, APP/TASK/deploy)#
#2026 09 18 11:19:45.359#Z#DEBUG#9d22f57d-b352-11f1-9456-eeee0a8e3e3b.Bookshop-db-deployer#flowable-async-job-executor-thread-112534#
[PollExecuteTaskStatusExecution] 1b9f4783-0339-4c3a-b1e7-2e9151c73fa6 [2026-09-18T11:19:43.903200] Expanding "src/gen/cds.outbox.Messages.hdbtable"... ok (0s 3ms) (STDOUT, APP/TASK/deploy)#
#2026 09 18 11:19:45.359#Z#DEBUG#9d22f57d-b352-11f1-9456-eeee0a8e3e3b.Bookshop-db-deployer#flowable-async-job-executor-thread-112534#
[PollExecuteTaskStatusExecution] 1b9f4783-0339-4c3a-b1e7-2e9151c73fa6 [2026-09-18T11:19:43.903213] Expanding "src/gen/data/sap.capire.bookshop-Books.hdbtabledata"... (STDOUT, APP/TASK/deploy)#
#2026 09 18 11:19:45.359#Z#DEBUG#9d22f57d-b352-11f1-9456-eeee0a8e3e3b.Bookshop-db-deployer#flowable-async-job-executor-thread-112534#
[PollExecuteTaskStatusExecution] 1b9f4783-0339-4c3a-b1e7-2e9151c73fa6 [2026-09-18T11:19:43.903216] Expanding "src/gen/data/sap.capire.bookshop-Authors.hdbtabledata"... ok (0s 2ms) (STDOUT, APP/TASK/deploy)#
#2026 09 18 11:19:45.359#Z#DEBUG#9d22f57d-b352-11f1-9456-eeee0a8e3e3b.Bookshop-db-deployer#flowable-async-job-executor-thread-112534#
[PollExecuteTaskStatusExecution] 1b9f4783-0339-4c3a-b1e7-2e9151c73fa6 [2026-09-18T11:19:43.903217] Expanding "src/gen/data/sap.capire.bookshop-Books.texts.hdbtabledata"... (STDOUT, APP/TASK/deploy)#
#2026 09 18 11:19:45.359#Z#DEBUG#9d22f57d-b352-11f1-9456-eeee0a8e3e3b.Bookshop-db-deployer#flowable-async-job-executor-thread-112534#
[PollExecuteTaskStatusExecution] 1b9f4783-0339-4c3a-b1e7-2e9151c73fa6 [2026-09-18T11:19:43.903219] Expanding "src/gen/data/sap.capire.bookshop-Books.hdbtabledata"... ok (0s 1ms) (STDOUT, APP/TASK/deploy)#
#2026 09 18 11:19:45.359#Z#DEBUG#9d22f57d-b352-11f1-9456-eeee0a8e3e3b.Bookshop-db-deployer#flowable-async-job-executor-thread-112534#
[PollExecuteTaskStatusExecution] 1b9f4783-0339-4c3a-b1e7-2e9151c73fa6 [2026-09-18T11:19:43.903222] Expanding "src/gen/data/sap.capire.bookshop-Genres.hdbtabledata"... (STDOUT, APP/TASK/deploy)#
#2026 09 18 11:19:45.359#Z#DEBUG#9d22f57d-b352-11f1-9456-eeee0a8e3e3b.Bookshop-db-deployer#flowable-async-job-executor-thread-112534#
[PollExecuteTaskStatusExecution] 1b9f4783-0339-4c3a-b1e7-2e9151c73fa6 [2026-09-18T11:19:43.903224] Expanding "src/gen/data/sap.capire.bookshop-Genres.hdbtabledata"... ok (0s 0ms) (STDOUT, APP/TASK/deploy)#
#2026 09 18 11:19:45.359#Z#DEBUG#9d22f57d-b352-11f1-9456-eeee0a8e3e3b.Bookshop-db-deployer#flowable-async-job-executor-thread-112534#
[PollExecuteTaskStatusExecution] 1b9f4783-0339-4c3a-b1e7-2e9151c73fa6 [2026-09-18T11:19:43.903287] Expanding "src/gen/data/sap.capire.bookshop-Genres.texts.hdbtabledata"... (STDOUT, APP/TASK/deploy)#
#2026 09 18 11:19:45.359#Z#DEBUG#9d22f57d-b352-11f1-9456-eeee0a8e3e3b.Bookshop-db-deployer#flowable-async-job-executor-thread-112534#
[PollExecuteTaskStatusExecution] 1b9f4783-0339-4c3a-b1e7-2e9151c73fa6 [2026-09-18T11:19:43.903305] Expanding "src/gen/data/sap.capire.bookshop-Books.texts.hdbtabledata"... ok (0s 1ms) (STDOUT, APP/TASK/deploy)#
#2026 09 18 11:19:45.359#Z#DEBUG#9d22f57d-b352-11f1-9456-eeee0a8e3e3b.Bookshop-db-deployer#flowable-async-job-executor-thread-112534#
[PollExecuteTaskStatusExecution] 1b9f4783-0339-4c3a-b1e7-2e9151c73fa6 [2026-09-18T11:19:43.903308] Expanding "src/gen/data/sap.common-Currencies.hdbtabledata"... (STDOUT, APP/TASK/deploy)#
#2026 09 18 11:19:45.359#Z#DEBUG#9d22f57d-b352-11f1-9456-eeee0a8e3e3b.Bookshop-db-deployer#flowable-async-job-executor-thread-112534#
[PollExecuteTaskStatusExecution] 1b9f4783-0339-4c3a-b1e7-2e9151c73fa6 [2026-09-18T11:19:43.903310] Expanding "src/gen/data/sap.capire.bookshop-Genres.texts.hdbtabledata"... ok (0s 0ms) (STDOUT, APP/TASK/deploy)#
#2026 09 18 11:19:45.359#Z#DEBUG#9d22f57d-b352-11f1-9456-eeee0a8e3e3b.Bookshop-db-deployer#flowable-async-job-executor-thread-112534#
[PollExecuteTaskStatusExecution] 1b9f4783-0339-4c3a-b1e7-2e9151c73fa6 [2026-09-18T11:19:43.903312] Expanding "src/gen/data/sap.common-Currencies.texts.hdbtabledata"... (STDOUT, APP/TASK/deploy)#
#2026 09 18 11:19:45.359#Z#DEBUG#9d22f57d-b352-11f1-9456-eeee0a8e3e3b.Bookshop-db-deployer#flowable-async-job-executor-thread-112534#
[PollExecuteTaskStatusExecution] 1b9f4783-0339-4c3a-b1e7-2e9151c73fa6 [2026-09-18T11:19:43.903314] Expanding "src/gen/data/sap.common-Currencies.hdbtabledata"... ok (0s 1ms) (STDOUT, APP/TASK/deploy)#
#2026 09 18 11:19:45.359#Z#DEBUG#9d22f57d-b352-11f1-9456-eeee0a8e3e3b.Bookshop-db-deployer#flowable-async-job-executor-thread-112534#
[PollExecuteTaskStatusExecution] 1b9f4783-0339-4c3a-b1e7-2e9151c73fa6 [2026-09-18T11:19:43.903316] Expanding "src/gen/localized.AdminService.Books.hdbview"... (STDOUT, APP/TASK/deploy)#
#2026 09 18 11:19:45.359#Z#DEBUG#9d22f57d-b352-11f1-9456-eeee0a8e3e3b.Bookshop-db-deployer#flowable-async-job-executor-thread-112534#
[PollExecuteTaskStatusExecution] 1b9f4783-0339-4c3a-b1e7-2e9151c73fa6 [2026-09-18T11:19:43.903320] Expanding "src/gen/data/sap.common-Currencies.texts.hdbtabledata"... ok (0s 1ms) (STDOUT, APP/TASK/deploy)#
#2026 09 18 11:19:45.359#Z#DEBUG#9d22f57d-b352-11f1-9456-eeee0a8e3e3b.Bookshop-db-deployer#flowable-async-job-executor-thread-112534#
[PollExecuteTaskStatusExecution] 1b9f4783-0339-4c3a-b1e7-2e9151c73fa6 [2026-09-18T11:19:43.903323] Expanding "src/gen/localized.AdminService.Currencies.hdbview"... (STDOUT, APP/TASK/deploy)#
#2026 09 18 11:19:45.359#Z#DEBUG#9d22f57d-b352-11f1-9456-eeee0a8e3e3b.Bookshop-db-deployer#flowable-async-job-executor-thread-112534#
[PollExecuteTaskStatusExecution] 1b9f4783-0339-4c3a-b1e7-2e9151c73fa6 [2026-09-18T11:19:43.903339] Expanding "src/gen/localized.AdminService.Currencies.hdbview"... ok (0s 3ms) (STDOUT, APP/TASK/deploy)#
#2026 09 18 11:19:45.359#Z#DEBUG#9d22f57d-b352-11f1-9456-eeee0a8e3e3b.Bookshop-db-deployer#flowable-async-job-executor-thread-112534#
[PollExecuteTaskStatusExecution] 1b9f4783-0339-4c3a-b1e7-2e9151c73fa6 [2026-09-18T11:19:43.903341] Expanding "src/gen/localized.AdminService.Genres.hdbview"... (STDOUT, APP/TASK/deploy)#
#2026 09 18 11:19:45.359#Z#DEBUG#9d22f57d-b352-11f1-9456-eeee0a8e3e3b.Bookshop-db-deployer#flowable-async-job-executor-thread-112534#
[PollExecuteTaskStatusExecution] 1b9f4783-0339-4c3a-b1e7-2e9151c73fa6 [2026-09-18T11:19:43.903345] Expanding "src/gen/localized.AdminService.Books.hdbview"... ok (0s 3ms) (STDOUT, APP/TASK/deploy)#
#2026 09 18 11:19:45.359#Z#DEBUG#9d22f57d-b352-11f1-9456-eeee0a8e3e3b.Bookshop-db-deployer#flowable-async-job-executor-thread-112534#
[PollExecuteTaskStatusExecution] 1b9f4783-0339-4c3a-b1e7-2e9151c73fa6 [2026-09-18T11:19:43.903348] Expanding "src/gen/localized.AdminService.Languages.hdbview"... (STDOUT, APP/TASK/deploy)#
#2026 09 18 11:19:45.359#Z#DEBUG#9d22f57d-b352-11f1-9456-eeee0a8e3e3b.Bookshop-db-deployer#flowable-async-job-executor-thread-112534#
[PollExecuteTaskStatusExecution] 1b9f4783-0339-4c3a-b1e7-2e9151c73fa6 [2026-09-18T11:19:43.903350] Expanding "src/gen/localized.AdminService.Genres.hdbview"... ok (0s 3ms) (STDOUT, APP/TASK/deploy)#
#2026 09 18 11:19:45.359#Z#DEBUG#9d22f57d-b352-11f1-9456-eeee0a8e3e3b.Bookshop-db-deployer#flowable-async-job-executor-thread-112534#
[PollExecuteTaskStatusExecution] 1b9f4783-0339-4c3a-b1e7-2e9151c73fa6 [2026-09-18T11:19:43.903351] Expanding "src/gen/localized.CatalogService.Books.hdbview"... (STDOUT, APP/TASK/deploy)#
#2026 09 18 11:19:45.359#Z#DEBUG#9d22f57d-b352-11f1-9456-eeee0a8e3e3b.Bookshop-db-deployer#flowable-async-job-executor-thread-112534#
[PollExecuteTaskStatusExecution] 1b9f4783-0339-4c3a-b1e7-2e9151c73fa6 [2026-09-18T11:19:43.903353] Expanding "src/gen/localized.AdminService.Languages.hdbview"... ok (0s 3ms) (STDOUT, APP/TASK/deploy)#
#2026 09 18 11:19:45.359#Z#DEBUG#9d22f57d-b352-11f1-9456-eeee0a8e3e3b.Bookshop-db-deployer#flowable-async-job-executor-thread-112534#
[PollExecuteTaskStatusExecution] 1b9f4783-0339-4c3a-b1e7-2e9151c73fa6 [2026-09-18T11:19:43.903362] Expanding "src/gen/localized.CatalogService.Currencies.hdbview"... (STDOUT, APP/TASK/deploy)#
#2026 09 18 11:19:45.359#Z#DEBUG#9d22f57d-b352-11f1-9456-eeee0a8e3e3b.Bookshop-db-deployer#flowable-async-job-executor-thread-112534#
[PollExecuteTaskStatusExecution] 1b9f4783-0339-4c3a-b1e7-2e9151c73fa6 [2026-09-18T11:19:43.903366] Expanding "src/gen/localized.CatalogService.Currencies.hdbview"... ok (0s 2ms) (STDOUT, APP/TASK/deploy)#
#2026 09 18 11:19:45.359#Z#DEBUG#9d22f57d-b352-11f1-9456-eeee0a8e3e3b.Bookshop-db-deployer#flowable-async-job-executor-thread-112534#
[PollExecuteTaskStatusExecution] 1b9f4783-0339-4c3a-b1e7-2e9151c73fa6 [2026-09-18T11:19:43.903379] Expanding "src/gen/localized.CatalogService.Genres.hdbview"... (STDOUT, APP/TASK/deploy)#
#2026 09 18 11:19:45.359#Z#DEBUG#9d22f57d-b352-11f1-9456-eeee0a8e3e3b.Bookshop-db-deployer#flowable-async-job-executor-thread-112534#
[PollExecuteTaskStatusExecution] 1b9f4783-0339-4c3a-b1e7-2e9151c73fa6 [2026-09-18T11:19:43.903382] Expanding "src/gen/localized.CatalogService.Books.hdbview"... ok (0s 2ms) (STDOUT, APP/TASK/deploy)#
#2026 09 18 11:19:45.359#Z#DEBUG#9d22f57d-b352-11f1-9456-eeee0a8e3e3b.Bookshop-db-deployer#flowable-async-job-executor-thread-112534#
[PollExecuteTaskStatusExecution] 1b9f4783-0339-4c3a-b1e7-2e9151c73fa6 [2026-09-18T11:19:43.903384] Expanding "src/gen/localized.CatalogService.ListOfBooks.hdbview"... (STDOUT, APP/TASK/deploy)#
#2026 09 18 11:19:45.359#Z#DEBUG#9d22f57d-b352-11f1-9456-eeee0a8e3e3b.Bookshop-db-deployer#flowable-async-job-executor-thread-112534#
[PollExecuteTaskStatusExecution] 1b9f4783-0339-4c3a-b1e7-2e9151c73fa6 [2026-09-18T11:19:43.903418] Expanding "src/gen/localized.CatalogService.Genres.hdbview"... ok (0s 3ms) (STDOUT, APP/TASK/deploy)#
#2026 09 18 11:19:45.359#Z#DEBUG#9d22f57d-b352-11f1-9456-eeee0a8e3e3b.Bookshop-db-deployer#flowable-async-job-executor-thread-112534#
[PollExecuteTaskStatusExecution] 1b9f4783-0339-4c3a-b1e7-2e9151c73fa6 [2026-09-18T11:19:43.903436] Expanding "src/gen/localized.sap.capire.bookshop.Books.hdbview"... (STDOUT, APP/TASK/deploy)#
#2026 09 18 11:19:45.359#Z#DEBUG#9d22f57d-b352-11f1-9456-eeee0a8e3e3b.Bookshop-db-deployer#flowable-async-job-executor-thread-112534#
[PollExecuteTaskStatusExecution] 1b9f4783-0339-4c3a-b1e7-2e9151c73fa6 [2026-09-18T11:19:43.903439] Expanding "src/gen/localized.CatalogService.ListOfBooks.hdbview"... ok (0s 3ms) (STDOUT, APP/TASK/deploy)#
#2026 09 18 11:19:45.359#Z#DEBUG#9d22f57d-b352-11f1-9456-eeee0a8e3e3b.Bookshop-db-deployer#flowable-async-job-executor-thread-112534#
[PollExecuteTaskStatusExecution] 1b9f4783-0339-4c3a-b1e7-2e9151c73fa6 [2026-09-18T11:19:43.903441] Expanding "src/gen/localized.sap.capire.bookshop.Genres.hdbview"... (STDOUT, APP/TASK/deploy)#
#2026 09 18 11:19:45.359#Z#DEBUG#9d22f57d-b352-11f1-9456-eeee0a8e3e3b.Bookshop-db-deployer#flowable-async-job-executor-thread-112534#
[PollExecuteTaskStatusExecution] 1b9f4783-0339-4c3a-b1e7-2e9151c73fa6 [2026-09-18T11:19:43.903459] Expanding "src/gen/localized.sap.capire.bookshop.Books.hdbview"... ok (0s 3ms) (STDOUT, APP/TASK/deploy)#
#2026 09 18 11:19:45.359#Z#DEBUG#9d22f57d-b352-11f1-9456-eeee0a8e3e3b.Bookshop-db-deployer#flowable-async-job-executor-thread-112534#
[PollExecuteTaskStatusExecution] 1b9f4783-0339-4c3a-b1e7-2e9151c73fa6 [2026-09-18T11:19:43.903462] Expanding "src/gen/localized.sap.common.Currencies.hdbview"... (STDOUT, APP/TASK/deploy)#
#2026 09 18 11:19:45.359#Z#DEBUG#9d22f57d-b352-11f1-9456-eeee0a8e3e3b.Bookshop-db-deployer#flowable-async-job-executor-thread-112534#
[PollExecuteTaskStatusExecution] 1b9f4783-0339-4c3a-b1e7-2e9151c73fa6 [2026-09-18T11:19:43.903464] Expanding "src/gen/localized.sap.capire.bookshop.Genres.hdbview"... ok (0s 3ms) (STDOUT, APP/TASK/deploy)#
#2026 09 18 11:19:45.359#Z#DEBUG#9d22f57d-b352-11f1-9456-eeee0a8e3e3b.Bookshop-db-deployer#flowable-async-job-executor-thread-112534#
[PollExecuteTaskStatusExecution] 1b9f4783-0339-4c3a-b1e7-2e9151c73fa6 [2026-09-18T11:19:43.903467] Expanding "src/gen/localized.sap.common.Languages.hdbview"... (STDOUT, APP/TASK/deploy)#
#2026 09 18 11:19:45.359#Z#DEBUG#9d22f57d-b352-11f1-9456-eeee0a8e3e3b.Bookshop-db-deployer#flowable-async-job-executor-thread-112534#
[PollExecuteTaskStatusExecution] 1b9f4783-0339-4c3a-b1e7-2e9151c73fa6 [2026-09-18T11:19:43.903469] Expanding "src/gen/localized.sap.common.Languages.hdbview"... ok (0s 3ms) (STDOUT, APP/TASK/deploy)#
#2026 09 18 11:19:45.359#Z#DEBUG#9d22f57d-b352-11f1-9456-eeee0a8e3e3b.Bookshop-db-deployer#flowable-async-job-executor-thread-112534#
[PollExecuteTaskStatusExecution] 1b9f4783-0339-4c3a-b1e7-2e9151c73fa6 [2026-09-18T11:19:43.903471] Expanding "src/gen/sap.capire.bookshop.Authors.hdbtable"... (STDOUT, APP/TASK/deploy)#
#2026 09 18 11:19:45.359#Z#DEBUG#9d22f57d-b352-11f1-9456-eeee0a8e3e3b.Bookshop-db-deployer#flowable-async-job-executor-thread-112534#
[PollExecuteTaskStatusExecution] 1b9f4783-0339-4c3a-b1e7-2e9151c73fa6 [2026-09-18T11:19:43.903507] Expanding "src/gen/localized.sap.common.Currencies.hdbview"... ok (0s 3ms) (STDOUT, APP/TASK/deploy)#
#2026 09 18 11:19:45.359#Z#DEBUG#9d22f57d-b352-11f1-9456-eeee0a8e3e3b.Bookshop-db-deployer#flowable-async-job-executor-thread-112534#
[PollExecuteTaskStatusExecution] 1b9f4783-0339-4c3a-b1e7-2e9151c73fa6 [2026-09-18T11:19:43.903533] Expanding "src/gen/sap.capire.bookshop.Books.hdbtable"... (STDOUT, APP/TASK/deploy)#
#2026 09 18 11:19:45.359#Z#DEBUG#9d22f57d-b352-11f1-9456-eeee0a8e3e3b.Bookshop-db-deployer#flowable-async-job-executor-thread-112534#
[PollExecuteTaskStatusExecution] 1b9f4783-0339-4c3a-b1e7-2e9151c73fa6 [2026-09-18T11:19:43.903537] Expanding "src/gen/sap.capire.bookshop.Books.hdbtable"... ok (0s 3ms) (STDOUT, APP/TASK/deploy)#
#2026 09 18 11:19:45.359#Z#DEBUG#9d22f57d-b352-11f1-9456-eeee0a8e3e3b.Bookshop-db-deployer#flowable-async-job-executor-thread-112534#
[PollExecuteTaskStatusExecution] 1b9f4783-0339-4c3a-b1e7-2e9151c73fa6 [2026-09-18T11:19:43.903541] Expanding "src/gen/sap.capire.bookshop.Books_texts.hdbtable"... (STDOUT, APP/TASK/deploy)#
#2026 09 18 11:19:45.359#Z#DEBUG#9d22f57d-b352-11f1-9456-eeee0a8e3e3b.Bookshop-db-deployer#flowable-async-job-executor-thread-112534#
[PollExecuteTaskStatusExecution] 1b9f4783-0339-4c3a-b1e7-2e9151c73fa6 [2026-09-18T11:19:43.903544] Expanding "src/gen/sap.capire.bookshop.Authors.hdbtable"... ok (0s 3ms) (STDOUT, APP/TASK/deploy)#
#2026 09 18 11:19:45.359#Z#DEBUG#9d22f57d-b352-11f1-9456-eeee0a8e3e3b.Bookshop-db-deployer#flowable-async-job-executor-thread-112534#
[PollExecuteTaskStatusExecution] 1b9f4783-0339-4c3a-b1e7-2e9151c73fa6 [2026-09-18T11:19:43.903567] Expanding "src/gen/sap.capire.bookshop.Genres.hdbtable"... (STDOUT, APP/TASK/deploy)#
#2026 09 18 11:19:45.359#Z#DEBUG#9d22f57d-b352-11f1-9456-eeee0a8e3e3b.Bookshop-db-deployer#flowable-async-job-executor-thread-112534#
[PollExecuteTaskStatusExecution] 1b9f4783-0339-4c3a-b1e7-2e9151c73fa6 [2026-09-18T11:19:43.903570] Expanding "src/gen/sap.capire.bookshop.Genres.hdbtable"... ok (0s 3ms) (STDOUT, APP/TASK/deploy)#
#2026 09 18 11:19:45.359#Z#DEBUG#9d22f57d-b352-11f1-9456-eeee0a8e3e3b.Bookshop-db-deployer#flowable-async-job-executor-thread-112534#
[PollExecuteTaskStatusExecution] 1b9f4783-0339-4c3a-b1e7-2e9151c73fa6 [2026-09-18T11:19:43.903571] Expanding "src/gen/sap.capire.bookshop.Genres_texts.hdbtable"... (STDOUT, APP/TASK/deploy)#
#2026 09 18 11:19:45.359#Z#DEBUG#9d22f57d-b352-11f1-9456-eeee0a8e3e3b.Bookshop-db-deployer#flowable-async-job-executor-thread-112534#
[PollExecuteTaskStatusExecution] 1b9f4783-0339-4c3a-b1e7-2e9151c73fa6 [2026-09-18T11:19:43.903579] Expanding "src/gen/sap.capire.bookshop.Books_texts.hdbtable"... ok (0s 4ms) (STDOUT, APP/TASK/deploy)#
#2026 09 18 11:19:45.359#Z#DEBUG#9d22f57d-b352-11f1-9456-eeee0a8e3e3b.Bookshop-db-deployer#flowable-async-job-executor-thread-112534#
[PollExecuteTaskStatusExecution] 1b9f4783-0339-4c3a-b1e7-2e9151c73fa6 [2026-09-18T11:19:43.903581] Expanding "src/gen/sap.common.Currencies.hdbtable"... (STDOUT, APP/TASK/deploy)#
#2026 09 18 11:19:45.359#Z#DEBUG#9d22f57d-b352-11f1-9456-eeee0a8e3e3b.Bookshop-db-deployer#flowable-async-job-executor-thread-112534#
[PollExecuteTaskStatusExecution] 1b9f4783-0339-4c3a-b1e7-2e9151c73fa6 [2026-09-18T11:19:43.903589] Expanding "src/gen/sap.capire.bookshop.Genres_texts.hdbtable"... ok (0s 3ms) (STDOUT, APP/TASK/deploy)#
#2026 09 18 11:19:45.359#Z#DEBUG#9d22f57d-b352-11f1-9456-eeee0a8e3e3b.Bookshop-db-deployer#flowable-async-job-executor-thread-112534#
[PollExecuteTaskStatusExecution] 1b9f4783-0339-4c3a-b1e7-2e9151c73fa6 [2026-09-18T11:19:43.903592] Expanding "src/gen/sap.common.Currencies_texts.hdbtable"... (STDOUT, APP/TASK/deploy)#
#2026 09 18 11:19:45.359#Z#DEBUG#9d22f57d-b352-11f1-9456-eeee0a8e3e3b.Bookshop-db-deployer#flowable-async-job-executor-thread-112534#
[PollExecuteTaskStatusExecution] 1b9f4783-0339-4c3a-b1e7-2e9151c73fa6 [2026-09-18T11:19:43.903634] Expanding "src/gen/sap.common.Currencies.hdbtable"... ok (0s 2ms) (STDOUT, APP/TASK/deploy)#
#2026 09 18 11:19:45.359#Z#DEBUG#9d22f57d-b352-11f1-9456-eeee0a8e3e3b.Bookshop-db-deployer#flowable-async-job-executor-thread-112534#
[PollExecuteTaskStatusExecution] 1b9f4783-0339-4c3a-b1e7-2e9151c73fa6 [2026-09-18T11:19:43.903763] Expanding "src/gen/sap.common.Languages.hdbtable"... (STDOUT, APP/TASK/deploy)#
#2026 09 18 11:19:45.359#Z#DEBUG#9d22f57d-b352-11f1-9456-eeee0a8e3e3b.Bookshop-db-deployer#flowable-async-job-executor-thread-112534#
[PollExecuteTaskStatusExecution] 1b9f4783-0339-4c3a-b1e7-2e9151c73fa6 [2026-09-18T11:19:43.903781] Expanding "src/gen/sap.common.Languages.hdbtable"... ok (0s 3ms) (STDOUT, APP/TASK/deploy)#
#2026 09 18 11:19:45.359#Z#DEBUG#9d22f57d-b352-11f1-9456-eeee0a8e3e3b.Bookshop-db-deployer#flowable-async-job-executor-thread-112534#
[PollExecuteTaskStatusExecution] 1b9f4783-0339-4c3a-b1e7-2e9151c73fa6 [2026-09-18T11:19:43.903784] Expanding "src/gen/sap.common.Languages_texts.hdbtable"... (STDOUT, APP/TASK/deploy)#
#2026 09 18 11:19:45.359#Z#DEBUG#9d22f57d-b352-11f1-9456-eeee0a8e3e3b.Bookshop-db-deployer#flowable-async-job-executor-thread-112534#
[PollExecuteTaskStatusExecution] 1b9f4783-0339-4c3a-b1e7-2e9151c73fa6 [2026-09-18T11:19:43.903787] Expanding "src/gen/sap.common.Currencies_texts.hdbtable"... ok (0s 3ms) (STDOUT, APP/TASK/deploy)#
#2026 09 18 11:19:45.359#Z#DEBUG#9d22f57d-b352-11f1-9456-eeee0a8e3e3b.Bookshop-db-deployer#flowable-async-job-executor-thread-112534#
[PollExecuteTaskStatusExecution] 1b9f4783-0339-4c3a-b1e7-2e9151c73fa6 [2026-09-18T11:19:43.903788] Expanding "src/gen/sap.common.Languages_texts.hdbtable"... ok (0s 3ms) (STDOUT, APP/TASK/deploy)#
#2026 09 18 11:19:45.359#Z#DEBUG#9d22f57d-b352-11f1-9456-eeee0a8e3e3b.Bookshop-db-deployer#flowable-async-job-executor-thread-112534#
[PollExecuteTaskStatusExecution] 1b9f4783-0339-4c3a-b1e7-2e9151c73fa6 [2026-09-18T11:19:43.903792] Expanding... ok (0s 101ms) (STDOUT, APP/TASK/deploy)#
#2026 09 18 11:19:45.359#Z#DEBUG#9d22f57d-b352-11f1-9456-eeee0a8e3e3b.Bookshop-db-deployer#flowable-async-job-executor-thread-112534#
[PollExecuteTaskStatusExecution] 1b9f4783-0339-4c3a-b1e7-2e9151c73fa6 [2026-09-18T11:19:43.903795] Precompiling... (STDOUT, APP/TASK/deploy)#
#2026 09 18 11:19:45.359#Z#DEBUG#9d22f57d-b352-11f1-9456-eeee0a8e3e3b.Bookshop-db-deployer#flowable-async-job-executor-thread-112534#
[PollExecuteTaskStatusExecution] 1b9f4783-0339-4c3a-b1e7-2e9151c73fa6 [2026-09-18T11:19:43.903796] Precompiling "src/gen/AdminService.Authors.hdbview"... (STDOUT, APP/TASK/deploy)#
#2026 09 18 11:19:45.359#Z#DEBUG#9d22f57d-b352-11f1-9456-eeee0a8e3e3b.Bookshop-db-deployer#flowable-async-job-executor-thread-112534#
[PollExecuteTaskStatusExecution] 1b9f4783-0339-4c3a-b1e7-2e9151c73fa6 [2026-09-18T11:19:43.903798] Precompiling "src/gen/AdminService.Authors_drafts.hdbtable"... (STDOUT, APP/TASK/deploy)#
#2026 09 18 11:19:45.359#Z#DEBUG#9d22f57d-b352-11f1-9456-eeee0a8e3e3b.Bookshop-db-deployer#flowable-async-job-executor-thread-112534#
[PollExecuteTaskStatusExecution] 1b9f4783-0339-4c3a-b1e7-2e9151c73fa6 [2026-09-18T11:19:43.903800] Precompiling "src/gen/AdminService.Authors.hdbview"... ok (0s 5ms) (STDOUT, APP/TASK/deploy)#
#2026 09 18 11:19:45.359#Z#DEBUG#9d22f57d-b352-11f1-9456-eeee0a8e3e3b.Bookshop-db-deployer#flowable-async-job-executor-thread-112534#
[PollExecuteTaskStatusExecution] 1b9f4783-0339-4c3a-b1e7-2e9151c73fa6 [2026-09-18T11:19:43.903802] Precompiling "src/gen/AdminService.Books.hdbview"... (STDOUT, APP/TASK/deploy)#
#2026 09 18 11:19:45.359#Z#DEBUG#9d22f57d-b352-11f1-9456-eeee0a8e3e3b.Bookshop-db-deployer#flowable-async-job-executor-thread-112534#
[PollExecuteTaskStatusExecution] 1b9f4783-0339-4c3a-b1e7-2e9151c73fa6 [2026-09-18T11:19:43.903814] Precompiling "src/gen/AdminService.Authors_drafts.hdbtable"... ok (0s 4ms) (STDOUT, APP/TASK/deploy)#
#2026 09 18 11:19:45.359#Z#DEBUG#9d22f57d-b352-11f1-9456-eeee0a8e3e3b.Bookshop-db-deployer#flowable-async-job-executor-thread-112534#
[PollExecuteTaskStatusExecution] 1b9f4783-0339-4c3a-b1e7-2e9151c73fa6 [2026-09-18T11:19:43.903816] Precompiling "src/gen/AdminService.Books_drafts.hdbtable"... (STDOUT, APP/TASK/deploy)#
#2026 09 18 11:19:45.359#Z#DEBUG#9d22f57d-b352-11f1-9456-eeee0a8e3e3b.Bookshop-db-deployer#flowable-async-job-executor-thread-112534#
[PollExecuteTaskStatusExecution] 1b9f4783-0339-4c3a-b1e7-2e9151c73fa6 [2026-09-18T11:19:43.903817] Precompiling "src/gen/AdminService.Books.hdbview"... ok (0s 3ms) (STDOUT, APP/TASK/deploy)#
#2026 09 18 11:19:45.359#Z#DEBUG#9d22f57d-b352-11f1-9456-eeee0a8e3e3b.Bookshop-db-deployer#flowable-async-job-executor-thread-112534#
[PollExecuteTaskStatusExecution] 1b9f4783-0339-4c3a-b1e7-2e9151c73fa6 [2026-09-18T11:19:43.903819] Precompiling "src/gen/AdminService.Books_texts.hdbview"... (STDOUT, APP/TASK/deploy)#
#2026 09 18 11:19:45.359#Z#DEBUG#9d22f57d-b352-11f1-9456-eeee0a8e3e3b.Bookshop-db-deployer#flowable-async-job-executor-thread-112534#
[PollExecuteTaskStatusExecution] 1b9f4783-0339-4c3a-b1e7-2e9151c73fa6 [2026-09-18T11:19:43.903885] Precompiling "src/gen/AdminService.Books_drafts.hdbtable"... ok (0s 4ms) (STDOUT, APP/TASK/deploy)#
#2026 09 18 11:19:45.359#Z#DEBUG#9d22f57d-b352-11f1-9456-eeee0a8e3e3b.Bookshop-db-deployer#flowable-async-job-executor-thread-112534#
[PollExecuteTaskStatusExecution] 1b9f4783-0339-4c3a-b1e7-2e9151c73fa6 [2026-09-18T11:19:43.903892] Precompiling "src/gen/AdminService.Books_texts_drafts.hdbtable"... (STDOUT, APP/TASK/deploy)#
#2026 09 18 11:19:45.359#Z#DEBUG#9d22f57d-b352-11f1-9456-eeee0a8e3e3b.Bookshop-db-deployer#flowable-async-job-executor-thread-112534#
[PollExecuteTaskStatusExecution] 1b9f4783-0339-4c3a-b1e7-2e9151c73fa6 [2026-09-18T11:19:43.903895] Precompiling "src/gen/AdminService.Books_texts.hdbview"... ok (0s 3ms) (STDOUT, APP/TASK/deploy)#
#2026 09 18 11:19:45.359#Z#DEBUG#9d22f57d-b352-11f1-9456-eeee0a8e3e3b.Bookshop-db-deployer#flowable-async-job-executor-thread-112534#
[PollExecuteTaskStatusExecution] 1b9f4783-0339-4c3a-b1e7-2e9151c73fa6 [2026-09-18T11:19:43.903899] Precompiling "src/gen/AdminService.Currencies.hdbview"... (STDOUT, APP/TASK/deploy)#
#2026 09 18 11:19:45.359#Z#DEBUG#9d22f57d-b352-11f1-9456-eeee0a8e3e3b.Bookshop-db-deployer#flowable-async-job-executor-thread-112534#
[PollExecuteTaskStatusExecution] 1b9f4783-0339-4c3a-b1e7-2e9151c73fa6 [2026-09-18T11:19:43.903901] Precompiling "src/gen/AdminService.Books_texts_drafts.hdbtable"... ok (0s 3ms) (STDOUT, APP/TASK/deploy)#
#2026 09 18 11:19:45.359#Z#DEBUG#9d22f57d-b352-11f1-9456-eeee0a8e3e3b.Bookshop-db-deployer#flowable-async-job-executor-thread-112534#
[PollExecuteTaskStatusExecution] 1b9f4783-0339-4c3a-b1e7-2e9151c73fa6 [2026-09-18T11:19:43.903910] Precompiling "src/gen/AdminService.Currencies_texts.hdbview"... (STDOUT, APP/TASK/deploy)#
#2026 09 18 11:19:45.359#Z#DEBUG#9d22f57d-b352-11f1-9456-eeee0a8e3e3b.Bookshop-db-deployer#flowable-async-job-executor-thread-112534#
[PollExecuteTaskStatusExecution] 1b9f4783-0339-4c3a-b1e7-2e9151c73fa6 [2026-09-18T11:19:43.903912] Precompiling "src/gen/AdminService.Currencies.hdbview"... ok (0s 3ms) (STDOUT, APP/TASK/deploy)#
#2026 09 18 11:19:45.359#Z#DEBUG#9d22f57d-b352-11f1-9456-eeee0a8e3e3b.Bookshop-db-deployer#flowable-async-job-executor-thread-112534#
[PollExecuteTaskStatusExecution] 1b9f4783-0339-4c3a-b1e7-2e9151c73fa6 [2026-09-18T11:19:43.903948] Precompiling "src/gen/AdminService.DraftAdministrativeData.hdbview"... (STDOUT, APP/TASK/deploy)#
#2026 09 18 11:19:45.359#Z#DEBUG#9d22f57d-b352-11f1-9456-eeee0a8e3e3b.Bookshop-db-deployer#flowable-async-job-executor-thread-112534#
[PollExecuteTaskStatusExecution] 1b9f4783-0339-4c3a-b1e7-2e9151c73fa6 [2026-09-18T11:19:43.903961] Precompiling "src/gen/AdminService.DraftAdministrativeData.hdbview"... ok (0s 2ms) (STDOUT, APP/TASK/deploy)#
#2026 09 18 11:19:45.359#Z#DEBUG#9d22f57d-b352-11f1-9456-eeee0a8e3e3b.Bookshop-db-deployer#flowable-async-job-executor-thread-112534#
[PollExecuteTaskStatusExecution] 1b9f4783-0339-4c3a-b1e7-2e9151c73fa6 [2026-09-18T11:19:43.903964] Precompiling "src/gen/AdminService.Genres.hdbview"... (STDOUT, APP/TASK/deploy)#
#2026 09 18 11:19:45.359#Z#DEBUG#9d22f57d-b352-11f1-9456-eeee0a8e3e3b.Bookshop-db-deployer#flowable-async-job-executor-thread-112534#
[PollExecuteTaskStatusExecution] 1b9f4783-0339-4c3a-b1e7-2e9151c73fa6 [2026-09-18T11:19:43.903965] Precompiling "src/gen/AdminService.Currencies_texts.hdbview"... ok (0s 3ms) (STDOUT, APP/TASK/deploy)#
#2026 09 18 11:19:45.359#Z#DEBUG#9d22f57d-b352-11f1-9456-eeee0a8e3e3b.Bookshop-db-deployer#flowable-async-job-executor-thread-112534#
[PollExecuteTaskStatusExecution] 1b9f4783-0339-4c3a-b1e7-2e9151c73fa6 [2026-09-18T11:19:43.904032] Precompiling "src/gen/AdminService.Genres_texts.hdbview"... (STDOUT, APP/TASK/deploy)#
#2026 09 18 11:19:45.359#Z#DEBUG#9d22f57d-b352-11f1-9456-eeee0a8e3e3b.Bookshop-db-deployer#flowable-async-job-executor-thread-112534#
[PollExecuteTaskStatusExecution] 1b9f4783-0339-4c3a-b1e7-2e9151c73fa6 [2026-09-18T11:19:43.904038] Precompiling "src/gen/AdminService.Genres_texts.hdbview"... ok (0s 2ms) (STDOUT, APP/TASK/deploy)#
#2026 09 18 11:19:45.359#Z#DEBUG#9d22f57d-b352-11f1-9456-eeee0a8e3e3b.Bookshop-db-deployer#flowable-async-job-executor-thread-112534#
[PollExecuteTaskStatusExecution] 1b9f4783-0339-4c3a-b1e7-2e9151c73fa6 [2026-09-18T11:19:43.904042] Precompiling "src/gen/AdminService.Languages.hdbview"... (STDOUT, APP/TASK/deploy)#
#2026 09 18 11:19:45.359#Z#DEBUG#9d22f57d-b352-11f1-9456-eeee0a8e3e3b.Bookshop-db-deployer#flowable-async-job-executor-thread-112534#
[PollExecuteTaskStatusExecution] 1b9f4783-0339-4c3a-b1e7-2e9151c73fa6 [2026-09-18T11:19:43.904044] Precompiling "src/gen/AdminService.Genres.hdbview"... ok (0s 3ms) (STDOUT, APP/TASK/deploy)#
#2026 09 18 11:19:45.359#Z#DEBUG#9d22f57d-b352-11f1-9456-eeee0a8e3e3b.Bookshop-db-deployer#flowable-async-job-executor-thread-112534#
[PollExecuteTaskStatusExecution] 1b9f4783-0339-4c3a-b1e7-2e9151c73fa6 [2026-09-18T11:19:43.904048] Precompiling "src/gen/AdminService.Languages_texts.hdbview"... (STDOUT, APP/TASK/deploy)#
#2026 09 18 11:19:45.359#Z#DEBUG#9d22f57d-b352-11f1-9456-eeee0a8e3e3b.Bookshop-db-deployer#flowable-async-job-executor-thread-112534#
[PollExecuteTaskStatusExecution] 1b9f4783-0339-4c3a-b1e7-2e9151c73fa6 [2026-09-18T11:19:43.904064] Precompiling "src/gen/AdminService.Languages_texts.hdbview"... ok (0s 3ms) (STDOUT, APP/TASK/deploy)#
#2026 09 18 11:19:45.359#Z#DEBUG#9d22f57d-b352-11f1-9456-eeee0a8e3e3b.Bookshop-db-deployer#flowable-async-job-executor-thread-112534#
[PollExecuteTaskStatusExecution] 1b9f4783-0339-4c3a-b1e7-2e9151c73fa6 [2026-09-18T11:19:43.904067] Precompiling "src/gen/CatalogService.Books.hdbview"... (STDOUT, APP/TASK/deploy)#
#2026 09 18 11:19:45.359#Z#DEBUG#9d22f57d-b352-11f1-9456-eeee0a8e3e3b.Bookshop-db-deployer#flowable-async-job-executor-thread-112534#
[PollExecuteTaskStatusExecution] 1b9f4783-0339-4c3a-b1e7-2e9151c73fa6 [2026-09-18T11:19:43.904185] Precompiling "src/gen/AdminService.Languages.hdbview"... ok (0s 3ms) (STDOUT, APP/TASK/deploy)#
#2026 09 18 11:19:45.359#Z#DEBUG#9d22f57d-b352-11f1-9456-eeee0a8e3e3b.Bookshop-db-deployer#flowable-async-job-executor-thread-112534#
[PollExecuteTaskStatusExecution] 1b9f4783-0339-4c3a-b1e7-2e9151c73fa6 [2026-09-18T11:19:43.904189] Precompiling "src/gen/CatalogService.Books_texts.hdbview"... (STDOUT, APP/TASK/deploy)#
#2026 09 18 11:19:45.359#Z#DEBUG#9d22f57d-b352-11f1-9456-eeee0a8e3e3b.Bookshop-db-deployer#flowable-async-job-executor-thread-112534#
[PollExecuteTaskStatusExecution] 1b9f4783-0339-4c3a-b1e7-2e9151c73fa6 [2026-09-18T11:19:43.904192] Precompiling "src/gen/CatalogService.Books.hdbview"... ok (0s 3ms) (STDOUT, APP/TASK/deploy)#
#2026 09 18 11:19:45.359#Z#DEBUG#9d22f57d-b352-11f1-9456-eeee0a8e3e3b.Bookshop-db-deployer#flowable-async-job-executor-thread-112534#
[PollExecuteTaskStatusExecution] 1b9f4783-0339-4c3a-b1e7-2e9151c73fa6 [2026-09-18T11:19:43.904195] Precompiling "src/gen/CatalogService.Currencies.hdbview"... (STDOUT, APP/TASK/deploy)#
#2026 09 18 11:19:45.359#Z#DEBUG#9d22f57d-b352-11f1-9456-eeee0a8e3e3b.Bookshop-db-deployer#flowable-async-job-executor-thread-112534#
[PollExecuteTaskStatusExecution] 1b9f4783-0339-4c3a-b1e7-2e9151c73fa6 [2026-09-18T11:19:43.904199] Precompiling "src/gen/CatalogService.Books_texts.hdbview"... ok (0s 3ms) (STDOUT, APP/TASK/deploy)#
#2026 09 18 11:19:45.359#Z#DEBUG#9d22f57d-b352-11f1-9456-eeee0a8e3e3b.Bookshop-db-deployer#flowable-async-job-executor-thread-112534#
[PollExecuteTaskStatusExecution] 1b9f4783-0339-4c3a-b1e7-2e9151c73fa6 [2026-09-18T11:19:43.904202] Precompiling "src/gen/CatalogService.Currencies_texts.hdbview"... (STDOUT, APP/TASK/deploy)#
#2026 09 18 11:19:45.359#Z#DEBUG#9d22f57d-b352-11f1-9456-eeee0a8e3e3b.Bookshop-db-deployer#flowable-async-job-executor-thread-112534#
[PollExecuteTaskStatusExecution] 1b9f4783-0339-4c3a-b1e7-2e9151c73fa6 [2026-09-18T11:19:43.904206] Precompiling "src/gen/CatalogService.Currencies_texts.hdbview"... ok (0s 3ms) (STDOUT, APP/TASK/deploy)#
#2026 09 18 11:19:45.359#Z#DEBUG#9d22f57d-b352-11f1-9456-eeee0a8e3e3b.Bookshop-db-deployer#flowable-async-job-executor-thread-112534#
[PollExecuteTaskStatusExecution] 1b9f4783-0339-4c3a-b1e7-2e9151c73fa6 [2026-09-18T11:19:43.904209] Precompiling "src/gen/CatalogService.Genres.hdbview"... (STDOUT, APP/TASK/deploy)#
#2026 09 18 11:19:45.359#Z#DEBUG#9d22f57d-b352-11f1-9456-eeee0a8e3e3b.Bookshop-db-deployer#flowable-async-job-executor-thread-112534#
[PollExecuteTaskStatusExecution] 1b9f4783-0339-4c3a-b1e7-2e9151c73fa6 [2026-09-18T11:19:43.904213] Precompiling "src/gen/CatalogService.Currencies.hdbview"... ok (0s 3ms) (STDOUT, APP/TASK/deploy)#
#2026 09 18 11:19:45.359#Z#DEBUG#9d22f57d-b352-11f1-9456-eeee0a8e3e3b.Bookshop-db-deployer#flowable-async-job-executor-thread-112534#
[PollExecuteTaskStatusExecution] 1b9f4783-0339-4c3a-b1e7-2e9151c73fa6 [2026-09-18T11:19:43.904216] Precompiling "src/gen/CatalogService.Genres_texts.hdbview"... (STDOUT, APP/TASK/deploy)#
#2026 09 18 11:19:45.359#Z#DEBUG#9d22f57d-b352-11f1-9456-eeee0a8e3e3b.Bookshop-db-deployer#flowable-async-job-executor-thread-112534#
[PollExecuteTaskStatusExecution] 1b9f4783-0339-4c3a-b1e7-2e9151c73fa6 [2026-09-18T11:19:43.904217] Precompiling "src/gen/CatalogService.Genres_texts.hdbview"... ok (0s 3ms) (STDOUT, APP/TASK/deploy)#
#2026 09 18 11:19:45.359#Z#DEBUG#9d22f57d-b352-11f1-9456-eeee0a8e3e3b.Bookshop-db-deployer#flowable-async-job-executor-thread-112534#
[PollExecuteTaskStatusExecution] 1b9f4783-0339-4c3a-b1e7-2e9151c73fa6 [2026-09-18T11:19:43.904301] Precompiling "src/gen/CatalogService.ListOfBooks.hdbview"... (STDOUT, APP/TASK/deploy)#
#2026 09 18 11:19:45.359#Z#DEBUG#9d22f57d-b352-11f1-9456-eeee0a8e3e3b.Bookshop-db-deployer#flowable-async-job-executor-thread-112534#
[PollExecuteTaskStatusExecution] 1b9f4783-0339-4c3a-b1e7-2e9151c73fa6 [2026-09-18T11:19:43.904305] Precompiling "src/gen/CatalogService.Genres.hdbview"... ok (0s 3ms) (STDOUT, APP/TASK/deploy)#
#2026 09 18 11:19:45.359#Z#DEBUG#9d22f57d-b352-11f1-9456-eeee0a8e3e3b.Bookshop-db-deployer#flowable-async-job-executor-thread-112534#
[PollExecuteTaskStatusExecution] 1b9f4783-0339-4c3a-b1e7-2e9151c73fa6 [2026-09-18T11:19:43.904307] Precompiling "src/gen/DRAFT.DraftAdministrativeData.hdbtable"... (STDOUT, APP/TASK/deploy)#
#2026 09 18 11:19:45.359#Z#DEBUG#9d22f57d-b352-11f1-9456-eeee0a8e3e3b.Bookshop-db-deployer#flowable-async-job-executor-thread-112534#
[PollExecuteTaskStatusExecution] 1b9f4783-0339-4c3a-b1e7-2e9151c73fa6 [2026-09-18T11:19:43.904309] Precompiling "src/gen/CatalogService.ListOfBooks.hdbview"... ok (0s 3ms) (STDOUT, APP/TASK/deploy)#
#2026 09 18 11:19:45.359#Z#DEBUG#9d22f57d-b352-11f1-9456-eeee0a8e3e3b.Bookshop-db-deployer#flowable-async-job-executor-thread-112534#
[PollExecuteTaskStatusExecution] 1b9f4783-0339-4c3a-b1e7-2e9151c73fa6 [2026-09-18T11:19:43.904311] Precompiling "src/gen/cds.outbox.Messages.hdbtable"... (STDOUT, APP/TASK/deploy)#
#2026 09 18 11:19:45.359#Z#DEBUG#9d22f57d-b352-11f1-9456-eeee0a8e3e3b.Bookshop-db-deployer#flowable-async-job-executor-thread-112534#
[PollExecuteTaskStatusExecution] 1b9f4783-0339-4c3a-b1e7-2e9151c73fa6 [2026-09-18T11:19:43.904341] Precompiling "src/gen/DRAFT.DraftAdministrativeData.hdbtable"... ok (0s 3ms) (STDOUT, APP/TASK/deploy)#
#2026 09 18 11:19:45.359#Z#DEBUG#9d22f57d-b352-11f1-9456-eeee0a8e3e3b.Bookshop-db-deployer#flowable-async-job-executor-thread-112534#
[PollExecuteTaskStatusExecution] 1b9f4783-0339-4c3a-b1e7-2e9151c73fa6 [2026-09-18T11:19:43.904438] Precompiling "src/gen/data/sap.capire.bookshop-Authors.csv"... (STDOUT, APP/TASK/deploy)#
#2026 09 18 11:19:45.359#Z#DEBUG#9d22f57d-b352-11f1-9456-eeee0a8e3e3b.Bookshop-db-deployer#flowable-async-job-executor-thread-112534#
[PollExecuteTaskStatusExecution] 1b9f4783-0339-4c3a-b1e7-2e9151c73fa6 [2026-09-18T11:19:43.904443] Precompiling "src/gen/data/sap.capire.bookshop-Authors.csv"... ok (0s 1ms) (STDOUT, APP/TASK/deploy)#
#2026 09 18 11:19:45.359#Z#DEBUG#9d22f57d-b352-11f1-9456-eeee0a8e3e3b.Bookshop-db-deployer#flowable-async-job-executor-thread-112534#
[PollExecuteTaskStatusExecution] 1b9f4783-0339-4c3a-b1e7-2e9151c73fa6 [2026-09-18T11:19:43.904446] Precompiling "src/gen/data/sap.capire.bookshop-Authors.hdbtabledata"... (STDOUT, APP/TASK/deploy)#
#2026 09 18 11:19:45.359#Z#DEBUG#9d22f57d-b352-11f1-9456-eeee0a8e3e3b.Bookshop-db-deployer#flowable-async-job-executor-thread-112534#
[PollExecuteTaskStatusExecution] 1b9f4783-0339-4c3a-b1e7-2e9151c73fa6 [2026-09-18T11:19:43.904476] Precompiling "src/gen/data/sap.capire.bookshop-Authors.hdbtabledata"... ok (0s 0ms) (STDOUT, APP/TASK/deploy)#
#2026 09 18 11:19:45.359#Z#DEBUG#9d22f57d-b352-11f1-9456-eeee0a8e3e3b.Bookshop-db-deployer#flowable-async-job-executor-thread-112534#
[PollExecuteTaskStatusExecution] 1b9f4783-0339-4c3a-b1e7-2e9151c73fa6 [2026-09-18T11:19:43.904480] Precompiling "src/gen/data/sap.capire.bookshop-Authors.hdbtabledata$0.expand"... (STDOUT, APP/TASK/deploy)#
#2026 09 18 11:19:45.359#Z#DEBUG#9d22f57d-b352-11f1-9456-eeee0a8e3e3b.Bookshop-db-deployer#flowable-async-job-executor-thread-112534#
[PollExecuteTaskStatusExecution] 1b9f4783-0339-4c3a-b1e7-2e9151c73fa6 [2026-09-18T11:19:43.904482] Expanded from "src/gen/data/sap.capire.bookshop-Authors.hdbtabledata" (STDOUT, APP/TASK/deploy)#
#2026 09 18 11:19:45.359#Z#DEBUG#9d22f57d-b352-11f1-9456-eeee0a8e3e3b.Bookshop-db-deployer#flowable-async-job-executor-thread-112534#
[PollExecuteTaskStatusExecution] 1b9f4783-0339-4c3a-b1e7-2e9151c73fa6 [2026-09-18T11:19:43.904485] Precompiling "src/gen/data/sap.capire.bookshop-Authors.hdbtabledata$0.expand"... ok (0s 1ms) (STDOUT, APP/TASK/deploy)#
#2026 09 18 11:19:45.359#Z#DEBUG#9d22f57d-b352-11f1-9456-eeee0a8e3e3b.Bookshop-db-deployer#flowable-async-job-executor-thread-112534#
[PollExecuteTaskStatusExecution] 1b9f4783-0339-4c3a-b1e7-2e9151c73fa6 [2026-09-18T11:19:43.904489] Precompiling "src/gen/data/sap.capire.bookshop-Books.csv"... (STDOUT, APP/TASK/deploy)#
#2026 09 18 11:19:45.359#Z#DEBUG#9d22f57d-b352-11f1-9456-eeee0a8e3e3b.Bookshop-db-deployer#flowable-async-job-executor-thread-112534#
[PollExecuteTaskStatusExecution] 1b9f4783-0339-4c3a-b1e7-2e9151c73fa6 [2026-09-18T11:19:43.904493] Precompiling "src/gen/cds.outbox.Messages.hdbtable"... ok (0s 3ms) (STDOUT, APP/TASK/deploy)#
#2026 09 18 11:19:45.359#Z#DEBUG#9d22f57d-b352-11f1-9456-eeee0a8e3e3b.Bookshop-db-deployer#flowable-async-job-executor-thread-112534#
[PollExecuteTaskStatusExecution] 1b9f4783-0339-4c3a-b1e7-2e9151c73fa6 [2026-09-18T11:19:43.904495] Precompiling "src/gen/data/sap.capire.bookshop-Books.hdbtabledata"... (STDOUT, APP/TASK/deploy)#
#2026 09 18 11:19:45.359#Z#DEBUG#9d22f57d-b352-11f1-9456-eeee0a8e3e3b.Bookshop-db-deployer#flowable-async-job-executor-thread-112534#
[PollExecuteTaskStatusExecution] 1b9f4783-0339-4c3a-b1e7-2e9151c73fa6 [2026-09-18T11:19:43.904498] Precompiling "src/gen/data/sap.capire.bookshop-Books.hdbtabledata"... ok (0s 0ms) (STDOUT, APP/TASK/deploy)#
#2026 09 18 11:19:45.359#Z#DEBUG#9d22f57d-b352-11f1-9456-eeee0a8e3e3b.Bookshop-db-deployer#flowable-async-job-executor-thread-112534#
[PollExecuteTaskStatusExecution] 1b9f4783-0339-4c3a-b1e7-2e9151c73fa6 [2026-09-18T11:19:43.904500] Precompiling "src/gen/data/sap.capire.bookshop-Books.hdbtabledata$0.expand"... (STDOUT, APP/TASK/deploy)#
#2026 09 18 11:19:45.359#Z#DEBUG#9d22f57d-b352-11f1-9456-eeee0a8e3e3b.Bookshop-db-deployer#flowable-async-job-executor-thread-112534#
[PollExecuteTaskStatusExecution] 1b9f4783-0339-4c3a-b1e7-2e9151c73fa6 [2026-09-18T11:19:43.904511] Expanded from "src/gen/data/sap.capire.bookshop-Books.hdbtabledata" (STDOUT, APP/TASK/deploy)#
#2026 09 18 11:19:45.359#Z#DEBUG#9d22f57d-b352-11f1-9456-eeee0a8e3e3b.Bookshop-db-deployer#flowable-async-job-executor-thread-112534#
[PollExecuteTaskStatusExecution] 1b9f4783-0339-4c3a-b1e7-2e9151c73fa6 [2026-09-18T11:19:43.904514] Precompiling "src/gen/data/sap.capire.bookshop-Books.csv"... ok (0s 1ms) (STDOUT, APP/TASK/deploy)#
#2026 09 18 11:19:45.359#Z#DEBUG#9d22f57d-b352-11f1-9456-eeee0a8e3e3b.Bookshop-db-deployer#flowable-async-job-executor-thread-112534#
[PollExecuteTaskStatusExecution] 1b9f4783-0339-4c3a-b1e7-2e9151c73fa6 [2026-09-18T11:19:43.904517] Precompiling "src/gen/data/sap.capire.bookshop-Books.texts.csv"... (STDOUT, APP/TASK/deploy)#
#2026 09 18 11:19:45.359#Z#DEBUG#9d22f57d-b352-11f1-9456-eeee0a8e3e3b.Bookshop-db-deployer#flowable-async-job-executor-thread-112534#
[PollExecuteTaskStatusExecution] 1b9f4783-0339-4c3a-b1e7-2e9151c73fa6 [2026-09-18T11:19:43.904529] Precompiling "src/gen/data/sap.capire.bookshop-Books.hdbtabledata$0.expand"... ok (0s 0ms) (STDOUT, APP/TASK/deploy)#
#2026 09 18 11:19:45.359#Z#DEBUG#9d22f57d-b352-11f1-9456-eeee0a8e3e3b.Bookshop-db-deployer#flowable-async-job-executor-thread-112534#
[PollExecuteTaskStatusExecution] 1b9f4783-0339-4c3a-b1e7-2e9151c73fa6 [2026-09-18T11:19:43.904532] Precompiling "src/gen/data/sap.capire.bookshop-Books.texts.hdbtabledata"... (STDOUT, APP/TASK/deploy)#
#2026 09 18 11:19:45.359#Z#DEBUG#9d22f57d-b352-11f1-9456-eeee0a8e3e3b.Bookshop-db-deployer#flowable-async-job-executor-thread-112534#
[PollExecuteTaskStatusExecution] 1b9f4783-0339-4c3a-b1e7-2e9151c73fa6 [2026-09-18T11:19:43.904535] Precompiling "src/gen/data/sap.capire.bookshop-Books.texts.hdbtabledata"... ok (0s 0ms) (STDOUT, APP/TASK/deploy)#
#2026 09 18 11:19:45.359#Z#DEBUG#9d22f57d-b352-11f1-9456-eeee0a8e3e3b.Bookshop-db-deployer#flowable-async-job-executor-thread-112534#
[PollExecuteTaskStatusExecution] 1b9f4783-0339-4c3a-b1e7-2e9151c73fa6 [2026-09-18T11:19:43.904538] Precompiling "src/gen/data/sap.capire.bookshop-Books.texts.hdbtabledata$0.expand"... (STDOUT, APP/TASK/deploy)#
#2026 09 18 11:19:45.359#Z#DEBUG#9d22f57d-b352-11f1-9456-eeee0a8e3e3b.Bookshop-db-deployer#flowable-async-job-executor-thread-112534#
[PollExecuteTaskStatusExecution] 1b9f4783-0339-4c3a-b1e7-2e9151c73fa6 [2026-09-18T11:19:43.904551] Expanded from "src/gen/data/sap.capire.bookshop-Books.texts.hdbtabledata" (STDOUT, APP/TASK/deploy)#
#2026 09 18 11:19:45.360#Z#DEBUG#9d22f57d-b352-11f1-9456-eeee0a8e3e3b.Bookshop-db-deployer#flowable-async-job-executor-thread-112534#
[PollExecuteTaskStatusExecution] 1b9f4783-0339-4c3a-b1e7-2e9151c73fa6 [2026-09-18T11:19:43.904555] Precompiling "src/gen/data/sap.capire.bookshop-Books.texts.hdbtabledata$0.expand"... ok (0s 0ms) (STDOUT, APP/TASK/deploy)#
#2026 09 18 11:19:45.360#Z#DEBUG#9d22f57d-b352-11f1-9456-eeee0a8e3e3b.Bookshop-db-deployer#flowable-async-job-executor-thread-112534#
[PollExecuteTaskStatusExecution] 1b9f4783-0339-4c3a-b1e7-2e9151c73fa6 [2026-09-18T11:19:43.904557] Precompiling "src/gen/data/sap.capire.bookshop-Genres.csv"... (STDOUT, APP/TASK/deploy)#
#2026 09 18 11:19:45.360#Z#DEBUG#9d22f57d-b352-11f1-9456-eeee0a8e3e3b.Bookshop-db-deployer#flowable-async-job-executor-thread-112534#
[PollExecuteTaskStatusExecution] 1b9f4783-0339-4c3a-b1e7-2e9151c73fa6 [2026-09-18T11:19:43.904560] Precompiling "src/gen/data/sap.capire.bookshop-Books.texts.csv"... ok (0s 1ms) (STDOUT, APP/TASK/deploy)#
#2026 09 18 11:19:45.360#Z#DEBUG#9d22f57d-b352-11f1-9456-eeee0a8e3e3b.Bookshop-db-deployer#flowable-async-job-executor-thread-112534#
[PollExecuteTaskStatusExecution] 1b9f4783-0339-4c3a-b1e7-2e9151c73fa6 [2026-09-18T11:19:43.904562] Precompiling "src/gen/data/sap.capire.bookshop-Genres.hdbtabledata"... (STDOUT, APP/TASK/deploy)#
#2026 09 18 11:19:45.360#Z#DEBUG#9d22f57d-b352-11f1-9456-eeee0a8e3e3b.Bookshop-db-deployer#flowable-async-job-executor-thread-112534#
[PollExecuteTaskStatusExecution] 1b9f4783-0339-4c3a-b1e7-2e9151c73fa6 [2026-09-18T11:19:43.904565] Precompiling "src/gen/data/sap.capire.bookshop-Genres.hdbtabledata"... ok (0s 0ms) (STDOUT, APP/TASK/deploy)#
#2026 09 18 11:19:45.360#Z#DEBUG#9d22f57d-b352-11f1-9456-eeee0a8e3e3b.Bookshop-db-deployer#flowable-async-job-executor-thread-112534#
[PollExecuteTaskStatusExecution] 1b9f4783-0339-4c3a-b1e7-2e9151c73fa6 [2026-09-18T11:19:43.904576] Precompiling "src/gen/data/sap.capire.bookshop-Genres.hdbtabledata$0.expand"... (STDOUT, APP/TASK/deploy)#
#2026 09 18 11:19:45.360#Z#DEBUG#9d22f57d-b352-11f1-9456-eeee0a8e3e3b.Bookshop-db-deployer#flowable-async-job-executor-thread-112534#
[PollExecuteTaskStatusExecution] 1b9f4783-0339-4c3a-b1e7-2e9151c73fa6 [2026-09-18T11:19:43.904578] Expanded from "src/gen/data/sap.capire.bookshop-Genres.hdbtabledata" (STDOUT, APP/TASK/deploy)#
#2026 09 18 11:19:45.360#Z#DEBUG#9d22f57d-b352-11f1-9456-eeee0a8e3e3b.Bookshop-db-deployer#flowable-async-job-executor-thread-112534#
[PollExecuteTaskStatusExecution] 1b9f4783-0339-4c3a-b1e7-2e9151c73fa6 [2026-09-18T11:19:43.904582] Precompiling "src/gen/data/sap.capire.bookshop-Genres.hdbtabledata$0.expand"... ok (0s 0ms) (STDOUT, APP/TASK/deploy)#
#2026 09 18 11:19:45.360#Z#DEBUG#9d22f57d-b352-11f1-9456-eeee0a8e3e3b.Bookshop-db-deployer#flowable-async-job-executor-thread-112534#
[PollExecuteTaskStatusExecution] 1b9f4783-0339-4c3a-b1e7-2e9151c73fa6 [2026-09-18T11:19:43.904589] Precompiling "src/gen/data/sap.capire.bookshop-Genres.texts.csv"... (STDOUT, APP/TASK/deploy)#
#2026 09 18 11:19:45.360#Z#DEBUG#9d22f57d-b352-11f1-9456-eeee0a8e3e3b.Bookshop-db-deployer#flowable-async-job-executor-thread-112534#
[PollExecuteTaskStatusExecution] 1b9f4783-0339-4c3a-b1e7-2e9151c73fa6 [2026-09-18T11:19:43.904592] Precompiling "src/gen/data/sap.capire.bookshop-Genres.csv"... ok (0s 1ms) (STDOUT, APP/TASK/deploy)#
#2026 09 18 11:19:45.360#Z#DEBUG#9d22f57d-b352-11f1-9456-eeee0a8e3e3b.Bookshop-db-deployer#flowable-async-job-executor-thread-112534#
[PollExecuteTaskStatusExecution] 1b9f4783-0339-4c3a-b1e7-2e9151c73fa6 [2026-09-18T11:19:43.904595] Precompiling "src/gen/data/sap.capire.bookshop-Genres.texts.hdbtabledata"... (STDOUT, APP/TASK/deploy)#
#2026 09 18 11:19:45.360#Z#DEBUG#9d22f57d-b352-11f1-9456-eeee0a8e3e3b.Bookshop-db-deployer#flowable-async-job-executor-thread-112534#
[PollExecuteTaskStatusExecution] 1b9f4783-0339-4c3a-b1e7-2e9151c73fa6 [2026-09-18T11:19:43.904597] Precompiling "src/gen/data/sap.capire.bookshop-Genres.texts.hdbtabledata"... ok (0s 0ms) (STDOUT, APP/TASK/deploy)#
#2026 09 18 11:19:45.360#Z#DEBUG#9d22f57d-b352-11f1-9456-eeee0a8e3e3b.Bookshop-db-deployer#flowable-async-job-executor-thread-112534#
[PollExecuteTaskStatusExecution] 1b9f4783-0339-4c3a-b1e7-2e9151c73fa6 [2026-09-18T11:19:43.904703] Precompiling "src/gen/data/sap.capire.bookshop-Genres.texts.hdbtabledata$0.expand"... (STDOUT, APP/TASK/deploy)#
#2026 09 18 11:19:45.360#Z#DEBUG#9d22f57d-b352-11f1-9456-eeee0a8e3e3b.Bookshop-db-deployer#flowable-async-job-executor-thread-112534#
[PollExecuteTaskStatusExecution] 1b9f4783-0339-4c3a-b1e7-2e9151c73fa6 [2026-09-18T11:19:43.904708] Expanded from "src/gen/data/sap.capire.bookshop-Genres.texts.hdbtabledata" (STDOUT, APP/TASK/deploy)#
#2026 09 18 11:19:45.360#Z#DEBUG#9d22f57d-b352-11f1-9456-eeee0a8e3e3b.Bookshop-db-deployer#flowable-async-job-executor-thread-112534#
[PollExecuteTaskStatusExecution] 1b9f4783-0339-4c3a-b1e7-2e9151c73fa6 [2026-09-18T11:19:43.904709] Precompiling "src/gen/data/sap.capire.bookshop-Genres.texts.csv"... ok (0s 1ms) (STDOUT, APP/TASK/deploy)#
#2026 09 18 11:19:45.360#Z#DEBUG#9d22f57d-b352-11f1-9456-eeee0a8e3e3b.Bookshop-db-deployer#flowable-async-job-executor-thread-112534#
[PollExecuteTaskStatusExecution] 1b9f4783-0339-4c3a-b1e7-2e9151c73fa6 [2026-09-18T11:19:43.904712] Precompiling "src/gen/data/sap.common-Currencies.csv"... (STDOUT, APP/TASK/deploy)#
#2026 09 18 11:19:45.360#Z#DEBUG#9d22f57d-b352-11f1-9456-eeee0a8e3e3b.Bookshop-db-deployer#flowable-async-job-executor-thread-112534#
[PollExecuteTaskStatusExecution] 1b9f4783-0339-4c3a-b1e7-2e9151c73fa6 [2026-09-18T11:19:43.904714] Precompiling "src/gen/data/sap.capire.bookshop-Genres.texts.hdbtabledata$0.expand"... ok (0s 0ms) (STDOUT, APP/TASK/deploy)#
#2026 09 18 11:19:45.360#Z#DEBUG#9d22f57d-b352-11f1-9456-eeee0a8e3e3b.Bookshop-db-deployer#flowable-async-job-executor-thread-112534#
[PollExecuteTaskStatusExecution] 1b9f4783-0339-4c3a-b1e7-2e9151c73fa6 [2026-09-18T11:19:43.904716] Precompiling "src/gen/data/sap.common-Currencies.hdbtabledata"... (STDOUT, APP/TASK/deploy)#
#2026 09 18 11:19:45.360#Z#DEBUG#9d22f57d-b352-11f1-9456-eeee0a8e3e3b.Bookshop-db-deployer#flowable-async-job-executor-thread-112534#
[PollExecuteTaskStatusExecution] 1b9f4783-0339-4c3a-b1e7-2e9151c73fa6 [2026-09-18T11:19:43.904719] Precompiling "src/gen/data/sap.common-Currencies.hdbtabledata"... ok (0s 0ms) (STDOUT, APP/TASK/deploy)#
#2026 09 18 11:19:45.360#Z#DEBUG#9d22f57d-b352-11f1-9456-eeee0a8e3e3b.Bookshop-db-deployer#flowable-async-job-executor-thread-112534#
[PollExecuteTaskStatusExecution] 1b9f4783-0339-4c3a-b1e7-2e9151c73fa6 [2026-09-18T11:19:43.904733] Precompiling "src/gen/data/sap.common-Currencies.hdbtabledata$0.expand"... (STDOUT, APP/TASK/deploy)#
#2026 09 18 11:19:45.360#Z#DEBUG#9d22f57d-b352-11f1-9456-eeee0a8e3e3b.Bookshop-db-deployer#flowable-async-job-executor-thread-112534#
[PollExecuteTaskStatusExecution] 1b9f4783-0339-4c3a-b1e7-2e9151c73fa6 [2026-09-18T11:19:43.904735] Expanded from "src/gen/data/sap.common-Currencies.hdbtabledata" (STDOUT, APP/TASK/deploy)#
#2026 09 18 11:19:45.360#Z#DEBUG#9d22f57d-b352-11f1-9456-eeee0a8e3e3b.Bookshop-db-deployer#flowable-async-job-executor-thread-112534#
[PollExecuteTaskStatusExecution] 1b9f4783-0339-4c3a-b1e7-2e9151c73fa6 [2026-09-18T11:19:43.904737] Precompiling "src/gen/data/sap.common-Currencies.csv"... ok (0s 1ms) (STDOUT, APP/TASK/deploy)#
#2026 09 18 11:19:45.360#Z#DEBUG#9d22f57d-b352-11f1-9456-eeee0a8e3e3b.Bookshop-db-deployer#flowable-async-job-executor-thread-112534#
[PollExecuteTaskStatusExecution] 1b9f4783-0339-4c3a-b1e7-2e9151c73fa6 [2026-09-18T11:19:43.904740] Precompiling "src/gen/data/sap.common-Currencies.texts.csv"... (STDOUT, APP/TASK/deploy)#
#2026 09 18 11:19:45.360#Z#DEBUG#9d22f57d-b352-11f1-9456-eeee0a8e3e3b.Bookshop-db-deployer#flowable-async-job-executor-thread-112534#
[PollExecuteTaskStatusExecution] 1b9f4783-0339-4c3a-b1e7-2e9151c73fa6 [2026-09-18T11:19:43.904797] Precompiling "src/gen/data/sap.common-Currencies.hdbtabledata$0.expand"... ok (0s 1ms) (STDOUT, APP/TASK/deploy)#
#2026 09 18 11:19:45.360#Z#DEBUG#9d22f57d-b352-11f1-9456-eeee0a8e3e3b.Bookshop-db-deployer#flowable-async-job-executor-thread-112534#
[PollExecuteTaskStatusExecution] 1b9f4783-0339-4c3a-b1e7-2e9151c73fa6 [2026-09-18T11:19:43.904810] Precompiling "src/gen/data/sap.common-Currencies.texts.hdbtabledata"... (STDOUT, APP/TASK/deploy)#
#2026 09 18 11:19:45.360#Z#DEBUG#9d22f57d-b352-11f1-9456-eeee0a8e3e3b.Bookshop-db-deployer#flowable-async-job-executor-thread-112534#
[PollExecuteTaskStatusExecution] 1b9f4783-0339-4c3a-b1e7-2e9151c73fa6 [2026-09-18T11:19:43.904812] Precompiling "src/gen/data/sap.common-Currencies.texts.hdbtabledata"... ok (0s 0ms) (STDOUT, APP/TASK/deploy)#
#2026 09 18 11:19:45.360#Z#DEBUG#9d22f57d-b352-11f1-9456-eeee0a8e3e3b.Bookshop-db-deployer#flowable-async-job-executor-thread-112534#
[PollExecuteTaskStatusExecution] 1b9f4783-0339-4c3a-b1e7-2e9151c73fa6 [2026-09-18T11:19:43.904814] Precompiling "src/gen/data/sap.common-Currencies.texts.hdbtabledata$0.expand"... (STDOUT, APP/TASK/deploy)#
#2026 09 18 11:19:45.360#Z#DEBUG#9d22f57d-b352-11f1-9456-eeee0a8e3e3b.Bookshop-db-deployer#flowable-async-job-executor-thread-112534#
[PollExecuteTaskStatusExecution] 1b9f4783-0339-4c3a-b1e7-2e9151c73fa6 [2026-09-18T11:19:43.904818] Expanded from "src/gen/data/sap.common-Currencies.texts.hdbtabledata" (STDOUT, APP/TASK/deploy)#
#2026 09 18 11:19:45.360#Z#DEBUG#9d22f57d-b352-11f1-9456-eeee0a8e3e3b.Bookshop-db-deployer#flowable-async-job-executor-thread-112534#
[PollExecuteTaskStatusExecution] 1b9f4783-0339-4c3a-b1e7-2e9151c73fa6 [2026-09-18T11:19:43.904820] Precompiling "src/gen/data/sap.common-Currencies.texts.csv"... ok (0s 0ms) (STDOUT, APP/TASK/deploy)#
#2026 09 18 11:19:45.360#Z#DEBUG#9d22f57d-b352-11f1-9456-eeee0a8e3e3b.Bookshop-db-deployer#flowable-async-job-executor-thread-112534#
[PollExecuteTaskStatusExecution] 1b9f4783-0339-4c3a-b1e7-2e9151c73fa6 [2026-09-18T11:19:43.904822] Precompiling "src/gen/localized.AdminService.Books.hdbview"... (STDOUT, APP/TASK/deploy)#
#2026 09 18 11:19:45.360#Z#DEBUG#9d22f57d-b352-11f1-9456-eeee0a8e3e3b.Bookshop-db-deployer#flowable-async-job-executor-thread-112534#
[PollExecuteTaskStatusExecution] 1b9f4783-0339-4c3a-b1e7-2e9151c73fa6 [2026-09-18T11:19:43.904826] Precompiling "src/gen/data/sap.common-Currencies.texts.hdbtabledata$0.expand"... ok (0s 1ms) (STDOUT, APP/TASK/deploy)#
#2026 09 18 11:19:45.360#Z#DEBUG#9d22f57d-b352-11f1-9456-eeee0a8e3e3b.Bookshop-db-deployer#flowable-async-job-executor-thread-112534#
[PollExecuteTaskStatusExecution] 1b9f4783-0339-4c3a-b1e7-2e9151c73fa6 [2026-09-18T11:19:43.904836] Precompiling "src/gen/localized.AdminService.Currencies.hdbview"... (STDOUT, APP/TASK/deploy)#
#2026 09 18 11:19:45.360#Z#DEBUG#9d22f57d-b352-11f1-9456-eeee0a8e3e3b.Bookshop-db-deployer#flowable-async-job-executor-thread-112534#
[PollExecuteTaskStatusExecution] 1b9f4783-0339-4c3a-b1e7-2e9151c73fa6 [2026-09-18T11:19:43.904838] Precompiling "src/gen/localized.AdminService.Books.hdbview"... ok (0s 3ms) (STDOUT, APP/TASK/deploy)#
#2026 09 18 11:19:45.360#Z#DEBUG#9d22f57d-b352-11f1-9456-eeee0a8e3e3b.Bookshop-db-deployer#flowable-async-job-executor-thread-112534#
[PollExecuteTaskStatusExecution] 1b9f4783-0339-4c3a-b1e7-2e9151c73fa6 [2026-09-18T11:19:43.904840] Precompiling "src/gen/localized.AdminService.Genres.hdbview"... (STDOUT, APP/TASK/deploy)#
#2026 09 18 11:19:45.360#Z#DEBUG#9d22f57d-b352-11f1-9456-eeee0a8e3e3b.Bookshop-db-deployer#flowable-async-job-executor-thread-112534#
[PollExecuteTaskStatusExecution] 1b9f4783-0339-4c3a-b1e7-2e9151c73fa6 [2026-09-18T11:19:43.904849] Precompiling "src/gen/localized.AdminService.Currencies.hdbview"... ok (0s 3ms) (STDOUT, APP/TASK/deploy)#
#2026 09 18 11:19:45.360#Z#DEBUG#9d22f57d-b352-11f1-9456-eeee0a8e3e3b.Bookshop-db-deployer#flowable-async-job-executor-thread-112534#
[PollExecuteTaskStatusExecution] 1b9f4783-0339-4c3a-b1e7-2e9151c73fa6 [2026-09-18T11:19:43.904851] Precompiling "src/gen/localized.AdminService.Languages.hdbview"... (STDOUT, APP/TASK/deploy)#
#2026 09 18 11:19:45.360#Z#DEBUG#9d22f57d-b352-11f1-9456-eeee0a8e3e3b.Bookshop-db-deployer#flowable-async-job-executor-thread-112534#
[PollExecuteTaskStatusExecution] 1b9f4783-0339-4c3a-b1e7-2e9151c73fa6 [2026-09-18T11:19:43.904854] Precompiling "src/gen/localized.AdminService.Languages.hdbview"... ok (0s 2ms) (STDOUT, APP/TASK/deploy)#
#2026 09 18 11:19:45.360#Z#DEBUG#9d22f57d-b352-11f1-9456-eeee0a8e3e3b.Bookshop-db-deployer#flowable-async-job-executor-thread-112534#
[PollExecuteTaskStatusExecution] 1b9f4783-0339-4c3a-b1e7-2e9151c73fa6 [2026-09-18T11:19:43.904863] Precompiling "src/gen/localized.CatalogService.Books.hdbview"... (STDOUT, APP/TASK/deploy)#
#2026 09 18 11:19:45.360#Z#DEBUG#9d22f57d-b352-11f1-9456-eeee0a8e3e3b.Bookshop-db-deployer#flowable-async-job-executor-thread-112534#
[PollExecuteTaskStatusExecution] 1b9f4783-0339-4c3a-b1e7-2e9151c73fa6 [2026-09-18T11:19:43.904865] Precompiling "src/gen/localized.AdminService.Genres.hdbview"... ok (0s 3ms) (STDOUT, APP/TASK/deploy)#
#2026 09 18 11:19:45.360#Z#DEBUG#9d22f57d-b352-11f1-9456-eeee0a8e3e3b.Bookshop-db-deployer#flowable-async-job-executor-thread-112534#
[PollExecuteTaskStatusExecution] 1b9f4783-0339-4c3a-b1e7-2e9151c73fa6 [2026-09-18T11:19:43.904906] Precompiling "src/gen/localized.CatalogService.Currencies.hdbview"... (STDOUT, APP/TASK/deploy)#
#2026 09 18 11:19:45.360#Z#DEBUG#9d22f57d-b352-11f1-9456-eeee0a8e3e3b.Bookshop-db-deployer#flowable-async-job-executor-thread-112534#
[PollExecuteTaskStatusExecution] 1b9f4783-0339-4c3a-b1e7-2e9151c73fa6 [2026-09-18T11:19:43.904913] Precompiling "src/gen/localized.CatalogService.Currencies.hdbview"... ok (0s 3ms) (STDOUT, APP/TASK/deploy)#
#2026 09 18 11:19:45.360#Z#DEBUG#9d22f57d-b352-11f1-9456-eeee0a8e3e3b.Bookshop-db-deployer#flowable-async-job-executor-thread-112534#
[PollExecuteTaskStatusExecution] 1b9f4783-0339-4c3a-b1e7-2e9151c73fa6 [2026-09-18T11:19:43.904919] Precompiling "src/gen/localized.CatalogService.Genres.hdbview"... (STDOUT, APP/TASK/deploy)#
#2026 09 18 11:19:45.360#Z#DEBUG#9d22f57d-b352-11f1-9456-eeee0a8e3e3b.Bookshop-db-deployer#flowable-async-job-executor-thread-112534#
[PollExecuteTaskStatusExecution] 1b9f4783-0339-4c3a-b1e7-2e9151c73fa6 [2026-09-18T11:19:43.904922] Precompiling "src/gen/localized.CatalogService.Books.hdbview"... ok (0s 3ms) (STDOUT, APP/TASK/deploy)#
#2026 09 18 11:19:45.360#Z#DEBUG#9d22f57d-b352-11f1-9456-eeee0a8e3e3b.Bookshop-db-deployer#flowable-async-job-executor-thread-112534#
[PollExecuteTaskStatusExecution] 1b9f4783-0339-4c3a-b1e7-2e9151c73fa6 [2026-09-18T11:19:43.904936] Precompiling "src/gen/localized.CatalogService.ListOfBooks.hdbview"... (STDOUT, APP/TASK/deploy)#
#2026 09 18 11:19:45.360#Z#DEBUG#9d22f57d-b352-11f1-9456-eeee0a8e3e3b.Bookshop-db-deployer#flowable-async-job-executor-thread-112534#
[PollExecuteTaskStatusExecution] 1b9f4783-0339-4c3a-b1e7-2e9151c73fa6 [2026-09-18T11:19:43.904940] Precompiling "src/gen/localized.CatalogService.Genres.hdbview"... ok (0s 3ms) (STDOUT, APP/TASK/deploy)#
#2026 09 18 11:19:45.360#Z#DEBUG#9d22f57d-b352-11f1-9456-eeee0a8e3e3b.Bookshop-db-deployer#flowable-async-job-executor-thread-112534#
[PollExecuteTaskStatusExecution] 1b9f4783-0339-4c3a-b1e7-2e9151c73fa6 [2026-09-18T11:19:43.904944] Precompiling "src/gen/localized.sap.capire.bookshop.Books.hdbview"... (STDOUT, APP/TASK/deploy)#
#2026 09 18 11:19:45.360#Z#DEBUG#9d22f57d-b352-11f1-9456-eeee0a8e3e3b.Bookshop-db-deployer#flowable-async-job-executor-thread-112534#
[PollExecuteTaskStatusExecution] 1b9f4783-0339-4c3a-b1e7-2e9151c73fa6 [2026-09-18T11:19:43.904947] Precompiling "src/gen/localized.CatalogService.ListOfBooks.hdbview"... ok (0s 4ms) (STDOUT, APP/TASK/deploy)#
#2026 09 18 11:19:45.360#Z#DEBUG#9d22f57d-b352-11f1-9456-eeee0a8e3e3b.Bookshop-db-deployer#flowable-async-job-executor-thread-112534#
[PollExecuteTaskStatusExecution] 1b9f4783-0339-4c3a-b1e7-2e9151c73fa6 [2026-09-18T11:19:43.905002] Precompiling "src/gen/localized.sap.capire.bookshop.Genres.hdbview"... (STDOUT, APP/TASK/deploy)#
#2026 09 18 11:19:45.360#Z#DEBUG#9d22f57d-b352-11f1-9456-eeee0a8e3e3b.Bookshop-db-deployer#flowable-async-job-executor-thread-112534#
[PollExecuteTaskStatusExecution] 1b9f4783-0339-4c3a-b1e7-2e9151c73fa6 [2026-09-18T11:19:43.905005] Precompiling "src/gen/localized.sap.capire.bookshop.Books.hdbview"... ok (0s 3ms) (STDOUT, APP/TASK/deploy)#
#2026 09 18 11:19:45.360#Z#DEBUG#9d22f57d-b352-11f1-9456-eeee0a8e3e3b.Bookshop-db-deployer#flowable-async-job-executor-thread-112534#
[PollExecuteTaskStatusExecution] 1b9f4783-0339-4c3a-b1e7-2e9151c73fa6 [2026-09-18T11:19:43.905007] Precompiling "src/gen/localized.sap.common.Currencies.hdbview"... (STDOUT, APP/TASK/deploy)#
#2026 09 18 11:19:45.360#Z#DEBUG#9d22f57d-b352-11f1-9456-eeee0a8e3e3b.Bookshop-db-deployer#flowable-async-job-executor-thread-112534#
[PollExecuteTaskStatusExecution] 1b9f4783-0339-4c3a-b1e7-2e9151c73fa6 [2026-09-18T11:19:43.905009] Precompiling "src/gen/localized.sap.capire.bookshop.Genres.hdbview"... ok (0s 3ms) (STDOUT, APP/TASK/deploy)#
#2026 09 18 11:19:45.360#Z#DEBUG#9d22f57d-b352-11f1-9456-eeee0a8e3e3b.Bookshop-db-deployer#flowable-async-job-executor-thread-112534#
[PollExecuteTaskStatusExecution] 1b9f4783-0339-4c3a-b1e7-2e9151c73fa6 [2026-09-18T11:19:43.905012] Precompiling "src/gen/localized.sap.common.Languages.hdbview"... (STDOUT, APP/TASK/deploy)#
#2026 09 18 11:19:45.360#Z#DEBUG#9d22f57d-b352-11f1-9456-eeee0a8e3e3b.Bookshop-db-deployer#flowable-async-job-executor-thread-112534#
[PollExecuteTaskStatusExecution] 1b9f4783-0339-4c3a-b1e7-2e9151c73fa6 [2026-09-18T11:19:43.905015] Precompiling "src/gen/localized.sap.common.Currencies.hdbview"... ok (0s 3ms) (STDOUT, APP/TASK/deploy)#
#2026 09 18 11:19:45.360#Z#DEBUG#9d22f57d-b352-11f1-9456-eeee0a8e3e3b.Bookshop-db-deployer#flowable-async-job-executor-thread-112534#
[PollExecuteTaskStatusExecution] 1b9f4783-0339-4c3a-b1e7-2e9151c73fa6 [2026-09-18T11:19:43.905028] Precompiling "src/gen/sap.capire.bookshop.Authors.hdbtable"... (STDOUT, APP/TASK/deploy)#
#2026 09 18 11:19:45.360#Z#DEBUG#9d22f57d-b352-11f1-9456-eeee0a8e3e3b.Bookshop-db-deployer#flowable-async-job-executor-thread-112534#
[PollExecuteTaskStatusExecution] 1b9f4783-0339-4c3a-b1e7-2e9151c73fa6 [2026-09-18T11:19:43.905030] Precompiling "src/gen/localized.sap.common.Languages.hdbview"... ok (0s 3ms) (STDOUT, APP/TASK/deploy)#
#2026 09 18 11:19:45.360#Z#DEBUG#9d22f57d-b352-11f1-9456-eeee0a8e3e3b.Bookshop-db-deployer#flowable-async-job-executor-thread-112534#
[PollExecuteTaskStatusExecution] 1b9f4783-0339-4c3a-b1e7-2e9151c73fa6 [2026-09-18T11:19:43.905033] Precompiling "src/gen/sap.capire.bookshop.Books.hdbtable"... (STDOUT, APP/TASK/deploy)#
#2026 09 18 11:19:45.360#Z#DEBUG#9d22f57d-b352-11f1-9456-eeee0a8e3e3b.Bookshop-db-deployer#flowable-async-job-executor-thread-112534#
[PollExecuteTaskStatusExecution] 1b9f4783-0339-4c3a-b1e7-2e9151c73fa6 [2026-09-18T11:19:43.905043] Precompiling "src/gen/sap.capire.bookshop.Authors.hdbtable"... ok (0s 3ms) (STDOUT, APP/TASK/deploy)#
#2026 09 18 11:19:45.360#Z#DEBUG#9d22f57d-b352-11f1-9456-eeee0a8e3e3b.Bookshop-db-deployer#flowable-async-job-executor-thread-112534#
[PollExecuteTaskStatusExecution] 1b9f4783-0339-4c3a-b1e7-2e9151c73fa6 [2026-09-18T11:19:43.905045] Precompiling "src/gen/sap.capire.bookshop.Books.texts.locale.hdbindex"... (STDOUT, APP/TASK/deploy)#
#2026 09 18 11:19:45.360#Z#DEBUG#9d22f57d-b352-11f1-9456-eeee0a8e3e3b.Bookshop-db-deployer#flowable-async-job-executor-thread-112534#
[PollExecuteTaskStatusExecution] 1b9f4783-0339-4c3a-b1e7-2e9151c73fa6 [2026-09-18T11:19:43.905047] Precompiling "src/gen/sap.capire.bookshop.Books.hdbtable"... ok (0s 3ms) (STDOUT, APP/TASK/deploy)#
#2026 09 18 11:19:45.360#Z#DEBUG#9d22f57d-b352-11f1-9456-eeee0a8e3e3b.Bookshop-db-deployer#flowable-async-job-executor-thread-112534#
[PollExecuteTaskStatusExecution] 1b9f4783-0339-4c3a-b1e7-2e9151c73fa6 [2026-09-18T11:19:43.905049] Precompiling "src/gen/sap.capire.bookshop.Books_texts.hdbtable"... (STDOUT, APP/TASK/deploy)#
#2026 09 18 11:19:45.360#Z#DEBUG#9d22f57d-b352-11f1-9456-eeee0a8e3e3b.Bookshop-db-deployer#flowable-async-job-executor-thread-112534#
[PollExecuteTaskStatusExecution] 1b9f4783-0339-4c3a-b1e7-2e9151c73fa6 [2026-09-18T11:19:43.905057] Precompiling "src/gen/sap.capire.bookshop.Books.texts.locale.hdbindex"... ok (0s 3ms) (STDOUT, APP/TASK/deploy)#
#2026 09 18 11:19:45.360#Z#DEBUG#9d22f57d-b352-11f1-9456-eeee0a8e3e3b.Bookshop-db-deployer#flowable-async-job-executor-thread-112534#
[PollExecuteTaskStatusExecution] 1b9f4783-0339-4c3a-b1e7-2e9151c73fa6 [2026-09-18T11:19:43.905213] Precompiling "src/gen/sap.capire.bookshop.Genres.hdbtable"... (STDOUT, APP/TASK/deploy)#
#2026 09 18 11:19:45.360#Z#DEBUG#9d22f57d-b352-11f1-9456-eeee0a8e3e3b.Bookshop-db-deployer#flowable-async-job-executor-thread-112534#
[PollExecuteTaskStatusExecution] 1b9f4783-0339-4c3a-b1e7-2e9151c73fa6 [2026-09-18T11:19:43.905217] Precompiling "src/gen/sap.capire.bookshop.Books_texts.hdbtable"... ok (0s 3ms) (STDOUT, APP/TASK/deploy)#
#2026 09 18 11:19:45.360#Z#DEBUG#9d22f57d-b352-11f1-9456-eeee0a8e3e3b.Bookshop-db-deployer#flowable-async-job-executor-thread-112534#
[PollExecuteTaskStatusExecution] 1b9f4783-0339-4c3a-b1e7-2e9151c73fa6 [2026-09-18T11:19:43.905218] Precompiling "src/gen/sap.capire.bookshop.Genres_texts.hdbtable"... (STDOUT, APP/TASK/deploy)#
#2026 09 18 11:19:45.360#Z#DEBUG#9d22f57d-b352-11f1-9456-eeee0a8e3e3b.Bookshop-db-deployer#flowable-async-job-executor-thread-112534#
[PollExecuteTaskStatusExecution] 1b9f4783-0339-4c3a-b1e7-2e9151c73fa6 [2026-09-18T11:19:43.905220] Precompiling "src/gen/sap.capire.bookshop.Genres.hdbtable"... ok (0s 3ms) (STDOUT, APP/TASK/deploy)#
#2026 09 18 11:19:45.360#Z#DEBUG#9d22f57d-b352-11f1-9456-eeee0a8e3e3b.Bookshop-db-deployer#flowable-async-job-executor-thread-112534#
[PollExecuteTaskStatusExecution] 1b9f4783-0339-4c3a-b1e7-2e9151c73fa6 [2026-09-18T11:19:43.905223] Precompiling "src/gen/sap.common.Currencies.hdbtable"... (STDOUT, APP/TASK/deploy)#
#2026 09 18 11:19:45.360#Z#DEBUG#9d22f57d-b352-11f1-9456-eeee0a8e3e3b.Bookshop-db-deployer#flowable-async-job-executor-thread-112534#
[PollExecuteTaskStatusExecution] 1b9f4783-0339-4c3a-b1e7-2e9151c73fa6 [2026-09-18T11:19:43.905225] Precompiling "src/gen/sap.capire.bookshop.Genres_texts.hdbtable"... ok (0s 3ms) (STDOUT, APP/TASK/deploy)#
#2026 09 18 11:19:45.360#Z#DEBUG#9d22f57d-b352-11f1-9456-eeee0a8e3e3b.Bookshop-db-deployer#flowable-async-job-executor-thread-112534#
[PollExecuteTaskStatusExecution] 1b9f4783-0339-4c3a-b1e7-2e9151c73fa6 [2026-09-18T11:19:43.905227] Precompiling "src/gen/sap.common.Currencies_texts.hdbtable"... (STDOUT, APP/TASK/deploy)#
#2026 09 18 11:19:45.360#Z#DEBUG#9d22f57d-b352-11f1-9456-eeee0a8e3e3b.Bookshop-db-deployer#flowable-async-job-executor-thread-112534#
[PollExecuteTaskStatusExecution] 1b9f4783-0339-4c3a-b1e7-2e9151c73fa6 [2026-09-18T11:19:43.905229] Precompiling "src/gen/sap.common.Currencies.hdbtable"... ok (0s 3ms) (STDOUT, APP/TASK/deploy)#
#2026 09 18 11:19:45.360#Z#DEBUG#9d22f57d-b352-11f1-9456-eeee0a8e3e3b.Bookshop-db-deployer#flowable-async-job-executor-thread-112534#
[PollExecuteTaskStatusExecution] 1b9f4783-0339-4c3a-b1e7-2e9151c73fa6 [2026-09-18T11:19:43.905231] Precompiling "src/gen/sap.common.Languages.hdbtable"... (STDOUT, APP/TASK/deploy)#
#2026 09 18 11:19:45.360#Z#DEBUG#9d22f57d-b352-11f1-9456-eeee0a8e3e3b.Bookshop-db-deployer#flowable-async-job-executor-thread-112534#
[PollExecuteTaskStatusExecution] 1b9f4783-0339-4c3a-b1e7-2e9151c73fa6 [2026-09-18T11:19:43.905233] Precompiling "src/gen/sap.common.Currencies_texts.hdbtable"... ok (0s 2ms) (STDOUT, APP/TASK/deploy)#
#2026 09 18 11:19:45.360#Z#DEBUG#9d22f57d-b352-11f1-9456-eeee0a8e3e3b.Bookshop-db-deployer#flowable-async-job-executor-thread-112534#
[PollExecuteTaskStatusExecution] 1b9f4783-0339-4c3a-b1e7-2e9151c73fa6 [2026-09-18T11:19:43.905235] Precompiling "src/gen/sap.common.Languages_texts.hdbtable"... (STDOUT, APP/TASK/deploy)#
#2026 09 18 11:19:45.360#Z#DEBUG#9d22f57d-b352-11f1-9456-eeee0a8e3e3b.Bookshop-db-deployer#flowable-async-job-executor-thread-112534#
[PollExecuteTaskStatusExecution] 1b9f4783-0339-4c3a-b1e7-2e9151c73fa6 [2026-09-18T11:19:43.905237] Precompiling "src/gen/sap.common.Languages.hdbtable"... ok (0s 3ms) (STDOUT, APP/TASK/deploy)#
#2026 09 18 11:19:45.360#Z#DEBUG#9d22f57d-b352-11f1-9456-eeee0a8e3e3b.Bookshop-db-deployer#flowable-async-job-executor-thread-112534#
[PollExecuteTaskStatusExecution] 1b9f4783-0339-4c3a-b1e7-2e9151c73fa6 [2026-09-18T11:19:43.905239] Precompiling "src/gen/sap.common.Languages_texts.hdbtable"... ok (0s 3ms) (STDOUT, APP/TASK/deploy)#
#2026 09 18 11:19:45.360#Z#DEBUG#9d22f57d-b352-11f1-9456-eeee0a8e3e3b.Bookshop-db-deployer#flowable-async-job-executor-thread-112534#
[PollExecuteTaskStatusExecution] 1b9f4783-0339-4c3a-b1e7-2e9151c73fa6 [2026-09-18T11:19:43.905241] Precompiling... ok (0s 83ms) (STDOUT, APP/TASK/deploy)#
#2026 09 18 11:19:45.360#Z#DEBUG#9d22f57d-b352-11f1-9456-eeee0a8e3e3b.Bookshop-db-deployer#flowable-async-job-executor-thread-112534#
[PollExecuteTaskStatusExecution] 1b9f4783-0339-4c3a-b1e7-2e9151c73fa6 [2026-09-18T11:19:43.905384] Merging... (STDOUT, APP/TASK/deploy)#
#2026 09 18 11:19:45.360#Z#DEBUG#9d22f57d-b352-11f1-9456-eeee0a8e3e3b.Bookshop-db-deployer#flowable-async-job-executor-thread-112534#
[PollExecuteTaskStatusExecution] 1b9f4783-0339-4c3a-b1e7-2e9151c73fa6 [2026-09-18T11:19:43.905391] Merging... ok (0s 18ms) (STDOUT, APP/TASK/deploy)#
#2026 09 18 11:19:45.360#Z#DEBUG#9d22f57d-b352-11f1-9456-eeee0a8e3e3b.Bookshop-db-deployer#flowable-async-job-executor-thread-112534#
[PollExecuteTaskStatusExecution] 1b9f4783-0339-4c3a-b1e7-2e9151c73fa6 [2026-09-18T11:19:43.905395] Calculating dependencies... ok (0s 202ms) (STDOUT, APP/TASK/deploy)#
#2026 09 18 11:19:45.360#Z#DEBUG#9d22f57d-b352-11f1-9456-eeee0a8e3e3b.Bookshop-db-deployer#flowable-async-job-executor-thread-112534#
[PollExecuteTaskStatusExecution] 1b9f4783-0339-4c3a-b1e7-2e9151c73fa6 [2026-09-18T11:19:43.905398] Processing work list... (STDOUT, APP/TASK/deploy)#
#2026 09 18 11:19:45.360#Z#DEBUG#9d22f57d-b352-11f1-9456-eeee0a8e3e3b.Bookshop-db-deployer#flowable-async-job-executor-thread-112534#
[PollExecuteTaskStatusExecution] 1b9f4783-0339-4c3a-b1e7-2e9151c73fa6 [2026-09-18T11:19:43.905402] Deploying "src/gen/AdminService.Authors_drafts.hdbtable"... (STDOUT, APP/TASK/deploy)#
#2026 09 18 11:19:45.360#Z#DEBUG#9d22f57d-b352-11f1-9456-eeee0a8e3e3b.Bookshop-db-deployer#flowable-async-job-executor-thread-112534#
[PollExecuteTaskStatusExecution] 1b9f4783-0339-4c3a-b1e7-2e9151c73fa6 [2026-09-18T11:19:43.905405] Deploying "src/gen/AdminService.Authors_drafts.hdbtable"... ok (0s 13ms) (STDOUT, APP/TASK/deploy)#
#2026 09 18 11:19:45.360#Z#DEBUG#9d22f57d-b352-11f1-9456-eeee0a8e3e3b.Bookshop-db-deployer#flowable-async-job-executor-thread-112534#
[PollExecuteTaskStatusExecution] 1b9f4783-0339-4c3a-b1e7-2e9151c73fa6 [2026-09-18T11:19:43.905408] Deploying "src/gen/AdminService.Books_drafts.hdbtable"... (STDOUT, APP/TASK/deploy)#
#2026 09 18 11:19:45.360#Z#DEBUG#9d22f57d-b352-11f1-9456-eeee0a8e3e3b.Bookshop-db-deployer#flowable-async-job-executor-thread-112534#
[PollExecuteTaskStatusExecution] 1b9f4783-0339-4c3a-b1e7-2e9151c73fa6 [2026-09-18T11:19:43.905426] Deploying "src/gen/AdminService.Books_drafts.hdbtable"... ok (0s 11ms) (STDOUT, APP/TASK/deploy)#
#2026 09 18 11:19:45.360#Z#DEBUG#9d22f57d-b352-11f1-9456-eeee0a8e3e3b.Bookshop-db-deployer#flowable-async-job-executor-thread-112534#
[PollExecuteTaskStatusExecution] 1b9f4783-0339-4c3a-b1e7-2e9151c73fa6 [2026-09-18T11:19:43.905430] Deploying "src/gen/AdminService.Books_texts_drafts.hdbtable"... (STDOUT, APP/TASK/deploy)#
#2026 09 18 11:19:45.360#Z#DEBUG#9d22f57d-b352-11f1-9456-eeee0a8e3e3b.Bookshop-db-deployer#flowable-async-job-executor-thread-112534#
[PollExecuteTaskStatusExecution] 1b9f4783-0339-4c3a-b1e7-2e9151c73fa6 [2026-09-18T11:19:43.905432] Deploying "src/gen/AdminService.Books_texts_drafts.hdbtable"... ok (0s 9ms) (STDOUT, APP/TASK/deploy)#
#2026 09 18 11:19:45.360#Z#DEBUG#9d22f57d-b352-11f1-9456-eeee0a8e3e3b.Bookshop-db-deployer#flowable-async-job-executor-thread-112534#
[PollExecuteTaskStatusExecution] 1b9f4783-0339-4c3a-b1e7-2e9151c73fa6 [2026-09-18T11:19:43.905436] Deploying "src/gen/DRAFT.DraftAdministrativeData.hdbtable"... (STDOUT, APP/TASK/deploy)#
#2026 09 18 11:19:45.360#Z#DEBUG#9d22f57d-b352-11f1-9456-eeee0a8e3e3b.Bookshop-db-deployer#flowable-async-job-executor-thread-112534#
[PollExecuteTaskStatusExecution] 1b9f4783-0339-4c3a-b1e7-2e9151c73fa6 [2026-09-18T11:19:43.905484] Deploying "src/gen/DRAFT.DraftAdministrativeData.hdbtable"... ok (0s 9ms) (STDOUT, APP/TASK/deploy)#
#2026 09 18 11:19:45.360#Z#DEBUG#9d22f57d-b352-11f1-9456-eeee0a8e3e3b.Bookshop-db-deployer#flowable-async-job-executor-thread-112534#
[PollExecuteTaskStatusExecution] 1b9f4783-0339-4c3a-b1e7-2e9151c73fa6 [2026-09-18T11:19:43.905488] Deploying "src/gen/cds.outbox.Messages.hdbtable"... (STDOUT, APP/TASK/deploy)#
#2026 09 18 11:19:45.360#Z#DEBUG#9d22f57d-b352-11f1-9456-eeee0a8e3e3b.Bookshop-db-deployer#flowable-async-job-executor-thread-112534#
[PollExecuteTaskStatusExecution] 1b9f4783-0339-4c3a-b1e7-2e9151c73fa6 [2026-09-18T11:19:43.905490] Deploying "src/gen/cds.outbox.Messages.hdbtable"... ok (0s 10ms) (STDOUT, APP/TASK/deploy)#
#2026 09 18 11:19:45.360#Z#DEBUG#9d22f57d-b352-11f1-9456-eeee0a8e3e3b.Bookshop-db-deployer#flowable-async-job-executor-thread-112534#
[PollExecuteTaskStatusExecution] 1b9f4783-0339-4c3a-b1e7-2e9151c73fa6 [2026-09-18T11:19:43.905492] Deploying "src/gen/data/sap.capire.bookshop-Authors.csv"... (STDOUT, APP/TASK/deploy)#
#2026 09 18 11:19:45.360#Z#DEBUG#9d22f57d-b352-11f1-9456-eeee0a8e3e3b.Bookshop-db-deployer#flowable-async-job-executor-thread-112534#
[PollExecuteTaskStatusExecution] 1b9f4783-0339-4c3a-b1e7-2e9151c73fa6 [2026-09-18T11:19:43.905500] Deploying "src/gen/data/sap.capire.bookshop-Authors.csv"... ok (0s 6ms) (STDOUT, APP/TASK/deploy)#
#2026 09 18 11:19:45.360#Z#DEBUG#9d22f57d-b352-11f1-9456-eeee0a8e3e3b.Bookshop-db-deployer#flowable-async-job-executor-thread-112534#
[PollExecuteTaskStatusExecution] 1b9f4783-0339-4c3a-b1e7-2e9151c73fa6 [2026-09-18T11:19:43.905502] Deploying "src/gen/data/sap.capire.bookshop-Authors.hdbtabledata"... (STDOUT, APP/TASK/deploy)#
#2026 09 18 11:19:45.360#Z#DEBUG#9d22f57d-b352-11f1-9456-eeee0a8e3e3b.Bookshop-db-deployer#flowable-async-job-executor-thread-112534#
[PollExecuteTaskStatusExecution] 1b9f4783-0339-4c3a-b1e7-2e9151c73fa6 [2026-09-18T11:19:43.905514] Deploying "src/gen/data/sap.capire.bookshop-Authors.hdbtabledata"... ok (0s 0ms) (STDOUT, APP/TASK/deploy)#
#2026 09 18 11:19:45.360#Z#DEBUG#9d22f57d-b352-11f1-9456-eeee0a8e3e3b.Bookshop-db-deployer#flowable-async-job-executor-thread-112534#
[PollExecuteTaskStatusExecution] 1b9f4783-0339-4c3a-b1e7-2e9151c73fa6 [2026-09-18T11:19:43.905516] Deploying "src/gen/data/sap.capire.bookshop-Books.csv"... (STDOUT, APP/TASK/deploy)#
#2026 09 18 11:19:45.360#Z#DEBUG#9d22f57d-b352-11f1-9456-eeee0a8e3e3b.Bookshop-db-deployer#flowable-async-job-executor-thread-112534#
[PollExecuteTaskStatusExecution] 1b9f4783-0339-4c3a-b1e7-2e9151c73fa6 [2026-09-18T11:19:43.905562] Deploying "src/gen/data/sap.capire.bookshop-Books.csv"... ok (0s 2ms) (STDOUT, APP/TASK/deploy)#
#2026 09 18 11:19:45.360#Z#DEBUG#9d22f57d-b352-11f1-9456-eeee0a8e3e3b.Bookshop-db-deployer#flowable-async-job-executor-thread-112534#
[PollExecuteTaskStatusExecution] 1b9f4783-0339-4c3a-b1e7-2e9151c73fa6 [2026-09-18T11:19:43.905571] Deploying "src/gen/data/sap.capire.bookshop-Books.hdbtabledata"... (STDOUT, APP/TASK/deploy)#
#2026 09 18 11:19:45.360#Z#DEBUG#9d22f57d-b352-11f1-9456-eeee0a8e3e3b.Bookshop-db-deployer#flowable-async-job-executor-thread-112534#
[PollExecuteTaskStatusExecution] 1b9f4783-0339-4c3a-b1e7-2e9151c73fa6 [2026-09-18T11:19:43.905574] Deploying "src/gen/data/sap.capire.bookshop-Books.hdbtabledata"... ok (0s 0ms) (STDOUT, APP/TASK/deploy)#
#2026 09 18 11:19:45.360#Z#DEBUG#9d22f57d-b352-11f1-9456-eeee0a8e3e3b.Bookshop-db-deployer#flowable-async-job-executor-thread-112534#
[PollExecuteTaskStatusExecution] 1b9f4783-0339-4c3a-b1e7-2e9151c73fa6 [2026-09-18T11:19:43.905576] Deploying "src/gen/data/sap.capire.bookshop-Books.texts.csv"... (STDOUT, APP/TASK/deploy)#
#2026 09 18 11:19:45.360#Z#DEBUG#9d22f57d-b352-11f1-9456-eeee0a8e3e3b.Bookshop-db-deployer#flowable-async-job-executor-thread-112534#
[PollExecuteTaskStatusExecution] 1b9f4783-0339-4c3a-b1e7-2e9151c73fa6 [2026-09-18T11:19:43.905578] Deploying "src/gen/data/sap.capire.bookshop-Books.texts.csv"... ok (0s 1ms) (STDOUT, APP/TASK/deploy)#
#2026 09 18 11:19:45.360#Z#DEBUG#9d22f57d-b352-11f1-9456-eeee0a8e3e3b.Bookshop-db-deployer#flowable-async-job-executor-thread-112534#
[PollExecuteTaskStatusExecution] 1b9f4783-0339-4c3a-b1e7-2e9151c73fa6 [2026-09-18T11:19:43.905638] Deploying "src/gen/data/sap.capire.bookshop-Books.texts.hdbtabledata"... (STDOUT, APP/TASK/deploy)#
#2026 09 18 11:19:45.360#Z#DEBUG#9d22f57d-b352-11f1-9456-eeee0a8e3e3b.Bookshop-db-deployer#flowable-async-job-executor-thread-112534#
[PollExecuteTaskStatusExecution] 1b9f4783-0339-4c3a-b1e7-2e9151c73fa6 [2026-09-18T11:19:43.905640] Deploying "src/gen/data/sap.capire.bookshop-Books.texts.hdbtabledata"... ok (0s 0ms) (STDOUT, APP/TASK/deploy)#
#2026 09 18 11:19:45.360#Z#DEBUG#9d22f57d-b352-11f1-9456-eeee0a8e3e3b.Bookshop-db-deployer#flowable-async-job-executor-thread-112534#
[PollExecuteTaskStatusExecution] 1b9f4783-0339-4c3a-b1e7-2e9151c73fa6 [2026-09-18T11:19:43.905690] Deploying "src/gen/data/sap.capire.bookshop-Genres.csv"... (STDOUT, APP/TASK/deploy)#
#2026 09 18 11:19:45.360#Z#DEBUG#9d22f57d-b352-11f1-9456-eeee0a8e3e3b.Bookshop-db-deployer#flowable-async-job-executor-thread-112534#
[PollExecuteTaskStatusExecution] 1b9f4783-0339-4c3a-b1e7-2e9151c73fa6 [2026-09-18T11:19:43.905692] Deploying "src/gen/data/sap.capire.bookshop-Genres.csv"... ok (0s 1ms) (STDOUT, APP/TASK/deploy)#
#2026 09 18 11:19:45.360#Z#DEBUG#9d22f57d-b352-11f1-9456-eeee0a8e3e3b.Bookshop-db-deployer#flowable-async-job-executor-thread-112534#
[PollExecuteTaskStatusExecution] 1b9f4783-0339-4c3a-b1e7-2e9151c73fa6 [2026-09-18T11:19:43.905695] Deploying "src/gen/data/sap.capire.bookshop-Genres.hdbtabledata"... (STDOUT, APP/TASK/deploy)#
#2026 09 18 11:19:45.360#Z#DEBUG#9d22f57d-b352-11f1-9456-eeee0a8e3e3b.Bookshop-db-deployer#flowable-async-job-executor-thread-112534#
[PollExecuteTaskStatusExecution] 1b9f4783-0339-4c3a-b1e7-2e9151c73fa6 [2026-09-18T11:19:43.905697] Deploying "src/gen/data/sap.capire.bookshop-Genres.hdbtabledata"... ok (0s 0ms) (STDOUT, APP/TASK/deploy)#
#2026 09 18 11:19:45.360#Z#DEBUG#9d22f57d-b352-11f1-9456-eeee0a8e3e3b.Bookshop-db-deployer#flowable-async-job-executor-thread-112534#
[PollExecuteTaskStatusExecution] 1b9f4783-0339-4c3a-b1e7-2e9151c73fa6 [2026-09-18T11:19:43.905700] Deploying "src/gen/data/sap.capire.bookshop-Genres.texts.csv"... (STDOUT, APP/TASK/deploy)#
#2026 09 18 11:19:45.360#Z#DEBUG#9d22f57d-b352-11f1-9456-eeee0a8e3e3b.Bookshop-db-deployer#flowable-async-job-executor-thread-112534#
[PollExecuteTaskStatusExecution] 1b9f4783-0339-4c3a-b1e7-2e9151c73fa6 [2026-09-18T11:19:43.905702] Deploying "src/gen/data/sap.capire.bookshop-Genres.texts.csv"... ok (0s 2ms) (STDOUT, APP/TASK/deploy)#
#2026 09 18 11:19:45.360#Z#DEBUG#9d22f57d-b352-11f1-9456-eeee0a8e3e3b.Bookshop-db-deployer#flowable-async-job-executor-thread-112534#
[PollExecuteTaskStatusExecution] 1b9f4783-0339-4c3a-b1e7-2e9151c73fa6 [2026-09-18T11:19:43.905704] Deploying "src/gen/data/sap.capire.bookshop-Genres.texts.hdbtabledata"... (STDOUT, APP/TASK/deploy)#
#2026 09 18 11:19:45.360#Z#DEBUG#9d22f57d-b352-11f1-9456-eeee0a8e3e3b.Bookshop-db-deployer#flowable-async-job-executor-thread-112534#
[PollExecuteTaskStatusExecution] 1b9f4783-0339-4c3a-b1e7-2e9151c73fa6 [2026-09-18T11:19:43.905706] Deploying "src/gen/data/sap.capire.bookshop-Genres.texts.hdbtabledata"... ok (0s 0ms) (STDOUT, APP/TASK/deploy)#
#2026 09 18 11:19:45.360#Z#DEBUG#9d22f57d-b352-11f1-9456-eeee0a8e3e3b.Bookshop-db-deployer#flowable-async-job-executor-thread-112534#
[PollExecuteTaskStatusExecution] 1b9f4783-0339-4c3a-b1e7-2e9151c73fa6 [2026-09-18T11:19:43.905708] Deploying "src/gen/data/sap.common-Currencies.csv"... (STDOUT, APP/TASK/deploy)#
#2026 09 18 11:19:45.360#Z#DEBUG#9d22f57d-b352-11f1-9456-eeee0a8e3e3b.Bookshop-db-deployer#flowable-async-job-executor-thread-112534#
[PollExecuteTaskStatusExecution] 1b9f4783-0339-4c3a-b1e7-2e9151c73fa6 [2026-09-18T11:19:43.905710] Deploying "src/gen/data/sap.common-Currencies.csv"... ok (0s 1ms) (STDOUT, APP/TASK/deploy)#
#2026 09 18 11:19:45.360#Z#DEBUG#9d22f57d-b352-11f1-9456-eeee0a8e3e3b.Bookshop-db-deployer#flowable-async-job-executor-thread-112534#
[PollExecuteTaskStatusExecution] 1b9f4783-0339-4c3a-b1e7-2e9151c73fa6 [2026-09-18T11:19:43.905713] Deploying "src/gen/data/sap.common-Currencies.hdbtabledata"... (STDOUT, APP/TASK/deploy)#
#2026 09 18 11:19:45.360#Z#DEBUG#9d22f57d-b352-11f1-9456-eeee0a8e3e3b.Bookshop-db-deployer#flowable-async-job-executor-thread-112534#
[PollExecuteTaskStatusExecution] 1b9f4783-0339-4c3a-b1e7-2e9151c73fa6 [2026-09-18T11:19:43.905841] Deploying "src/gen/data/sap.common-Currencies.hdbtabledata"... ok (0s 0ms) (STDOUT, APP/TASK/deploy)#
#2026 09 18 11:19:45.360#Z#DEBUG#9d22f57d-b352-11f1-9456-eeee0a8e3e3b.Bookshop-db-deployer#flowable-async-job-executor-thread-112534#
[PollExecuteTaskStatusExecution] 1b9f4783-0339-4c3a-b1e7-2e9151c73fa6 [2026-09-18T11:19:43.905858] Deploying "src/gen/data/sap.common-Currencies.texts.csv"... (STDOUT, APP/TASK/deploy)#
#2026 09 18 11:19:45.360#Z#DEBUG#9d22f57d-b352-11f1-9456-eeee0a8e3e3b.Bookshop-db-deployer#flowable-async-job-executor-thread-112534#
[PollExecuteTaskStatusExecution] 1b9f4783-0339-4c3a-b1e7-2e9151c73fa6 [2026-09-18T11:19:43.905862] Deploying "src/gen/data/sap.common-Currencies.texts.csv"... ok (0s 2ms) (STDOUT, APP/TASK/deploy)#
#2026 09 18 11:19:45.360#Z#DEBUG#9d22f57d-b352-11f1-9456-eeee0a8e3e3b.Bookshop-db-deployer#flowable-async-job-executor-thread-112534#
[PollExecuteTaskStatusExecution] 1b9f4783-0339-4c3a-b1e7-2e9151c73fa6 [2026-09-18T11:19:43.905865] Deploying "src/gen/data/sap.common-Currencies.texts.hdbtabledata"... (STDOUT, APP/TASK/deploy)#
#2026 09 18 11:19:45.360#Z#DEBUG#9d22f57d-b352-11f1-9456-eeee0a8e3e3b.Bookshop-db-deployer#flowable-async-job-executor-thread-112534#
[PollExecuteTaskStatusExecution] 1b9f4783-0339-4c3a-b1e7-2e9151c73fa6 [2026-09-18T11:19:43.905868] Deploying "src/gen/data/sap.common-Currencies.texts.hdbtabledata"... ok (0s 0ms) (STDOUT, APP/TASK/deploy)#
#2026 09 18 11:19:45.360#Z#DEBUG#9d22f57d-b352-11f1-9456-eeee0a8e3e3b.Bookshop-db-deployer#flowable-async-job-executor-thread-112534#
[PollExecuteTaskStatusExecution] 1b9f4783-0339-4c3a-b1e7-2e9151c73fa6 [2026-09-18T11:19:43.905871] Deploying "src/gen/sap.capire.bookshop.Authors.hdbtable"... (STDOUT, APP/TASK/deploy)#
#2026 09 18 11:19:45.360#Z#DEBUG#9d22f57d-b352-11f1-9456-eeee0a8e3e3b.Bookshop-db-deployer#flowable-async-job-executor-thread-112534#
[PollExecuteTaskStatusExecution] 1b9f4783-0339-4c3a-b1e7-2e9151c73fa6 [2026-09-18T11:19:43.905883] Deploying "src/gen/sap.capire.bookshop.Authors.hdbtable"... ok (0s 8ms) (STDOUT, APP/TASK/deploy)#
#2026 09 18 11:19:45.360#Z#DEBUG#9d22f57d-b352-11f1-9456-eeee0a8e3e3b.Bookshop-db-deployer#flowable-async-job-executor-thread-112534#
[PollExecuteTaskStatusExecution] 1b9f4783-0339-4c3a-b1e7-2e9151c73fa6 [2026-09-18T11:19:43.905886] Deploying "src/gen/sap.capire.bookshop.Books.hdbtable"... (STDOUT, APP/TASK/deploy)#
#2026 09 18 11:19:45.360#Z#DEBUG#9d22f57d-b352-11f1-9456-eeee0a8e3e3b.Bookshop-db-deployer#flowable-async-job-executor-thread-112534#
[PollExecuteTaskStatusExecution] 1b9f4783-0339-4c3a-b1e7-2e9151c73fa6 [2026-09-18T11:19:43.905890] Deploying "src/gen/sap.capire.bookshop.Books.hdbtable"... ok (0s 10ms) (STDOUT, APP/TASK/deploy)#
#2026 09 18 11:19:45.360#Z#DEBUG#9d22f57d-b352-11f1-9456-eeee0a8e3e3b.Bookshop-db-deployer#flowable-async-job-executor-thread-112534#
[PollExecuteTaskStatusExecution] 1b9f4783-0339-4c3a-b1e7-2e9151c73fa6 [2026-09-18T11:19:43.905893] Deploying "src/gen/sap.capire.bookshop.Books_texts.hdbtable"... (STDOUT, APP/TASK/deploy)#
#2026 09 18 11:19:45.360#Z#DEBUG#9d22f57d-b352-11f1-9456-eeee0a8e3e3b.Bookshop-db-deployer#flowable-async-job-executor-thread-112534#
[PollExecuteTaskStatusExecution] 1b9f4783-0339-4c3a-b1e7-2e9151c73fa6 [2026-09-18T11:19:43.905897] Deploying "src/gen/sap.capire.bookshop.Books_texts.hdbtable"... ok (0s 8ms) (STDOUT, APP/TASK/deploy)#
#2026 09 18 11:19:45.360#Z#DEBUG#9d22f57d-b352-11f1-9456-eeee0a8e3e3b.Bookshop-db-deployer#flowable-async-job-executor-thread-112534#
[PollExecuteTaskStatusExecution] 1b9f4783-0339-4c3a-b1e7-2e9151c73fa6 [2026-09-18T11:19:43.905899] Deploying "src/gen/sap.capire.bookshop.Genres.hdbtable"... (STDOUT, APP/TASK/deploy)#
#2026 09 18 11:19:45.360#Z#DEBUG#9d22f57d-b352-11f1-9456-eeee0a8e3e3b.Bookshop-db-deployer#flowable-async-job-executor-thread-112534#
[PollExecuteTaskStatusExecution] 1b9f4783-0339-4c3a-b1e7-2e9151c73fa6 [2026-09-18T11:19:43.905914] Deploying "src/gen/sap.capire.bookshop.Genres.hdbtable"... ok (0s 8ms) (STDOUT, APP/TASK/deploy)#
#2026 09 18 11:19:45.360#Z#DEBUG#9d22f57d-b352-11f1-9456-eeee0a8e3e3b.Bookshop-db-deployer#flowable-async-job-executor-thread-112534#
[PollExecuteTaskStatusExecution] 1b9f4783-0339-4c3a-b1e7-2e9151c73fa6 [2026-09-18T11:19:43.905917] Deploying "src/gen/sap.capire.bookshop.Genres_texts.hdbtable"... (STDOUT, APP/TASK/deploy)#
#2026 09 18 11:19:45.360#Z#DEBUG#9d22f57d-b352-11f1-9456-eeee0a8e3e3b.Bookshop-db-deployer#flowable-async-job-executor-thread-112534#
[PollExecuteTaskStatusExecution] 1b9f4783-0339-4c3a-b1e7-2e9151c73fa6 [2026-09-18T11:19:43.905920] Deploying "src/gen/sap.capire.bookshop.Genres_texts.hdbtable"... ok (0s 8ms) (STDOUT, APP/TASK/deploy)#
#2026 09 18 11:19:45.360#Z#DEBUG#9d22f57d-b352-11f1-9456-eeee0a8e3e3b.Bookshop-db-deployer#flowable-async-job-executor-thread-112534#
[PollExecuteTaskStatusExecution] 1b9f4783-0339-4c3a-b1e7-2e9151c73fa6 [2026-09-18T11:19:43.905922] Deploying "src/gen/sap.common.Currencies.hdbtable"... (STDOUT, APP/TASK/deploy)#
#2026 09 18 11:19:45.360#Z#DEBUG#9d22f57d-b352-11f1-9456-eeee0a8e3e3b.Bookshop-db-deployer#flowable-async-job-executor-thread-112534#
[PollExecuteTaskStatusExecution] 1b9f4783-0339-4c3a-b1e7-2e9151c73fa6 [2026-09-18T11:19:43.905932] Deploying "src/gen/sap.common.Currencies.hdbtable"... ok (0s 9ms) (STDOUT, APP/TASK/deploy)#
#2026 09 18 11:19:45.360#Z#DEBUG#9d22f57d-b352-11f1-9456-eeee0a8e3e3b.Bookshop-db-deployer#flowable-async-job-executor-thread-112534#
[PollExecuteTaskStatusExecution] 1b9f4783-0339-4c3a-b1e7-2e9151c73fa6 [2026-09-18T11:19:43.905934] Deploying "src/gen/sap.common.Currencies_texts.hdbtable"... (STDOUT, APP/TASK/deploy)#
#2026 09 18 11:19:45.360#Z#DEBUG#9d22f57d-b352-11f1-9456-eeee0a8e3e3b.Bookshop-db-deployer#flowable-async-job-executor-thread-112534#
[PollExecuteTaskStatusExecution] 1b9f4783-0339-4c3a-b1e7-2e9151c73fa6 [2026-09-18T11:19:43.905984] Deploying "src/gen/sap.common.Currencies_texts.hdbtable"... ok (0s 8ms) (STDOUT, APP/TASK/deploy)#
#2026 09 18 11:19:45.360#Z#DEBUG#9d22f57d-b352-11f1-9456-eeee0a8e3e3b.Bookshop-db-deployer#flowable-async-job-executor-thread-112534#
[PollExecuteTaskStatusExecution] 1b9f4783-0339-4c3a-b1e7-2e9151c73fa6 [2026-09-18T11:19:43.906009] Deploying "src/gen/sap.common.Languages.hdbtable"... (STDOUT, APP/TASK/deploy)#
#2026 09 18 11:19:45.360#Z#DEBUG#9d22f57d-b352-11f1-9456-eeee0a8e3e3b.Bookshop-db-deployer#flowable-async-job-executor-thread-112534#
[PollExecuteTaskStatusExecution] 1b9f4783-0339-4c3a-b1e7-2e9151c73fa6 [2026-09-18T11:19:43.906012] Deploying "src/gen/sap.common.Languages.hdbtable"... ok (0s 8ms) (STDOUT, APP/TASK/deploy)#
#2026 09 18 11:19:45.360#Z#DEBUG#9d22f57d-b352-11f1-9456-eeee0a8e3e3b.Bookshop-db-deployer#flowable-async-job-executor-thread-112534#
[PollExecuteTaskStatusExecution] 1b9f4783-0339-4c3a-b1e7-2e9151c73fa6 [2026-09-18T11:19:43.906015] Deploying "src/gen/sap.common.Languages_texts.hdbtable"... (STDOUT, APP/TASK/deploy)#
#2026 09 18 11:19:45.360#Z#DEBUG#9d22f57d-b352-11f1-9456-eeee0a8e3e3b.Bookshop-db-deployer#flowable-async-job-executor-thread-112534#
[PollExecuteTaskStatusExecution] 1b9f4783-0339-4c3a-b1e7-2e9151c73fa6 [2026-09-18T11:19:43.906022] Deploying "src/gen/sap.common.Languages_texts.hdbtable"... ok (0s 8ms) (STDOUT, APP/TASK/deploy)#
#2026 09 18 11:19:45.360#Z#DEBUG#9d22f57d-b352-11f1-9456-eeee0a8e3e3b.Bookshop-db-deployer#flowable-async-job-executor-thread-112534#
[PollExecuteTaskStatusExecution] 1b9f4783-0339-4c3a-b1e7-2e9151c73fa6 [2026-09-18T11:19:43.906025] Deploying "src/gen/AdminService.DraftAdministrativeData.hdbview"... (STDOUT, APP/TASK/deploy)#
#2026 09 18 11:19:45.360#Z#DEBUG#9d22f57d-b352-11f1-9456-eeee0a8e3e3b.Bookshop-db-deployer#flowable-async-job-executor-thread-112534#
[PollExecuteTaskStatusExecution] 1b9f4783-0339-4c3a-b1e7-2e9151c73fa6 [2026-09-18T11:19:43.906028] Deploying "src/gen/AdminService.DraftAdministrativeData.hdbview"... ok (0s 13ms) (STDOUT, APP/TASK/deploy)#
#2026 09 18 11:19:45.360#Z#DEBUG#9d22f57d-b352-11f1-9456-eeee0a8e3e3b.Bookshop-db-deployer#flowable-async-job-executor-thread-112534#
[PollExecuteTaskStatusExecution] 1b9f4783-0339-4c3a-b1e7-2e9151c73fa6 [2026-09-18T11:19:43.906045] Deploying "src/gen/data/sap.capire.bookshop-Authors.hdbtabledata$0.expand"... (STDOUT, APP/TASK/deploy)#
#2026 09 18 11:19:45.360#Z#DEBUG#9d22f57d-b352-11f1-9456-eeee0a8e3e3b.Bookshop-db-deployer#flowable-async-job-executor-thread-112534#
[PollExecuteTaskStatusExecution] 1b9f4783-0339-4c3a-b1e7-2e9151c73fa6 [2026-09-18T11:19:43.906049] Expanded from "src/gen/data/sap.capire.bookshop-Authors.hdbtabledata" (STDOUT, APP/TASK/deploy)#
#2026 09 18 11:19:45.360#Z#DEBUG#9d22f57d-b352-11f1-9456-eeee0a8e3e3b.Bookshop-db-deployer#flowable-async-job-executor-thread-112534#
[PollExecuteTaskStatusExecution] 1b9f4783-0339-4c3a-b1e7-2e9151c73fa6 [2026-09-18T11:19:43.906053] Inserted 4 records of the data source file "sap.capire.bookshop-Authors.csv" into the target table "SAP_CAPIRE_BOOKSHOP_AUTHORS" (STDOUT, APP/TASK/deploy)#
#2026 09 18 11:19:45.360#Z#DEBUG#9d22f57d-b352-11f1-9456-eeee0a8e3e3b.Bookshop-db-deployer#flowable-async-job-executor-thread-112534#
[PollExecuteTaskStatusExecution] 1b9f4783-0339-4c3a-b1e7-2e9151c73fa6 [2026-09-18T11:19:43.906057] Deploying "src/gen/data/sap.capire.bookshop-Authors.hdbtabledata$0.expand"... ok (0s 67ms) (STDOUT, APP/TASK/deploy)#
#2026 09 18 11:19:45.360#Z#DEBUG#9d22f57d-b352-11f1-9456-eeee0a8e3e3b.Bookshop-db-deployer#flowable-async-job-executor-thread-112534#
[PollExecuteTaskStatusExecution] 1b9f4783-0339-4c3a-b1e7-2e9151c73fa6 [2026-09-18T11:19:43.906060] Deploying "src/gen/data/sap.capire.bookshop-Books.hdbtabledata$0.expand"... (STDOUT, APP/TASK/deploy)#
#2026 09 18 11:19:45.360#Z#DEBUG#9d22f57d-b352-11f1-9456-eeee0a8e3e3b.Bookshop-db-deployer#flowable-async-job-executor-thread-112534#
[PollExecuteTaskStatusExecution] 1b9f4783-0339-4c3a-b1e7-2e9151c73fa6 [2026-09-18T11:19:43.906062] Expanded from "src/gen/data/sap.capire.bookshop-Books.hdbtabledata" (STDOUT, APP/TASK/deploy)#
#2026 09 18 11:19:45.360#Z#DEBUG#9d22f57d-b352-11f1-9456-eeee0a8e3e3b.Bookshop-db-deployer#flowable-async-job-executor-thread-112534#
[PollExecuteTaskStatusExecution] 1b9f4783-0339-4c3a-b1e7-2e9151c73fa6 [2026-09-18T11:19:43.906065] Inserted 5 records of the data source file "sap.capire.bookshop-Books.csv" into the target table "SAP_CAPIRE_BOOKSHOP_BOOKS" (STDOUT, APP/TASK/deploy)#
#2026 09 18 11:19:45.360#Z#DEBUG#9d22f57d-b352-11f1-9456-eeee0a8e3e3b.Bookshop-db-deployer#flowable-async-job-executor-thread-112534#
[PollExecuteTaskStatusExecution] 1b9f4783-0339-4c3a-b1e7-2e9151c73fa6 [2026-09-18T11:19:43.906067] Deploying "src/gen/data/sap.capire.bookshop-Books.hdbtabledata$0.expand"... ok (0s 24ms) (STDOUT, APP/TASK/deploy)#
#2026 09 18 11:19:45.360#Z#DEBUG#9d22f57d-b352-11f1-9456-eeee0a8e3e3b.Bookshop-db-deployer#flowable-async-job-executor-thread-112534#
[PollExecuteTaskStatusExecution] 1b9f4783-0339-4c3a-b1e7-2e9151c73fa6 [2026-09-18T11:19:43.906077] Deploying "src/gen/data/sap.capire.bookshop-Books.texts.hdbtabledata$0.expand"... (STDOUT, APP/TASK/deploy)#
#2026 09 18 11:19:45.360#Z#DEBUG#9d22f57d-b352-11f1-9456-eeee0a8e3e3b.Bookshop-db-deployer#flowable-async-job-executor-thread-112534#
[PollExecuteTaskStatusExecution] 1b9f4783-0339-4c3a-b1e7-2e9151c73fa6 [2026-09-18T11:19:43.906080] Expanded from "src/gen/data/sap.capire.bookshop-Books.texts.hdbtabledata" (STDOUT, APP/TASK/deploy)#
#2026 09 18 11:19:45.360#Z#DEBUG#9d22f57d-b352-11f1-9456-eeee0a8e3e3b.Bookshop-db-deployer#flowable-async-job-executor-thread-112534#
[PollExecuteTaskStatusExecution] 1b9f4783-0339-4c3a-b1e7-2e9151c73fa6 [2026-09-18T11:19:43.906082] Inserted 4 records of the data source file "sap.capire.bookshop-Books.texts.csv" into the target table "SAP_CAPIRE_BOOKSHOP_BOOKS_TEXTS" (STDOUT, APP/TASK/deploy)#
#2026 09 18 11:19:45.360#Z#DEBUG#9d22f57d-b352-11f1-9456-eeee0a8e3e3b.Bookshop-db-deployer#flowable-async-job-executor-thread-112534#
[PollExecuteTaskStatusExecution] 1b9f4783-0339-4c3a-b1e7-2e9151c73fa6 [2026-09-18T11:19:43.906084] Deploying "src/gen/data/sap.capire.bookshop-Books.texts.hdbtabledata$0.expand"... ok (0s 23ms) (STDOUT, APP/TASK/deploy)#
#2026 09 18 11:19:45.360#Z#DEBUG#9d22f57d-b352-11f1-9456-eeee0a8e3e3b.Bookshop-db-deployer#flowable-async-job-executor-thread-112534#
[PollExecuteTaskStatusExecution] 1b9f4783-0339-4c3a-b1e7-2e9151c73fa6 [2026-09-18T11:19:43.906138] Deploying "src/gen/data/sap.capire.bookshop-Genres.hdbtabledata$0.expand"... (STDOUT, APP/TASK/deploy)#
#2026 09 18 11:19:45.360#Z#DEBUG#9d22f57d-b352-11f1-9456-eeee0a8e3e3b.Bookshop-db-deployer#flowable-async-job-executor-thread-112534#
[PollExecuteTaskStatusExecution] 1b9f4783-0339-4c3a-b1e7-2e9151c73fa6 [2026-09-18T11:19:43.906141] Expanded from "src/gen/data/sap.capire.bookshop-Genres.hdbtabledata" (STDOUT, APP/TASK/deploy)#
#2026 09 18 11:19:45.360#Z#DEBUG#9d22f57d-b352-11f1-9456-eeee0a8e3e3b.Bookshop-db-deployer#flowable-async-job-executor-thread-112534#
[PollExecuteTaskStatusExecution] 1b9f4783-0339-4c3a-b1e7-2e9151c73fa6 [2026-09-18T11:19:43.906143] Inserted 42 records of the data source file "sap.capire.bookshop-Genres.csv" into the target table "SAP_CAPIRE_BOOKSHOP_GENRES" (STDOUT, APP/TASK/deploy)#
#2026 09 18 11:19:45.360#Z#DEBUG#9d22f57d-b352-11f1-9456-eeee0a8e3e3b.Bookshop-db-deployer#flowable-async-job-executor-thread-112534#
[PollExecuteTaskStatusExecution] 1b9f4783-0339-4c3a-b1e7-2e9151c73fa6 [2026-09-18T11:19:43.906145] Deploying "src/gen/data/sap.capire.bookshop-Genres.hdbtabledata$0.expand"... ok (0s 22ms) (STDOUT, APP/TASK/deploy)#
#2026 09 18 11:19:45.360#Z#DEBUG#9d22f57d-b352-11f1-9456-eeee0a8e3e3b.Bookshop-db-deployer#flowable-async-job-executor-thread-112534#
[PollExecuteTaskStatusExecution] 1b9f4783-0339-4c3a-b1e7-2e9151c73fa6 [2026-09-18T11:19:43.906147] Deploying "src/gen/data/sap.capire.bookshop-Genres.texts.hdbtabledata$0.expand"... (STDOUT, APP/TASK/deploy)#
#2026 09 18 11:19:45.360#Z#DEBUG#9d22f57d-b352-11f1-9456-eeee0a8e3e3b.Bookshop-db-deployer#flowable-async-job-executor-thread-112534#
[PollExecuteTaskStatusExecution] 1b9f4783-0339-4c3a-b1e7-2e9151c73fa6 [2026-09-18T11:19:43.906149] Expanded from "src/gen/data/sap.capire.bookshop-Genres.texts.hdbtabledata" (STDOUT, APP/TASK/deploy)#
#2026 09 18 11:19:45.360#Z#DEBUG#9d22f57d-b352-11f1-9456-eeee0a8e3e3b.Bookshop-db-deployer#flowable-async-job-executor-thread-112534#
[PollExecuteTaskStatusExecution] 1b9f4783-0339-4c3a-b1e7-2e9151c73fa6 [2026-09-18T11:19:43.906151] Inserted 42 records of the data source file "sap.capire.bookshop-Genres.texts.csv" into the target table "SAP_CAPIRE_BOOKSHOP_GENRES_TEXTS" (STDOUT, APP/TASK/deploy)#
#2026 09 18 11:19:45.360#Z#DEBUG#9d22f57d-b352-11f1-9456-eeee0a8e3e3b.Bookshop-db-deployer#flowable-async-job-executor-thread-112534#
[PollExecuteTaskStatusExecution] 1b9f4783-0339-4c3a-b1e7-2e9151c73fa6 [2026-09-18T11:19:43.906153] Deploying "src/gen/data/sap.capire.bookshop-Genres.texts.hdbtabledata$0.expand"... ok (0s 24ms) (STDOUT, APP/TASK/deploy)#
#2026 09 18 11:19:45.360#Z#DEBUG#9d22f57d-b352-11f1-9456-eeee0a8e3e3b.Bookshop-db-deployer#flowable-async-job-executor-thread-112534#
[PollExecuteTaskStatusExecution] 1b9f4783-0339-4c3a-b1e7-2e9151c73fa6 [2026-09-18T11:19:43.906155] Deploying "src/gen/data/sap.common-Currencies.hdbtabledata$0.expand"... (STDOUT, APP/TASK/deploy)#
#2026 09 18 11:19:45.360#Z#DEBUG#9d22f57d-b352-11f1-9456-eeee0a8e3e3b.Bookshop-db-deployer#flowable-async-job-executor-thread-112534#
[PollExecuteTaskStatusExecution] 1b9f4783-0339-4c3a-b1e7-2e9151c73fa6 [2026-09-18T11:19:43.906157] Expanded from "src/gen/data/sap.common-Currencies.hdbtabledata" (STDOUT, APP/TASK/deploy)#
#2026 09 18 11:19:45.360#Z#DEBUG#9d22f57d-b352-11f1-9456-eeee0a8e3e3b.Bookshop-db-deployer#flowable-async-job-executor-thread-112534#
[PollExecuteTaskStatusExecution] 1b9f4783-0339-4c3a-b1e7-2e9151c73fa6 [2026-09-18T11:19:43.906159] Inserted 11 records of the data source file "sap.common-Currencies.csv" into the target table "SAP_COMMON_CURRENCIES" (STDOUT, APP/TASK/deploy)#
#2026 09 18 11:19:45.360#Z#DEBUG#9d22f57d-b352-11f1-9456-eeee0a8e3e3b.Bookshop-db-deployer#flowable-async-job-executor-thread-112534#
[PollExecuteTaskStatusExecution] 1b9f4783-0339-4c3a-b1e7-2e9151c73fa6 [2026-09-18T11:19:43.906171] Deploying "src/gen/data/sap.common-Currencies.hdbtabledata$0.expand"... ok (0s 33ms) (STDOUT, APP/TASK/deploy)#
#2026 09 18 11:19:45.360#Z#DEBUG#9d22f57d-b352-11f1-9456-eeee0a8e3e3b.Bookshop-db-deployer#flowable-async-job-executor-thread-112534#
[PollExecuteTaskStatusExecution] 1b9f4783-0339-4c3a-b1e7-2e9151c73fa6 [2026-09-18T11:19:43.906172] Deploying "src/gen/data/sap.common-Currencies.texts.hdbtabledata$0.expand"... (STDOUT, APP/TASK/deploy)#
#2026 09 18 11:19:45.360#Z#DEBUG#9d22f57d-b352-11f1-9456-eeee0a8e3e3b.Bookshop-db-deployer#flowable-async-job-executor-thread-112534#
[PollExecuteTaskStatusExecution] 1b9f4783-0339-4c3a-b1e7-2e9151c73fa6 [2026-09-18T11:19:43.906174] Expanded from "src/gen/data/sap.common-Currencies.texts.hdbtabledata" (STDOUT, APP/TASK/deploy)#
#2026 09 18 11:19:45.360#Z#DEBUG#9d22f57d-b352-11f1-9456-eeee0a8e3e3b.Bookshop-db-deployer#flowable-async-job-executor-thread-112534#
[PollExecuteTaskStatusExecution] 1b9f4783-0339-4c3a-b1e7-2e9151c73fa6 [2026-09-18T11:19:43.906176] Inserted 14 records of the data source file "sap.common-Currencies.texts.csv" into the target table "SAP_COMMON_CURRENCIES_TEXTS" (STDOUT, APP/TASK/deploy)#
#2026 09 18 11:19:45.360#Z#DEBUG#9d22f57d-b352-11f1-9456-eeee0a8e3e3b.Bookshop-db-deployer#flowable-async-job-executor-thread-112534#
[PollExecuteTaskStatusExecution] 1b9f4783-0339-4c3a-b1e7-2e9151c73fa6 [2026-09-18T11:19:43.906178] Deploying "src/gen/data/sap.common-Currencies.texts.hdbtabledata$0.expand"... ok (0s 22ms) (STDOUT, APP/TASK/deploy)#
#2026 09 18 11:19:45.360#Z#DEBUG#9d22f57d-b352-11f1-9456-eeee0a8e3e3b.Bookshop-db-deployer#flowable-async-job-executor-thread-112534#
[PollExecuteTaskStatusExecution] 1b9f4783-0339-4c3a-b1e7-2e9151c73fa6 [2026-09-18T11:19:43.906179] Deploying "src/gen/AdminService.Languages.hdbview"... (STDOUT, APP/TASK/deploy)#
#2026 09 18 11:19:45.360#Z#DEBUG#9d22f57d-b352-11f1-9456-eeee0a8e3e3b.Bookshop-db-deployer#flowable-async-job-executor-thread-112534#
[PollExecuteTaskStatusExecution] 1b9f4783-0339-4c3a-b1e7-2e9151c73fa6 [2026-09-18T11:19:43.906181] Deploying "src/gen/AdminService.Languages.hdbview"... ok (0s 9ms) (STDOUT, APP/TASK/deploy)#
#2026 09 18 11:19:45.360#Z#DEBUG#9d22f57d-b352-11f1-9456-eeee0a8e3e3b.Bookshop-db-deployer#flowable-async-job-executor-thread-112534#
[PollExecuteTaskStatusExecution] 1b9f4783-0339-4c3a-b1e7-2e9151c73fa6 [2026-09-18T11:19:43.906184] Deploying "src/gen/AdminService.Languages_texts.hdbview"... (STDOUT, APP/TASK/deploy)#
#2026 09 18 11:19:45.360#Z#DEBUG#9d22f57d-b352-11f1-9456-eeee0a8e3e3b.Bookshop-db-deployer#flowable-async-job-executor-thread-112534#
[PollExecuteTaskStatusExecution] 1b9f4783-0339-4c3a-b1e7-2e9151c73fa6 [2026-09-18T11:19:43.906190] Deploying "src/gen/AdminService.Languages_texts.hdbview"... ok (0s 9ms) (STDOUT, APP/TASK/deploy)#
#2026 09 18 11:19:45.360#Z#DEBUG#9d22f57d-b352-11f1-9456-eeee0a8e3e3b.Bookshop-db-deployer#flowable-async-job-executor-thread-112534#
[PollExecuteTaskStatusExecution] 1b9f4783-0339-4c3a-b1e7-2e9151c73fa6 [2026-09-18T11:19:43.906194] Deploying "src/gen/localized.sap.common.Languages.hdbview"... (STDOUT, APP/TASK/deploy)#
#2026 09 18 11:19:45.360#Z#DEBUG#9d22f57d-b352-11f1-9456-eeee0a8e3e3b.Bookshop-db-deployer#flowable-async-job-executor-thread-112534#
[PollExecuteTaskStatusExecution] 1b9f4783-0339-4c3a-b1e7-2e9151c73fa6 [2026-09-18T11:19:43.906196] Deploying "src/gen/localized.sap.common.Languages.hdbview"... ok (0s 13ms) (STDOUT, APP/TASK/deploy)#
#2026 09 18 11:19:45.360#Z#DEBUG#9d22f57d-b352-11f1-9456-eeee0a8e3e3b.Bookshop-db-deployer#flowable-async-job-executor-thread-112534#
[PollExecuteTaskStatusExecution] 1b9f4783-0339-4c3a-b1e7-2e9151c73fa6 [2026-09-18T11:19:43.906199] Deploying "src/gen/AdminService.Authors.hdbview"... (STDOUT, APP/TASK/deploy)#
#2026 09 18 11:19:45.360#Z#DEBUG#9d22f57d-b352-11f1-9456-eeee0a8e3e3b.Bookshop-db-deployer#flowable-async-job-executor-thread-112534#
[PollExecuteTaskStatusExecution] 1b9f4783-0339-4c3a-b1e7-2e9151c73fa6 [2026-09-18T11:19:43.906252] Deploying "src/gen/AdminService.Authors.hdbview"... ok (0s 11ms) (STDOUT, APP/TASK/deploy)#
#2026 09 18 11:19:45.360#Z#DEBUG#9d22f57d-b352-11f1-9456-eeee0a8e3e3b.Bookshop-db-deployer#flowable-async-job-executor-thread-112534#
[PollExecuteTaskStatusExecution] 1b9f4783-0339-4c3a-b1e7-2e9151c73fa6 [2026-09-18T11:19:43.906256] Deploying "src/gen/AdminService.Books.hdbview"... (STDOUT, APP/TASK/deploy)#
#2026 09 18 11:19:45.360#Z#DEBUG#9d22f57d-b352-11f1-9456-eeee0a8e3e3b.Bookshop-db-deployer#flowable-async-job-executor-thread-112534#
[PollExecuteTaskStatusExecution] 1b9f4783-0339-4c3a-b1e7-2e9151c73fa6 [2026-09-18T11:19:43.906310] Deploying "src/gen/AdminService.Books.hdbview"... ok (0s 11ms) (STDOUT, APP/TASK/deploy)#
#2026 09 18 11:19:45.360#Z#DEBUG#9d22f57d-b352-11f1-9456-eeee0a8e3e3b.Bookshop-db-deployer#flowable-async-job-executor-thread-112534#
[PollExecuteTaskStatusExecution] 1b9f4783-0339-4c3a-b1e7-2e9151c73fa6 [2026-09-18T11:19:43.906315] Deploying "src/gen/CatalogService.Books.hdbview"... (STDOUT, APP/TASK/deploy)#
#2026 09 18 11:19:45.360#Z#DEBUG#9d22f57d-b352-11f1-9456-eeee0a8e3e3b.Bookshop-db-deployer#flowable-async-job-executor-thread-112534#
[PollExecuteTaskStatusExecution] 1b9f4783-0339-4c3a-b1e7-2e9151c73fa6 [2026-09-18T11:19:43.906318] Deploying "src/gen/CatalogService.Books.hdbview"... ok (0s 13ms) (STDOUT, APP/TASK/deploy)#
#2026 09 18 11:19:45.360#Z#DEBUG#9d22f57d-b352-11f1-9456-eeee0a8e3e3b.Bookshop-db-deployer#flowable-async-job-executor-thread-112534#
[PollExecuteTaskStatusExecution] 1b9f4783-0339-4c3a-b1e7-2e9151c73fa6 [2026-09-18T11:19:43.906320] Deploying "src/gen/AdminService.Books_texts.hdbview"... (STDOUT, APP/TASK/deploy)#
#2026 09 18 11:19:45.360#Z#DEBUG#9d22f57d-b352-11f1-9456-eeee0a8e3e3b.Bookshop-db-deployer#flowable-async-job-executor-thread-112534#
[PollExecuteTaskStatusExecution] 1b9f4783-0339-4c3a-b1e7-2e9151c73fa6 [2026-09-18T11:19:43.906323] Deploying "src/gen/AdminService.Books_texts.hdbview"... ok (0s 10ms) (STDOUT, APP/TASK/deploy)#
#2026 09 18 11:19:45.360#Z#DEBUG#9d22f57d-b352-11f1-9456-eeee0a8e3e3b.Bookshop-db-deployer#flowable-async-job-executor-thread-112534#
[PollExecuteTaskStatusExecution] 1b9f4783-0339-4c3a-b1e7-2e9151c73fa6 [2026-09-18T11:19:43.906326] Deploying "src/gen/CatalogService.Books_texts.hdbview"... (STDOUT, APP/TASK/deploy)#
#2026 09 18 11:19:45.360#Z#DEBUG#9d22f57d-b352-11f1-9456-eeee0a8e3e3b.Bookshop-db-deployer#flowable-async-job-executor-thread-112534#
[PollExecuteTaskStatusExecution] 1b9f4783-0339-4c3a-b1e7-2e9151c73fa6 [2026-09-18T11:19:43.906330] Deploying "src/gen/CatalogService.Books_texts.hdbview"... ok (0s 10ms) (STDOUT, APP/TASK/deploy)#
#2026 09 18 11:19:45.360#Z#DEBUG#9d22f57d-b352-11f1-9456-eeee0a8e3e3b.Bookshop-db-deployer#flowable-async-job-executor-thread-112534#
[PollExecuteTaskStatusExecution] 1b9f4783-0339-4c3a-b1e7-2e9151c73fa6 [2026-09-18T11:19:43.906333] Deploying "src/gen/localized.sap.capire.bookshop.Books.hdbview"... (STDOUT, APP/TASK/deploy)#
#2026 09 18 11:19:45.360#Z#DEBUG#9d22f57d-b352-11f1-9456-eeee0a8e3e3b.Bookshop-db-deployer#flowable-async-job-executor-thread-112534#
[PollExecuteTaskStatusExecution] 1b9f4783-0339-4c3a-b1e7-2e9151c73fa6 [2026-09-18T11:19:43.906336] Deploying "src/gen/localized.sap.capire.bookshop.Books.hdbview"... ok (0s 14ms) (STDOUT, APP/TASK/deploy)#
#2026 09 18 11:19:45.360#Z#DEBUG#9d22f57d-b352-11f1-9456-eeee0a8e3e3b.Bookshop-db-deployer#flowable-async-job-executor-thread-112534#
[PollExecuteTaskStatusExecution] 1b9f4783-0339-4c3a-b1e7-2e9151c73fa6 [2026-09-18T11:19:43.906338] Deploying "src/gen/sap.capire.bookshop.Books.texts.locale.hdbindex"... (STDOUT, APP/TASK/deploy)#
#2026 09 18 11:19:45.360#Z#DEBUG#9d22f57d-b352-11f1-9456-eeee0a8e3e3b.Bookshop-db-deployer#flowable-async-job-executor-thread-112534#
[PollExecuteTaskStatusExecution] 1b9f4783-0339-4c3a-b1e7-2e9151c73fa6 [2026-09-18T11:19:43.906342] Deploying "src/gen/sap.capire.bookshop.Books.texts.locale.hdbindex"... ok (0s 68ms) (STDOUT, APP/TASK/deploy)#
#2026 09 18 11:19:45.360#Z#DEBUG#9d22f57d-b352-11f1-9456-eeee0a8e3e3b.Bookshop-db-deployer#flowable-async-job-executor-thread-112534#
[PollExecuteTaskStatusExecution] 1b9f4783-0339-4c3a-b1e7-2e9151c73fa6 [2026-09-18T11:19:43.906359] Deploying "src/gen/AdminService.Genres.hdbview"... (STDOUT, APP/TASK/deploy)#
#2026 09 18 11:19:45.360#Z#DEBUG#9d22f57d-b352-11f1-9456-eeee0a8e3e3b.Bookshop-db-deployer#flowable-async-job-executor-thread-112534#
[PollExecuteTaskStatusExecution] 1b9f4783-0339-4c3a-b1e7-2e9151c73fa6 [2026-09-18T11:19:43.906377] Deploying "src/gen/AdminService.Genres.hdbview"... ok (0s 10ms) (STDOUT, APP/TASK/deploy)#
#2026 09 18 11:19:45.360#Z#DEBUG#9d22f57d-b352-11f1-9456-eeee0a8e3e3b.Bookshop-db-deployer#flowable-async-job-executor-thread-112534#
[PollExecuteTaskStatusExecution] 1b9f4783-0339-4c3a-b1e7-2e9151c73fa6 [2026-09-18T11:19:43.906380] Deploying "src/gen/CatalogService.Genres.hdbview"... (STDOUT, APP/TASK/deploy)#
#2026 09 18 11:19:45.360#Z#DEBUG#9d22f57d-b352-11f1-9456-eeee0a8e3e3b.Bookshop-db-deployer#flowable-async-job-executor-thread-112534#
[PollExecuteTaskStatusExecution] 1b9f4783-0339-4c3a-b1e7-2e9151c73fa6 [2026-09-18T11:19:43.906382] Deploying "src/gen/CatalogService.Genres.hdbview"... ok (0s 10ms) (STDOUT, APP/TASK/deploy)#
#2026 09 18 11:19:45.360#Z#DEBUG#9d22f57d-b352-11f1-9456-eeee0a8e3e3b.Bookshop-db-deployer#flowable-async-job-executor-thread-112534#
[PollExecuteTaskStatusExecution] 1b9f4783-0339-4c3a-b1e7-2e9151c73fa6 [2026-09-18T11:19:43.906385] Deploying "src/gen/AdminService.Genres_texts.hdbview"... (STDOUT, APP/TASK/deploy)#
#2026 09 18 11:19:45.360#Z#DEBUG#9d22f57d-b352-11f1-9456-eeee0a8e3e3b.Bookshop-db-deployer#flowable-async-job-executor-thread-112534#
[PollExecuteTaskStatusExecution] 1b9f4783-0339-4c3a-b1e7-2e9151c73fa6 [2026-09-18T11:19:43.906403] Deploying "src/gen/AdminService.Genres_texts.hdbview"... ok (0s 9ms) (STDOUT, APP/TASK/deploy)#
#2026 09 18 11:19:45.360#Z#DEBUG#9d22f57d-b352-11f1-9456-eeee0a8e3e3b.Bookshop-db-deployer#flowable-async-job-executor-thread-112534#
[PollExecuteTaskStatusExecution] 1b9f4783-0339-4c3a-b1e7-2e9151c73fa6 [2026-09-18T11:19:43.906406] Deploying "src/gen/CatalogService.Genres_texts.hdbview"... (STDOUT, APP/TASK/deploy)#
#2026 09 18 11:19:45.360#Z#DEBUG#9d22f57d-b352-11f1-9456-eeee0a8e3e3b.Bookshop-db-deployer#flowable-async-job-executor-thread-112534#
[PollExecuteTaskStatusExecution] 1b9f4783-0339-4c3a-b1e7-2e9151c73fa6 [2026-09-18T11:19:43.906410] Deploying "src/gen/CatalogService.Genres_texts.hdbview"... ok (0s 9ms) (STDOUT, APP/TASK/deploy)#
#2026 09 18 11:19:45.360#Z#DEBUG#9d22f57d-b352-11f1-9456-eeee0a8e3e3b.Bookshop-db-deployer#flowable-async-job-executor-thread-112534#
[PollExecuteTaskStatusExecution] 1b9f4783-0339-4c3a-b1e7-2e9151c73fa6 [2026-09-18T11:19:43.906413] Deploying "src/gen/localized.sap.capire.bookshop.Genres.hdbview"... (STDOUT, APP/TASK/deploy)#
#2026 09 18 11:19:45.360#Z#DEBUG#9d22f57d-b352-11f1-9456-eeee0a8e3e3b.Bookshop-db-deployer#flowable-async-job-executor-thread-112534#
[PollExecuteTaskStatusExecution] 1b9f4783-0339-4c3a-b1e7-2e9151c73fa6 [2026-09-18T11:19:43.906417] Deploying "src/gen/localized.sap.capire.bookshop.Genres.hdbview"... ok (0s 12ms) (STDOUT, APP/TASK/deploy)#
#2026 09 18 11:19:45.360#Z#DEBUG#9d22f57d-b352-11f1-9456-eeee0a8e3e3b.Bookshop-db-deployer#flowable-async-job-executor-thread-112534#
[PollExecuteTaskStatusExecution] 1b9f4783-0339-4c3a-b1e7-2e9151c73fa6 [2026-09-18T11:19:43.906419] Deploying "src/gen/AdminService.Currencies.hdbview"... (STDOUT, APP/TASK/deploy)#
#2026 09 18 11:19:45.360#Z#DEBUG#9d22f57d-b352-11f1-9456-eeee0a8e3e3b.Bookshop-db-deployer#flowable-async-job-executor-thread-112534#
[PollExecuteTaskStatusExecution] 1b9f4783-0339-4c3a-b1e7-2e9151c73fa6 [2026-09-18T11:19:43.906422] Deploying "src/gen/AdminService.Currencies.hdbview"... ok (0s 11ms) (STDOUT, APP/TASK/deploy)#
#2026 09 18 11:19:45.360#Z#DEBUG#9d22f57d-b352-11f1-9456-eeee0a8e3e3b.Bookshop-db-deployer#flowable-async-job-executor-thread-112534#
[PollExecuteTaskStatusExecution] 1b9f4783-0339-4c3a-b1e7-2e9151c73fa6 [2026-09-18T11:19:43.906426] Deploying "src/gen/CatalogService.Currencies.hdbview"... (STDOUT, APP/TASK/deploy)#
#2026 09 18 11:19:45.360#Z#DEBUG#9d22f57d-b352-11f1-9456-eeee0a8e3e3b.Bookshop-db-deployer#flowable-async-job-executor-thread-112534#
[PollExecuteTaskStatusExecution] 1b9f4783-0339-4c3a-b1e7-2e9151c73fa6 [2026-09-18T11:19:43.906437] Deploying "src/gen/CatalogService.Currencies.hdbview"... ok (0s 10ms) (STDOUT, APP/TASK/deploy)#
#2026 09 18 11:19:45.360#Z#DEBUG#9d22f57d-b352-11f1-9456-eeee0a8e3e3b.Bookshop-db-deployer#flowable-async-job-executor-thread-112534#
[PollExecuteTaskStatusExecution] 1b9f4783-0339-4c3a-b1e7-2e9151c73fa6 [2026-09-18T11:19:43.906440] Deploying "src/gen/AdminService.Currencies_texts.hdbview"... (STDOUT, APP/TASK/deploy)#
#2026 09 18 11:19:45.360#Z#DEBUG#9d22f57d-b352-11f1-9456-eeee0a8e3e3b.Bookshop-db-deployer#flowable-async-job-executor-thread-112534#
[PollExecuteTaskStatusExecution] 1b9f4783-0339-4c3a-b1e7-2e9151c73fa6 [2026-09-18T11:19:43.906445] Deploying "src/gen/AdminService.Currencies_texts.hdbview"... ok (0s 9ms) (STDOUT, APP/TASK/deploy)#
#2026 09 18 11:19:45.360#Z#DEBUG#9d22f57d-b352-11f1-9456-eeee0a8e3e3b.Bookshop-db-deployer#flowable-async-job-executor-thread-112534#
[PollExecuteTaskStatusExecution] 1b9f4783-0339-4c3a-b1e7-2e9151c73fa6 [2026-09-18T11:19:43.906448] Deploying "src/gen/CatalogService.Currencies_texts.hdbview"... (STDOUT, APP/TASK/deploy)#
#2026 09 18 11:19:45.360#Z#DEBUG#9d22f57d-b352-11f1-9456-eeee0a8e3e3b.Bookshop-db-deployer#flowable-async-job-executor-thread-112534#
[PollExecuteTaskStatusExecution] 1b9f4783-0339-4c3a-b1e7-2e9151c73fa6 [2026-09-18T11:19:43.906451] Deploying "src/gen/CatalogService.Currencies_texts.hdbview"... ok (0s 9ms) (STDOUT, APP/TASK/deploy)#
#2026 09 18 11:19:45.360#Z#DEBUG#9d22f57d-b352-11f1-9456-eeee0a8e3e3b.Bookshop-db-deployer#flowable-async-job-executor-thread-112534#
[PollExecuteTaskStatusExecution] 1b9f4783-0339-4c3a-b1e7-2e9151c73fa6 [2026-09-18T11:19:43.906455] Deploying "src/gen/localized.sap.common.Currencies.hdbview"... (STDOUT, APP/TASK/deploy)#
#2026 09 18 11:19:45.360#Z#DEBUG#9d22f57d-b352-11f1-9456-eeee0a8e3e3b.Bookshop-db-deployer#flowable-async-job-executor-thread-112534#
[PollExecuteTaskStatusExecution] 1b9f4783-0339-4c3a-b1e7-2e9151c73fa6 [2026-09-18T11:19:43.906469] Deploying "src/gen/localized.sap.common.Currencies.hdbview"... ok (0s 14ms) (STDOUT, APP/TASK/deploy)#
#2026 09 18 11:19:45.360#Z#DEBUG#9d22f57d-b352-11f1-9456-eeee0a8e3e3b.Bookshop-db-deployer#flowable-async-job-executor-thread-112534#
[PollExecuteTaskStatusExecution] 1b9f4783-0339-4c3a-b1e7-2e9151c73fa6 [2026-09-18T11:19:43.906471] Deploying "src/gen/localized.AdminService.Languages.hdbview"... (STDOUT, APP/TASK/deploy)#
#2026 09 18 11:19:45.360#Z#DEBUG#9d22f57d-b352-11f1-9456-eeee0a8e3e3b.Bookshop-db-deployer#flowable-async-job-executor-thread-112534#
[PollExecuteTaskStatusExecution] 1b9f4783-0339-4c3a-b1e7-2e9151c73fa6 [2026-09-18T11:19:43.906474] Deploying "src/gen/localized.AdminService.Languages.hdbview"... ok (0s 13ms) (STDOUT, APP/TASK/deploy)#
#2026 09 18 11:19:45.360#Z#DEBUG#9d22f57d-b352-11f1-9456-eeee0a8e3e3b.Bookshop-db-deployer#flowable-async-job-executor-thread-112534#
[PollExecuteTaskStatusExecution] 1b9f4783-0339-4c3a-b1e7-2e9151c73fa6 [2026-09-18T11:19:43.906483] Deploying "src/gen/localized.AdminService.Books.hdbview"... (STDOUT, APP/TASK/deploy)#
#2026 09 18 11:19:45.360#Z#DEBUG#9d22f57d-b352-11f1-9456-eeee0a8e3e3b.Bookshop-db-deployer#flowable-async-job-executor-thread-112534#
[PollExecuteTaskStatusExecution] 1b9f4783-0339-4c3a-b1e7-2e9151c73fa6 [2026-09-18T11:19:43.906486] Deploying "src/gen/localized.AdminService.Books.hdbview"... ok (0s 16ms) (STDOUT, APP/TASK/deploy)#
#2026 09 18 11:19:45.360#Z#DEBUG#9d22f57d-b352-11f1-9456-eeee0a8e3e3b.Bookshop-db-deployer#flowable-async-job-executor-thread-112534#
[PollExecuteTaskStatusExecution] 1b9f4783-0339-4c3a-b1e7-2e9151c73fa6 [2026-09-18T11:19:43.906489] Deploying "src/gen/localized.CatalogService.Books.hdbview"... (STDOUT, APP/TASK/deploy)#
#2026 09 18 11:19:45.360#Z#DEBUG#9d22f57d-b352-11f1-9456-eeee0a8e3e3b.Bookshop-db-deployer#flowable-async-job-executor-thread-112534#
[PollExecuteTaskStatusExecution] 1b9f4783-0339-4c3a-b1e7-2e9151c73fa6 [2026-09-18T11:19:43.906508] Deploying "src/gen/localized.CatalogService.Books.hdbview"... ok (0s 18ms) (STDOUT, APP/TASK/deploy)#
#2026 09 18 11:19:45.360#Z#DEBUG#9d22f57d-b352-11f1-9456-eeee0a8e3e3b.Bookshop-db-deployer#flowable-async-job-executor-thread-112534#
[PollExecuteTaskStatusExecution] 1b9f4783-0339-4c3a-b1e7-2e9151c73fa6 [2026-09-18T11:19:43.906511] Deploying "src/gen/localized.AdminService.Genres.hdbview"... (STDOUT, APP/TASK/deploy)#
#2026 09 18 11:19:45.360#Z#DEBUG#9d22f57d-b352-11f1-9456-eeee0a8e3e3b.Bookshop-db-deployer#flowable-async-job-executor-thread-112534#
[PollExecuteTaskStatusExecution] 1b9f4783-0339-4c3a-b1e7-2e9151c73fa6 [2026-09-18T11:19:43.906522] Deploying "src/gen/localized.AdminService.Genres.hdbview"... ok (0s 13ms) (STDOUT, APP/TASK/deploy)#
#2026 09 18 11:19:45.360#Z#DEBUG#9d22f57d-b352-11f1-9456-eeee0a8e3e3b.Bookshop-db-deployer#flowable-async-job-executor-thread-112534#
[PollExecuteTaskStatusExecution] 1b9f4783-0339-4c3a-b1e7-2e9151c73fa6 [2026-09-18T11:19:43.906530] Deploying "src/gen/localized.CatalogService.Genres.hdbview"... (STDOUT, APP/TASK/deploy)#
#2026 09 18 11:19:45.360#Z#DEBUG#9d22f57d-b352-11f1-9456-eeee0a8e3e3b.Bookshop-db-deployer#flowable-async-job-executor-thread-112534#
[PollExecuteTaskStatusExecution] 1b9f4783-0339-4c3a-b1e7-2e9151c73fa6 [2026-09-18T11:19:43.906596] Deploying "src/gen/localized.CatalogService.Genres.hdbview"... ok (0s 14ms) (STDOUT, APP/TASK/deploy)#
#2026 09 18 11:19:45.360#Z#DEBUG#9d22f57d-b352-11f1-9456-eeee0a8e3e3b.Bookshop-db-deployer#flowable-async-job-executor-thread-112534#
[PollExecuteTaskStatusExecution] 1b9f4783-0339-4c3a-b1e7-2e9151c73fa6 [2026-09-18T11:19:43.906615] Deploying "src/gen/CatalogService.ListOfBooks.hdbview"... (STDOUT, APP/TASK/deploy)#
#2026 09 18 11:19:45.360#Z#DEBUG#9d22f57d-b352-11f1-9456-eeee0a8e3e3b.Bookshop-db-deployer#flowable-async-job-executor-thread-112534#
[PollExecuteTaskStatusExecution] 1b9f4783-0339-4c3a-b1e7-2e9151c73fa6 [2026-09-18T11:19:43.906619] Deploying "src/gen/CatalogService.ListOfBooks.hdbview"... ok (0s 21ms) (STDOUT, APP/TASK/deploy)#
#2026 09 18 11:19:45.360#Z#DEBUG#9d22f57d-b352-11f1-9456-eeee0a8e3e3b.Bookshop-db-deployer#flowable-async-job-executor-thread-112534#
[PollExecuteTaskStatusExecution] 1b9f4783-0339-4c3a-b1e7-2e9151c73fa6 [2026-09-18T11:19:43.906621] Deploying "src/gen/localized.AdminService.Currencies.hdbview"... (STDOUT, APP/TASK/deploy)#
#2026 09 18 11:19:45.360#Z#DEBUG#9d22f57d-b352-11f1-9456-eeee0a8e3e3b.Bookshop-db-deployer#flowable-async-job-executor-thread-112534#
[PollExecuteTaskStatusExecution] 1b9f4783-0339-4c3a-b1e7-2e9151c73fa6 [2026-09-18T11:19:43.906623] Deploying "src/gen/localized.AdminService.Currencies.hdbview"... ok (0s 15ms) (STDOUT, APP/TASK/deploy)#
#2026 09 18 11:19:45.360#Z#DEBUG#9d22f57d-b352-11f1-9456-eeee0a8e3e3b.Bookshop-db-deployer#flowable-async-job-executor-thread-112534#
[PollExecuteTaskStatusExecution] 1b9f4783-0339-4c3a-b1e7-2e9151c73fa6 [2026-09-18T11:19:43.906625] Deploying "src/gen/localized.CatalogService.Currencies.hdbview"... (STDOUT, APP/TASK/deploy)#
#2026 09 18 11:19:45.360#Z#DEBUG#9d22f57d-b352-11f1-9456-eeee0a8e3e3b.Bookshop-db-deployer#flowable-async-job-executor-thread-112534#
[PollExecuteTaskStatusExecution] 1b9f4783-0339-4c3a-b1e7-2e9151c73fa6 [2026-09-18T11:19:43.906626] Deploying "src/gen/localized.CatalogService.Currencies.hdbview"... ok (0s 14ms) (STDOUT, APP/TASK/deploy)#
#2026 09 18 11:19:45.360#Z#DEBUG#9d22f57d-b352-11f1-9456-eeee0a8e3e3b.Bookshop-db-deployer#flowable-async-job-executor-thread-112534#
[PollExecuteTaskStatusExecution] 1b9f4783-0339-4c3a-b1e7-2e9151c73fa6 [2026-09-18T11:19:43.906628] Deploying "src/gen/localized.CatalogService.ListOfBooks.hdbview"... (STDOUT, APP/TASK/deploy)#
#2026 09 18 11:19:45.360#Z#DEBUG#9d22f57d-b352-11f1-9456-eeee0a8e3e3b.Bookshop-db-deployer#flowable-async-job-executor-thread-112534#
[PollExecuteTaskStatusExecution] 1b9f4783-0339-4c3a-b1e7-2e9151c73fa6 [2026-09-18T11:19:43.906639] Deploying "src/gen/localized.CatalogService.ListOfBooks.hdbview"... ok (0s 32ms) (STDOUT, APP/TASK/deploy)#
#2026 09 18 11:19:45.360#Z#DEBUG#9d22f57d-b352-11f1-9456-eeee0a8e3e3b.Bookshop-db-deployer#flowable-async-job-executor-thread-112534#
[PollExecuteTaskStatusExecution] 1b9f4783-0339-4c3a-b1e7-2e9151c73fa6 [2026-09-18T11:19:43.906641] Processing work list... ok (0s 813ms) (STDOUT, APP/TASK/deploy)#
#2026 09 18 11:19:45.360#Z#DEBUG#9d22f57d-b352-11f1-9456-eeee0a8e3e3b.Bookshop-db-deployer#flowable-async-job-executor-thread-112534#
[PollExecuteTaskStatusExecution] 1b9f4783-0339-4c3a-b1e7-2e9151c73fa6 [2026-09-18T11:19:43.906644] Finalizing... (STDOUT, APP/TASK/deploy)#
#2026 09 18 11:19:45.360#Z#DEBUG#9d22f57d-b352-11f1-9456-eeee0a8e3e3b.Bookshop-db-deployer#flowable-async-job-executor-thread-112534#
[PollExecuteTaskStatusExecution] 1b9f4783-0339-4c3a-b1e7-2e9151c73fa6 [2026-09-18T11:19:44.102257] Finalizing... ok (0s 85ms) (STDOUT, APP/TASK/deploy)#
#2026 09 18 11:19:45.360#Z#DEBUG#9d22f57d-b352-11f1-9456-eeee0a8e3e3b.Bookshop-db-deployer#flowable-async-job-executor-thread-112534#
[PollExecuteTaskStatusExecution] 1b9f4783-0339-4c3a-b1e7-2e9151c73fa6 [2026-09-18T11:19:44.102269] Make succeeded (0 warnings): 60 files deployed (effective 67), 0 files undeployed (effective 0), 0 dependent files redeployed (STDOUT, APP/TASK/deploy)#
#2026 09 18 11:19:45.360#Z#DEBUG#9d22f57d-b352-11f1-9456-eeee0a8e3e3b.Bookshop-db-deployer#flowable-async-job-executor-thread-112534#
[PollExecuteTaskStatusExecution] 1b9f4783-0339-4c3a-b1e7-2e9151c73fa6 [2026-09-18T11:19:44.102287] Making... ok (1s 355ms) (STDOUT, APP/TASK/deploy)#
#2026 09 18 11:19:45.360#Z#DEBUG#9d22f57d-b352-11f1-9456-eeee0a8e3e3b.Bookshop-db-deployer#flowable-async-job-executor-thread-112534#
[PollExecuteTaskStatusExecution] 1b9f4783-0339-4c3a-b1e7-2e9151c73fa6 [2026-09-18T11:19:44.102292] Enabling table replication for the container schema "5C84014165A34038B8D34E50D6B56F69"... (STDOUT, APP/TASK/deploy)#
#2026 09 18 11:19:45.360#Z#DEBUG#9d22f57d-b352-11f1-9456-eeee0a8e3e3b.Bookshop-db-deployer#flowable-async-job-executor-thread-112534#
[PollExecuteTaskStatusExecution] 1b9f4783-0339-4c3a-b1e7-2e9151c73fa6 [2026-09-18T11:19:44.102294] Enabling table replication for the container schema "5C84014165A34038B8D34E50D6B56F69"... ok (0s 10ms) (STDOUT, APP/TASK/deploy)#
#2026 09 18 11:19:45.360#Z#DEBUG#9d22f57d-b352-11f1-9456-eeee0a8e3e3b.Bookshop-db-deployer#flowable-async-job-executor-thread-112534#
[PollExecuteTaskStatusExecution] 1b9f4783-0339-4c3a-b1e7-2e9151c73fa6 [2026-09-18T11:19:44.102296] Starting make in the container "5C84014165A34038B8D34E50D6B56F69" with 60 files to deploy, 0 files to undeploy... ok (1s 403ms) (STDOUT, APP/TASK/deploy)#
#2026 09 18 11:19:45.360#Z#DEBUG#9d22f57d-b352-11f1-9456-eeee0a8e3e3b.Bookshop-db-deployer#flowable-async-job-executor-thread-112534#
[PollExecuteTaskStatusExecution] 1b9f4783-0339-4c3a-b1e7-2e9151c73fa6 [2026-09-18T11:19:44.102397] Deploying to the container "5C84014165A34038B8D34E50D6B56F69"... ok (1s 832ms) (STDOUT, APP/TASK/deploy)#
#2026 09 18 11:19:45.360#Z#DEBUG#9d22f57d-b352-11f1-9456-eeee0a8e3e3b.Bookshop-db-deployer#flowable-async-job-executor-thread-112534#
[PollExecuteTaskStatusExecution] 1b9f4783-0339-4c3a-b1e7-2e9151c73fa6 [2026-09-18T11:19:44.102709] No default-access-role handling needed; global role "5C84014165A34038B8D34E50D6B56F69::access_role" will not be adapted (STDOUT, APP/TASK/deploy)#
#2026 09 18 11:19:45.360#Z#DEBUG#9d22f57d-b352-11f1-9456-eeee0a8e3e3b.Bookshop-db-deployer#flowable-async-job-executor-thread-112534#
[PollExecuteTaskStatusExecution] 1b9f4783-0339-4c3a-b1e7-2e9151c73fa6 [2026-09-18T11:19:44.102832] Unlocking the container "5C84014165A34038B8D34E50D6B56F69"... (STDOUT, APP/TASK/deploy)#
#2026 09 18 11:19:45.360#Z#DEBUG#9d22f57d-b352-11f1-9456-eeee0a8e3e3b.Bookshop-db-deployer#flowable-async-job-executor-thread-112534#
[PollExecuteTaskStatusExecution] 1b9f4783-0339-4c3a-b1e7-2e9151c73fa6 [2026-09-18T11:19:44.103050] Unlocking the container "5C84014165A34038B8D34E50D6B56F69"... ok (0s 0ms) (STDOUT, APP/TASK/deploy)#
#2026 09 18 11:19:45.360#Z#DEBUG#9d22f57d-b352-11f1-9456-eeee0a8e3e3b.Bookshop-db-deployer#flowable-async-job-executor-thread-112534#
[PollExecuteTaskStatusExecution] 1b9f4783-0339-4c3a-b1e7-2e9151c73fa6 [2026-09-18T11:19:44.103135] Deployment to container 5C84014165A34038B8D34E50D6B56F69 done [Deployment ID: none]. (STDOUT, APP/TASK/deploy)#
#2026 09 18 11:19:45.360#Z#DEBUG#9d22f57d-b352-11f1-9456-eeee0a8e3e3b.Bookshop-db-deployer#flowable-async-job-executor-thread-112534#
[PollExecuteTaskStatusExecution] 1b9f4783-0339-4c3a-b1e7-2e9151c73fa6 [2026-09-18T11:19:44.103486] Deployment ended at 2026-09-18 11:19:44 (STDOUT, APP/TASK/deploy)#
#2026 09 18 11:19:45.360#Z#DEBUG#9d22f57d-b352-11f1-9456-eeee0a8e3e3b.Bookshop-db-deployer#flowable-async-job-executor-thread-112534#
[PollExecuteTaskStatusExecution] 1b9f4783-0339-4c3a-b1e7-2e9151c73fa6 [2026-09-18T11:19:44.103738] (3s 414ms) (STDOUT, APP/TASK/deploy)#
#2026 09 18 11:19:45.360#Z#DEBUG#9d22f57d-b352-11f1-9456-eeee0a8e3e3b.Bookshop-db-deployer#flowable-async-job-executor-thread-112534#
[PollExecuteTaskStatusExecution] 1b9f4783-0339-4c3a-b1e7-2e9151c73fa6 [2026-09-18T11:19:44.114292] npm notice (STDERR, APP/TASK/deploy)#
#2026 09 18 11:19:45.360#Z#DEBUG#9d22f57d-b352-11f1-9456-eeee0a8e3e3b.Bookshop-db-deployer#flowable-async-job-executor-thread-112534#
[PollExecuteTaskStatusExecution] 1b9f4783-0339-4c3a-b1e7-2e9151c73fa6 [2026-09-18T11:19:44.114315] npm notice New major version of npm available! 11.17.0 -> 12.0.2 (STDERR, APP/TASK/deploy)#
#2026 09 18 11:19:45.360#Z#DEBUG#9d22f57d-b352-11f1-9456-eeee0a8e3e3b.Bookshop-db-deployer#flowable-async-job-executor-thread-112534#
[PollExecuteTaskStatusExecution] 1b9f4783-0339-4c3a-b1e7-2e9151c73fa6 [2026-09-18T11:19:44.114318] npm notice Changelog: https://github.com/npm/cli/releases/tag/v12.0.2 (STDERR, APP/TASK/deploy)#
#2026 09 18 11:19:45.360#Z#DEBUG#9d22f57d-b352-11f1-9456-eeee0a8e3e3b.Bookshop-db-deployer#flowable-async-job-executor-thread-112534#
[PollExecuteTaskStatusExecution] 1b9f4783-0339-4c3a-b1e7-2e9151c73fa6 [2026-09-18T11:19:44.114323] npm notice To update run: npm install -g npm@12.0.2 (STDERR, APP/TASK/deploy)#
#2026 09 18 11:19:45.360#Z#DEBUG#9d22f57d-b352-11f1-9456-eeee0a8e3e3b.Bookshop-db-deployer#flowable-async-job-executor-thread-112534#
[PollExecuteTaskStatusExecution] 1b9f4783-0339-4c3a-b1e7-2e9151c73fa6 [2026-09-18T11:19:44.114326] npm notice (STDERR, APP/TASK/deploy)#
#2026 09 18 11:19:45.360#Z#DEBUG#9d22f57d-b352-11f1-9456-eeee0a8e3e3b.Bookshop-db-deployer#flowable-async-job-executor-thread-112534#
[PollExecuteTaskStatusExecution] 1b9f4783-0339-4c3a-b1e7-2e9151c73fa6 [2026-09-18T11:19:44.170971] Exit status 0 (STDOUT, APP/TASK/deploy)#
#2026 09 18 11:19:45.360#Z#DEBUG#9d22f57d-b352-11f1-9456-eeee0a8e3e3b.Bookshop-db-deployer#flowable-async-job-executor-thread-112534#
[PollExecuteTaskStatusExecution] 1b9f4783-0339-4c3a-b1e7-2e9151c73fa6 [2026-09-18T11:19:44.528894] Cell 77754d08-358d-4177-814d-549cf90f338a stopping instance cc523ce8-564f-484e-b25c-fdb6d8fb057d (STDOUT, CELL)#
#2026 09 18 11:19:45.360#Z#DEBUG#9d22f57d-b352-11f1-9456-eeee0a8e3e3b.Bookshop-db-deployer#flowable-async-job-executor-thread-112534#
[PollExecuteTaskStatusExecution] 1b9f4783-0339-4c3a-b1e7-2e9151c73fa6 [2026-09-18T11:19:44.528916] Cell 77754d08-358d-4177-814d-549cf90f338a destroying container for instance cc523ce8-564f-484e-b25c-fdb6d8fb057d (STDOUT, CELL)#
