#2026 09 18 11:18:03.021#Z#INFO#9d22f57d-b352-11f1-9456-eeee0a8e3e3b.OPERATION#http-nio-0.0.0.0-8080-exec-63#
[XS2StartProcessListener] Operation ID: 9d22f57d-b352-11f1-9456-eeee0a8e3e3b#
#2026 09 18 11:18:03.080#Z#DEBUG#9d22f57d-b352-11f1-9456-eeee0a8e3e3b.OPERATION#http-nio-0.0.0.0-8080-exec-63#
[XS2StartProcessListener] Process environment: {
  "SKIP_SSL_VALIDATION" : "false",
  "FLOWABLE_JOB_EXECUTOR_MAX_THREADS" : "128",
  "VERSION" : "2.54.0",
  "BASIC_AUTH_ENABLED" : "true",
  "FLOWABLE_JOB_EXECUTOR_QUEUE_CAPACITY" : "4",
  "CONTROLLER_CLIENT_CONNECTION_POOL_SIZE" : "192",
  "FLOWABLE_JOB_EXECUTOR_CORE_THREADS" : "64"
}#
#2026 09 18 11:18:03.080#Z#DEBUG#9d22f57d-b352-11f1-9456-eeee0a8e3e3b.OPERATION#http-nio-0.0.0.0-8080-exec-63#
[XS2StartProcessListener] Current user: hannes.quade@sap.com#
#2026 09 18 11:18:03.080#Z#DEBUG#9d22f57d-b352-11f1-9456-eeee0a8e3e3b.OPERATION#http-nio-0.0.0.0-8080-exec-63#
[XS2StartProcessListener] Client space: dev#
#2026 09 18 11:18:03.080#Z#DEBUG#9d22f57d-b352-11f1-9456-eeee0a8e3e3b.OPERATION#http-nio-0.0.0.0-8080-exec-63#
[XS2StartProcessListener] Client organization: CoE_EMEA_HANA_Platform#
#2026 09 18 11:18:03.080#Z#INFO#9d22f57d-b352-11f1-9456-eeee0a8e3e3b.OPERATION#http-nio-0.0.0.0-8080-exec-63#
[XS2StartProcessListener] Process variables: {
  "keepFiles" : false,
  "skipAppDigestCalculation" : false,
  "abortOnError" : false,
  "mtaId" : "Bookshop",
  "noFailOnMissingPermissions" : false,
  "isSecurityEnabled" : false,
  "apiRequestPath" : "https://deploy-service.cf.eu20.hana.ondemand.com/api/v1/spaces/4cc0a88c-ec98-47c4-9958-38b5e6ec9fcf/operations",
  "deleteServiceBrokers" : false,
  "appArchiveId" : "651e34d5-f4d0-4c01-98a6-39b6ec991e89",
  "isDisposableUserProvidedServiceEnabled" : false,
  "deleteServiceKeys" : false,
  "noRestartSubscribedApps" : false,
  "noStart" : false,
  "deleteServices" : false
}#
#2026 09 18 11:18:03.233#Z#DEBUG#9d22f57d-b352-11f1-9456-eeee0a8e3e3b.OPERATION#flowable-async-job-executor-thread-39077#
[ValidateDeployParametersStep] Executing task "validateParametersTask" of process "9d22f5a3-b352-11f1-9456-eeee0a8e3e3b"...#
#2026 09 18 11:18:03.233#Z#DEBUG#9d22f57d-b352-11f1-9456-eeee0a8e3e3b.OPERATION#flowable-async-job-executor-thread-39077#
[ValidateDeployParametersStep] Validating parameters...#
#2026 09 18 11:18:03.237#Z#INFO#9d22f57d-b352-11f1-9456-eeee0a8e3e3b.OPERATION#flowable-async-job-executor-thread-39077#
[ValidateDeployParametersStep] Size of mtars is 5,731,622 and size of extension descriptors is 0#
#2026 09 18 11:18:03.366#Z#INFO#9d22f57d-b352-11f1-9456-eeee0a8e3e3b.OPERATION#flowable-async-job-executor-thread-39077#
[ValidateDeployParametersStep] Archive was not split! Total size in bytes: 5,731,622#
#2026 09 18 11:18:03.366#Z#INFO#9d22f57d-b352-11f1-9456-eeee0a8e3e3b.OPERATION#flowable-async-job-executor-thread-39077#
[ValidateDeployParametersStep] Deploying in org "CoE_EMEA_HANA_Platform" and space "dev"#
#2026 09 18 11:18:03.377#Z#DEBUG#9d22f57d-b352-11f1-9456-eeee0a8e3e3b.OPERATION#flowable-async-job-executor-thread-39077#
[ValidateDeployParametersStep] Parameters validated#
#2026 09 18 11:18:03.377#Z#DEBUG#9d22f57d-b352-11f1-9456-eeee0a8e3e3b.OPERATION#flowable-async-job-executor-thread-39077#
Step "Validate Parameters" finished#
#2026 09 18 11:18:03.446#Z#DEBUG#9d22f57d-b352-11f1-9456-eeee0a8e3e3b.OPERATION#flowable-async-job-executor-thread-39079#
[DeleteRemainingFileParts] Executing task "deleteRemainingFileParts" of process "9d22f5a3-b352-11f1-9456-eeee0a8e3e3b"...#
#2026 09 18 11:18:03.449#Z#DEBUG#9d22f57d-b352-11f1-9456-eeee0a8e3e3b.OPERATION#flowable-async-job-executor-thread-39079#
Step "Delete Remaining File Parts" finished#
#2026 09 18 11:18:03.526#Z#DEBUG#9d22f57d-b352-11f1-9456-eeee0a8e3e3b.OPERATION#flowable-async-job-executor-thread-39080#
[XS2ProcessMtaArchiveStep] Executing task "processArchiveTask" of process "9d22f5a3-b352-11f1-9456-eeee0a8e3e3b"...#
#2026 09 18 11:18:03.528#Z#DEBUG#9d22f57d-b352-11f1-9456-eeee0a8e3e3b.OPERATION#flowable-async-job-executor-thread-39080#
[XS2ProcessMtaArchiveStep] Processing MTA archive...#
#2026 09 18 11:18:03.528#Z#DEBUG#9d22f57d-b352-11f1-9456-eeee0a8e3e3b.OPERATION#flowable-async-job-executor-thread-39080#
[XS2ProcessMtaArchiveStep] MTA Archive ID: 651e34d5-f4d0-4c01-98a6-39b6ec991e89#
#2026 09 18 11:18:03.707#Z#DEBUG#9d22f57d-b352-11f1-9456-eeee0a8e3e3b.OPERATION#flowable-async-job-executor-thread-39080#
[XS2ProcessMtaArchiveStep] MTA Descriptor length: 3,890#
#2026 09 18 11:18:03.707#Z#DEBUG#9d22f57d-b352-11f1-9456-eeee0a8e3e3b.OPERATION#flowable-async-job-executor-thread-39080#
[XS2ProcessMtaArchiveStep] MTA Archive Modules: [Bookshop-db-deployer, Bookshop-srv, Bookshop-app-deployer]#
#2026 09 18 11:18:03.707#Z#DEBUG#9d22f57d-b352-11f1-9456-eeee0a8e3e3b.OPERATION#flowable-async-job-executor-thread-39080#
[XS2ProcessMtaArchiveStep] MTA Archive Requires: []#
#2026 09 18 11:18:03.707#Z#DEBUG#9d22f57d-b352-11f1-9456-eeee0a8e3e3b.OPERATION#flowable-async-job-executor-thread-39080#
[XS2ProcessMtaArchiveStep] MTA Archive Resources: [Bookshop-auth]#
#2026 09 18 11:18:03.724#Z#DEBUG#9d22f57d-b352-11f1-9456-eeee0a8e3e3b.OPERATION#flowable-async-job-executor-thread-39080#
[XS2ProcessMtaArchiveStep] MTA archive processed#
#2026 09 18 11:18:03.724#Z#DEBUG#9d22f57d-b352-11f1-9456-eeee0a8e3e3b.OPERATION#flowable-async-job-executor-thread-39080#
Step "Process Archive" finished#
#2026 09 18 11:18:03.796#Z#DEBUG#9d22f57d-b352-11f1-9456-eeee0a8e3e3b.OPERATION#flowable-async-job-executor-thread-39081#
[ProcessMtaExtensionDescriptorsStep] Executing task "processExtensionDescriptorsTask" of process "9d22f5a3-b352-11f1-9456-eeee0a8e3e3b"...#
#2026 09 18 11:18:03.798#Z#DEBUG#9d22f57d-b352-11f1-9456-eeee0a8e3e3b.OPERATION#flowable-async-job-executor-thread-39081#
[ProcessMtaExtensionDescriptorsStep] Processing MTA extension descriptors...#
#2026 09 18 11:18:03.800#Z#DEBUG#9d22f57d-b352-11f1-9456-eeee0a8e3e3b.OPERATION#flowable-async-job-executor-thread-39081#
[ProcessMtaExtensionDescriptorsStep] Provided extension descriptors: [ ]#
#2026 09 18 11:18:03.800#Z#DEBUG#9d22f57d-b352-11f1-9456-eeee0a8e3e3b.OPERATION#flowable-async-job-executor-thread-39081#
[ProcessMtaExtensionDescriptorsStep] No extension descriptors in use#
#2026 09 18 11:18:03.800#Z#DEBUG#9d22f57d-b352-11f1-9456-eeee0a8e3e3b.OPERATION#flowable-async-job-executor-thread-39081#
[ProcessMtaExtensionDescriptorsStep] MTA extension descriptors processed#
#2026 09 18 11:18:03.800#Z#DEBUG#9d22f57d-b352-11f1-9456-eeee0a8e3e3b.OPERATION#flowable-async-job-executor-thread-39081#
Step "Process Extension Descriptors" finished#
#2026 09 18 11:18:03.857#Z#DEBUG#9d22f57d-b352-11f1-9456-eeee0a8e3e3b.OPERATION#flowable-async-job-executor-thread-39082#
[XS2DetectMtaSchemaVersionStep] Executing task "detectSchemaVersionTask" of process "9d22f5a3-b352-11f1-9456-eeee0a8e3e3b"...#
#2026 09 18 11:18:03.859#Z#DEBUG#9d22f57d-b352-11f1-9456-eeee0a8e3e3b.OPERATION#flowable-async-job-executor-thread-39082#
[XS2DetectMtaSchemaVersionStep] Detecting MTA major schema version...#
#2026 09 18 11:18:03.862#Z#INFO#9d22f57d-b352-11f1-9456-eeee0a8e3e3b.OPERATION#flowable-async-job-executor-thread-39082#
[XS2DetectMtaSchemaVersionStep] Detected MTA schema version: "3"#
#2026 09 18 11:18:03.875#Z#DEBUG#9d22f57d-b352-11f1-9456-eeee0a8e3e3b.OPERATION#flowable-async-job-executor-thread-39082#
Step "Detect Schema Version" finished#
#2026 09 18 11:18:03.936#Z#DEBUG#9d22f57d-b352-11f1-9456-eeee0a8e3e3b.OPERATION#flowable-async-job-executor-thread-39083#
[MergeDescriptorsStep] Executing task "mergeDescriptorsTask" of process "9d22f5a3-b352-11f1-9456-eeee0a8e3e3b"...#
#2026 09 18 11:18:03.938#Z#DEBUG#9d22f57d-b352-11f1-9456-eeee0a8e3e3b.OPERATION#flowable-async-job-executor-thread-39083#
[MergeDescriptorsStep] Validating and merging descriptors...#
#2026 09 18 11:18:03.943#Z#DEBUG#9d22f57d-b352-11f1-9456-eeee0a8e3e3b.OPERATION#flowable-async-job-executor-thread-39083#
[MergeDescriptorsStep] Merged deployment descriptor: {
  "majorSchemaVersion" : 3,
  "schemaVersion" : "3.3.0",
  "id" : "Bookshop",
  "version" : "1.0.0",
  "modules" : [ {
    "majorSchemaVersion" : 3,
    "name" : "Bookshop-srv",
    "type" : "javascript.nodejs",
    "path" : "Bookshop-srv",
    "properties" : { },
    "parameters" : {
      "buildpack" : "nodejs_buildpack",
      "instances" : 1,
      "routes" : [ {
        "route" : "${default-url}"
      }, {
        "route" : "${default-host}.cert.${default-domain}"
      } ]
    },
    "requiredDependencies" : [ {
      "majorSchemaVersion" : 3,
      "name" : "Bookshop-ias",
      "properties" : { },
      "parameters" : {
        "config" : {
          "app-identifier" : "srv",
          "credential-type" : "********"
        }
      },
      "propertiesMetadata" : {
        "metadata" : { }
      },
      "parametersMetadata" : {
        "metadata" : { }
      }
    }, {
      "majorSchemaVersion" : 3,
      "name" : "Bookshop-db",
      "properties" : { },
      "parameters" : { },
      "propertiesMetadata" : {
        "metadata" : { }
      },
      "parametersMetadata" : {
        "metadata" : { }
      }
    }, {
      "majorSchemaVersion" : 3,
      "name" : "Bookshop-destination",
      "properties" : { },
      "parameters" : { },
      "propertiesMetadata" : {
        "metadata" : { }
      },
      "parametersMetadata" : {
        "metadata" : { }
      }
    }, {
      "majorSchemaVersion" : 3,
      "name" : "********",
      "properties" : { },
      "parameters" : { },
      "propertiesMetadata" : {
        "metadata" : { }
      },
      "parametersMetadata" : {
        "metadata" : { }
      }
    } ],
    "providedDependencies" : [ {
      "majorSchemaVersion" : 3,
      "name" : "srv-api",
      "isPublic" : false,
      "properties" : {
        "srv-cert-url" : "${protocol}://${default-host}.cert.${default-domain}",
        "srv-url" : "${default-url}"
      },
      "parameters" : { },
      "propertiesMetadata" : {
        "metadata" : { }
      },
      "parametersMetadata" : {
        "metadata" : { }
      }
    }, {
      "majorSchemaVersion" : 3,
      "name" : "Bookshop-srv",
      "isPublic" : false,
      "properties" : { },
      "parameters" : { },
      "propertiesMetadata" : {
        "metadata" : { }
      },
      "parametersMetadata" : {
        "metadata" : { }
      }
    } ],
    "propertiesMetadata" : {
      "metadata" : { }
    },
    "parametersMetadata" : {
      "metadata" : { }
    },
    "hooks" : [ ]
  }, {
    "majorSchemaVersion" : 3,
    "name" : "Bookshop-db-deployer",
    "type" : "com.sap.xs.hdi",
    "path" : "Bookshop-db-deployer",
    "properties" : {
      "EXIT" : 1
    },
    "parameters" : {
      "memory" : "256M",
      "buildpack" : "nodejs_buildpack",
      "no-route" : true,
      "dependency-type" : "hard",
      "tasks" : [ {
        "name" : "deploy",
        "memory" : "256M",
        "command" : "npm start"
      } ],
      "no-start" : true
    },
    "requiredDependencies" : [ {
      "majorSchemaVersion" : 3,
      "name" : "Bookshop-db",
      "properties" : { },
      "parameters" : { },
      "propertiesMetadata" : {
        "metadata" : { }
      },
      "parametersMetadata" : {
        "metadata" : { }
      }
    } ],
    "providedDependencies" : [ {
      "majorSchemaVersion" : 3,
      "name" : "Bookshop-db-deployer",
      "isPublic" : false,
      "properties" : { },
      "parameters" : { },
      "propertiesMetadata" : {
        "metadata" : { }
      },
      "parametersMetadata" : {
        "metadata" : { }
      }
    } ],
    "propertiesMetadata" : {
      "metadata" : { }
    },
    "parametersMetadata" : {
      "metadata" : { }
    },
    "hooks" : [ ]
  }, {
    "majorSchemaVersion" : 3,
    "name" : "Bookshop-app-deployer",
    "type" : "com.sap.application.content",
    "path" : "Bookshop-app-deployer",
    "properties" : { },
    "parameters" : {
      "config" : {
        "destinations" : [ {
          "Authentication" : "********",
          "DynamicDestination" : true,
          "ForwardAuthToken" : "********",
          "IASDependencyName" : "Bookshop-ias-api",
          "Name" : "srv-api",
          "ProxyType" : "Internet",
          "Type" : "HTTP",
          "URL" : "~{srv-api/srv-url}"
        } ]
      }
    },
    "requiredDependencies" : [ {
      "majorSchemaVersion" : 3,
      "name" : "srv-api",
      "properties" : { },
      "parameters" : { },
      "propertiesMetadata" : {
        "metadata" : { }
      },
      "parametersMetadata" : {
        "metadata" : { }
      }
    }, {
      "majorSchemaVersion" : 3,
      "name" : "Bookshop-html5-repo-host",
      "properties" : { },
      "parameters" : {
        "config" : {
          "HTML5Runtime_enabled" : true,
          "IASDependencyName" : "Bookshop-ias-api"
        },
        "content-target" : true
      },
      "propertiesMetadata" : {
        "metadata" : { }
      },
      "parametersMetadata" : {
        "metadata" : { }
      }
    }, {
      "majorSchemaVersion" : 3,
      "name" : "********",
      "properties" : { },
      "parameters" : { },
      "propertiesMetadata" : {
        "metadata" : { }
      },
      "parametersMetadata" : {
        "metadata" : { }
      }
    } ],
    "providedDependencies" : [ {
      "majorSchemaVersion" : 3,
      "name" : "Bookshop-app-deployer",
      "isPublic" : false,
      "properties" : { },
      "parameters" : { },
      "propertiesMetadata" : {
        "metadata" : { }
      },
      "parametersMetadata" : {
        "metadata" : { }
      }
    } ],
    "propertiesMetadata" : {
      "metadata" : { }
    },
    "parametersMetadata" : {
      "metadata" : { }
    },
    "hooks" : [ ]
  }, {
    "majorSchemaVersion" : 3,
    "name" : "Bookshop-destinations",
    "type" : "com.sap.application.content",
    "properties" : { },
    "parameters" : {
      "content" : {
        "instance" : {
          "destinations" : [ {
            "Name" : "Bookshop-html5-repository",
            "ServiceInstanceName" : "Bookshop-html5-repo-host",
            "ServiceKeyName" : "********",
            "sap.cloud.service" : "Bookshop.service"
          }, {
            "Authentication" : "********",
            "Name" : "********",
            "ServiceInstanceName" : "********",
            "ServiceKeyName" : "********",
            "sap.cloud.service" : "Bookshop.service"
          } ],
          "existing_destinations_policy" : "update"
        }
      }
    },
    "requiredDependencies" : [ {
      "majorSchemaVersion" : 3,
      "name" : "Bookshop-html5-repo-host",
      "properties" : { },
      "parameters" : {
        "service-key" : "********"
      },
      "propertiesMetadata" : {
        "metadata" : { }
      },
      "parametersMetadata" : {
        "metadata" : { }
      }
    }, {
      "majorSchemaVersion" : 3,
      "name" : "srv-api",
      "properties" : { },
      "parameters" : { },
      "propertiesMetadata" : {
        "metadata" : { }
      },
      "parametersMetadata" : {
        "metadata" : { }
      }
    }, {
      "majorSchemaVersion" : 3,
      "name" : "Bookshop-destination",
      "properties" : { },
      "parameters" : {
        "content-target" : true
      },
      "propertiesMetadata" : {
        "metadata" : { }
      },
      "parametersMetadata" : {
        "metadata" : { }
      }
    }, {
      "majorSchemaVersion" : 3,
      "name" : "********",
      "properties" : { },
      "parameters" : {
        "service-key" : "********"
      },
      "propertiesMetadata" : {
        "metadata" : { }
      },
      "parametersMetadata" : {
        "metadata" : { }
      }
    } ],
    "providedDependencies" : [ {
      "majorSchemaVersion" : 3,
      "name" : "Bookshop-destinations",
      "isPublic" : false,
      "properties" : { },
      "parameters" : { },
      "propertiesMetadata" : {
        "metadata" : { }
      },
      "parametersMetadata" : {
        "metadata" : { }
      }
    } ],
    "propertiesMetadata" : {
      "metadata" : { }
    },
    "parametersMetadata" : {
      "metadata" : { }
    },
    "hooks" : [ ]
  } ],
  "resources" : [ {
    "majorSchemaVersion" : 3,
    "name" : "Bookshop-ias",
    "type" : "org.cloudfoundry.managed-service",
    "properties" : { },
    "parameters" : {
      "service-name" : "Bookshop-ias",
      "service-plan" : "application",
      "type" : "managed-service",
      "config" : {
        "display-name" : "Bookshop",
        "oauth2-configuration" : "********",
        "provided-apis" : [ {
          "description" : "API exposed by the application",
          "name" : "Bookshop-ias-api"
        } ],
        "xsuaa-cross-consumption" : true
      },
      "service" : "identity"
    },
    "isActive" : true,
    "isOptional" : false,
    "propertiesMetadata" : {
      "metadata" : { }
    },
    "parametersMetadata" : {
      "metadata" : { }
    },
    "requiredDependencies" : [ ],
    "processedAfter" : [ ]
  }, {
    "majorSchemaVersion" : 3,
    "name" : "Bookshop-db",
    "type" : "com.sap.xs.hdi-container",
    "properties" : { },
    "parameters" : {
      "type" : "managed-service",
      "service" : "hana",
      "service-plan" : "hdi-shared"
    },
    "isActive" : true,
    "isOptional" : false,
    "propertiesMetadata" : {
      "metadata" : { }
    },
    "parametersMetadata" : {
      "metadata" : { }
    },
    "requiredDependencies" : [ ],
    "processedAfter" : [ ]
  }, {
    "majorSchemaVersion" : 3,
    "name" : "Bookshop-destination",
    "type" : "org.cloudfoundry.managed-service",
    "properties" : { },
    "parameters" : {
      "type" : "managed-service",
      "service" : "destination",
      "service-plan" : "lite"
    },
    "isActive" : true,
    "isOptional" : false,
    "propertiesMetadata" : {
      "metadata" : { }
    },
    "parametersMetadata" : {
      "metadata" : { }
    },
    "requiredDependencies" : [ {
      "majorSchemaVersion" : 3,
      "name" : "srv-api",
      "properties" : { },
      "parameters" : { },
      "propertiesMetadata" : {
        "metadata" : { }
      },
      "parametersMetadata" : {
        "metadata" : { }
      }
    } ],
    "processedAfter" : [ ]
  }, {
    "majorSchemaVersion" : 3,
    "name" : "Bookshop-html5-repo-host",
    "type" : "org.cloudfoundry.managed-service",
    "properties" : { },
    "parameters" : {
      "type" : "managed-service",
      "service" : "html5-apps-repo",
      "service-plan" : "app-host"
    },
    "isActive" : true,
    "isOptional" : false,
    "propertiesMetadata" : {
      "metadata" : { }
    },
    "parametersMetadata" : {
      "metadata" : { }
    },
    "requiredDependencies" : [ ],
    "processedAfter" : [ ]
  }, {
    "majorSchemaVersion" : 3,
    "name" : "********",
    "type" : "org.cloudfoundry.managed-service",
    "properties" : { },
    "parameters" : {
      "path" : "./xs-security.json",
      "service-plan" : "application",
      "type" : "managed-service",
      "config" : {
        "oauth2-configuration" : "********",
        "role-collections" : [ {
          "description" : "generated",
          "name" : "admin (Bookshop ${org}-${space})",
          "role-template-references" : [ "$XSAPPNAME.admin" ]
        } ],
        "tenant-mode" : "dedicated",
        "xsappname" : "Bookshop-${org}-${space}"
      },
      "service" : "xsuaa"
    },
    "isActive" : true,
    "isOptional" : false,
    "propertiesMetadata" : {
      "metadata" : { }
    },
    "parametersMetadata" : {
      "metadata" : { }
    },
    "requiredDependencies" : [ ],
    "processedAfter" : [ ]
  } ],
  "parameters" : {
    "enable-parallel-deployments" : true,
    "deploy_mode" : "html5-repo"
  },
  "parametersMetadata" : {
    "metadata" : { }
  }
}#
#2026 09 18 11:18:03.946#Z#DEBUG#9d22f57d-b352-11f1-9456-eeee0a8e3e3b.OPERATION#flowable-async-job-executor-thread-39083#
[MergeDescriptorsStep] Descriptors validated and merged#
#2026 09 18 11:18:03.946#Z#DEBUG#9d22f57d-b352-11f1-9456-eeee0a8e3e3b.OPERATION#flowable-async-job-executor-thread-39083#
Step "Merge Descriptors" finished#
#2026 09 18 11:18:04.009#Z#DEBUG#9d22f57d-b352-11f1-9456-eeee0a8e3e3b.OPERATION#flowable-async-job-executor-thread-39084#
[CollectCloudLoggingServiceParametersStep] Executing task "sid-9C5714DF-CEC8-4019-8873-CBBA99AC459A" of process "9d22f5a3-b352-11f1-9456-eeee0a8e3e3b"...#
#2026 09 18 11:18:04.015#Z#DEBUG#9d22f57d-b352-11f1-9456-eeee0a8e3e3b.OPERATION#flowable-async-job-executor-thread-39084#
Step "Collect Cloud Logging Service Parameters" finished#
#2026 09 18 11:18:04.065#Z#DEBUG#9d22f57d-b352-11f1-9456-eeee0a8e3e3b.OPERATION#flowable-async-job-executor-thread-39085#
[DetectDeployedMtaStep] Executing task "detectDeployedMtaTask" of process "9d22f5a3-b352-11f1-9456-eeee0a8e3e3b"...#
#2026 09 18 11:18:04.067#Z#DEBUG#9d22f57d-b352-11f1-9456-eeee0a8e3e3b.OPERATION#flowable-async-job-executor-thread-39085#
[DetectDeployedMtaStep] Detecting deployed MTA...#
#2026 09 18 11:18:04.068#Z#DEBUG#9d22f57d-b352-11f1-9456-eeee0a8e3e3b.OPERATION#flowable-async-job-executor-thread-39085#
[DetectDeployedMtaStep] Detecting MTA by id Bookshop and namespace null#
#2026 09 18 11:18:04.068#Z#DEBUG#9d22f57d-b352-11f1-9456-eeee0a8e3e3b.OPERATION#flowable-async-job-executor-thread-39085#
[DetectDeployedMtaStep] Getting applications by metadata label selector "mta_id=8fe2a7853d4e8f05d01b533df373929c,!mta_namespace"...#
#2026 09 18 11:18:04.112#Z#DEBUG#9d22f57d-b352-11f1-9456-eeee0a8e3e3b.OPERATION#flowable-async-job-executor-thread-39085#
[DetectDeployedMtaStep] Getting service instances by metadata label selector "mta_id=8fe2a7853d4e8f05d01b533df373929c,!mta_namespace"...#
#2026 09 18 11:18:04.146#Z#INFO#9d22f57d-b352-11f1-9456-eeee0a8e3e3b.OPERATION#flowable-async-job-executor-thread-39085#
[DetectDeployedMtaStep] No deployed MTA detected - this is initial deployment of MTA with ID "Bookshop"#
#2026 09 18 11:18:04.159#Z#DEBUG#9d22f57d-b352-11f1-9456-eeee0a8e3e3b.OPERATION#flowable-async-job-executor-thread-39085#
[DetectDeployedMtaStep] Detecting backup mta by id "Bookshop" and namespace "null"#
#2026 09 18 11:18:04.160#Z#DEBUG#9d22f57d-b352-11f1-9456-eeee0a8e3e3b.OPERATION#flowable-async-job-executor-thread-39085#
[DetectDeployedMtaStep] Getting applications by metadata label selector "mta_id=8fe2a7853d4e8f05d01b533df373929c,mta_namespace=b698114a0995e936895b9598a6c19a2c"...#
#2026 09 18 11:18:04.192#Z#DEBUG#9d22f57d-b352-11f1-9456-eeee0a8e3e3b.OPERATION#flowable-async-job-executor-thread-39085#
[DetectDeployedMtaStep] Getting service instances by metadata label selector "mta_id=8fe2a7853d4e8f05d01b533df373929c,mta_namespace=b698114a0995e936895b9598a6c19a2c"...#
#2026 09 18 11:18:04.225#Z#DEBUG#9d22f57d-b352-11f1-9456-eeee0a8e3e3b.OPERATION#flowable-async-job-executor-thread-39085#
[DetectDeployedMtaStep] Deployed MTA service keys: [ ]#
#2026 09 18 11:18:04.225#Z#DEBUG#9d22f57d-b352-11f1-9456-eeee0a8e3e3b.OPERATION#flowable-async-job-executor-thread-39085#
Step "Detect Deployed MTA" finished#
#2026 09 18 11:18:04.286#Z#DEBUG#9d22f57d-b352-11f1-9456-eeee0a8e3e3b.OPERATION#flowable-async-job-executor-thread-39086#
[XS2CollectSystemParametersStep] Executing task "collectSystemParametersTask" of process "9d22f5a3-b352-11f1-9456-eeee0a8e3e3b"...#
#2026 09 18 11:18:04.287#Z#DEBUG#9d22f57d-b352-11f1-9456-eeee0a8e3e3b.OPERATION#flowable-async-job-executor-thread-39086#
[XS2CollectSystemParametersStep] Collecting system parameters...#
#2026 09 18 11:18:04.289#Z#DEBUG#9d22f57d-b352-11f1-9456-eeee0a8e3e3b.OPERATION#flowable-async-job-executor-thread-39086#
[XS2CollectSystemParametersStep] Getting default domain...#
#2026 09 18 11:18:04.317#Z#DEBUG#9d22f57d-b352-11f1-9456-eeee0a8e3e3b.OPERATION#flowable-async-job-executor-thread-39086#
[XS2CollectSystemParametersStep] Default domain: cfapps.eu20.hana.ondemand.com#
#2026 09 18 11:18:04.319#Z#DEBUG#9d22f57d-b352-11f1-9456-eeee0a8e3e3b.OPERATION#flowable-async-job-executor-thread-39086#
[XS2CollectSystemParametersStep] Checking for overwriting read-only parameters for mta with id: "Bookshop"#
#2026 09 18 11:18:04.319#Z#DEBUG#9d22f57d-b352-11f1-9456-eeee0a8e3e3b.OPERATION#flowable-async-job-executor-thread-39086#
[XS2CollectSystemParametersStep] No read-only parameters are overwritten#
#2026 09 18 11:18:04.335#Z#DEBUG#9d22f57d-b352-11f1-9456-eeee0a8e3e3b.OPERATION#flowable-async-job-executor-thread-39086#
[XS2CollectSystemParametersStep] Descriptor with system parameters: {
  "majorSchemaVersion" : 3,
  "schemaVersion" : "3.3.0",
  "id" : "Bookshop",
  "version" : "1.0.0",
  "modules" : [ {
    "majorSchemaVersion" : 3,
    "name" : "Bookshop-srv",
    "type" : "javascript.nodejs",
    "path" : "Bookshop-srv",
    "properties" : { },
    "parameters" : {
      "default-url" : "${protocol}://${default-uri}",
      "default-app-name" : "Bookshop-srv",
      "generated-password" : "********",
      "default-live-url" : "${protocol}://${default-live-uri}",
      "default-uri" : "${host}.${domain}",
      "default-instances" : 1,
      "default-live-host" : "coe-emea-hana-platform-dev-bookshop-srv",
      "instances" : 1,
      "buildpack" : "nodejs_buildpack",
      "default-host" : "coe-emea-hana-platform-dev-bookshop-srv",
      "app-name" : "${default-app-name}",
      "default-live-uri" : "coe-emea-hana-platform-dev-bookshop-srv.${domain}",
      "routes" : [ {
        "route" : "${default-url}"
      }, {
        "route" : "${default-host}.cert.${default-domain}"
      } ],
      "protocol" : "https",
      "default-live-app-name" : "Bookshop-srv",
      "default-live-domain" : "cfapps.eu20.hana.ondemand.com",
      "domain" : "${default-domain}",
      "host" : "${default-host}",
      "generated-user" : "********"
    },
    "requiredDependencies" : [ {
      "majorSchemaVersion" : 3,
      "name" : "Bookshop-ias",
      "properties" : { },
      "parameters" : {
        "config" : {
          "app-identifier" : "srv",
          "credential-type" : "********"
        }
      },
      "propertiesMetadata" : {
        "metadata" : { }
      },
      "parametersMetadata" : {
        "metadata" : { }
      }
    }, {
      "majorSchemaVersion" : 3,
      "name" : "Bookshop-db",
      "properties" : { },
      "parameters" : { },
      "propertiesMetadata" : {
        "metadata" : { }
      },
      "parametersMetadata" : {
        "metadata" : { }
      }
    }, {
      "majorSchemaVersion" : 3,
      "name" : "Bookshop-destination",
      "properties" : { },
      "parameters" : { },
      "propertiesMetadata" : {
        "metadata" : { }
      },
      "parametersMetadata" : {
        "metadata" : { }
      }
    }, {
      "majorSchemaVersion" : 3,
      "name" : "********",
      "properties" : { },
      "parameters" : { },
      "propertiesMetadata" : {
        "metadata" : { }
      },
      "parametersMetadata" : {
        "metadata" : { }
      }
    } ],
    "providedDependencies" : [ {
      "majorSchemaVersion" : 3,
      "name" : "srv-api",
      "isPublic" : false,
      "properties" : {
        "srv-cert-url" : "${protocol}://${default-host}.cert.${default-domain}",
        "srv-url" : "${default-url}"
      },
      "parameters" : { },
      "propertiesMetadata" : {
        "metadata" : { }
      },
      "parametersMetadata" : {
        "metadata" : { }
      }
    }, {
      "majorSchemaVersion" : 3,
      "name" : "Bookshop-srv",
      "isPublic" : false,
      "properties" : { },
      "parameters" : { },
      "propertiesMetadata" : {
        "metadata" : { }
      },
      "parametersMetadata" : {
        "metadata" : { }
      }
    } ],
    "propertiesMetadata" : {
      "metadata" : { }
    },
    "parametersMetadata" : {
      "metadata" : { }
    },
    "hooks" : [ ]
  }, {
    "majorSchemaVersion" : 3,
    "name" : "Bookshop-db-deployer",
    "type" : "com.sap.xs.hdi",
    "path" : "Bookshop-db-deployer",
    "properties" : {
      "EXIT" : 1
    },
    "parameters" : {
      "default-url" : "${protocol}://${default-uri}",
      "default-app-name" : "Bookshop-db-deployer",
      "generated-password" : "********",
      "default-live-url" : "${protocol}://${default-live-uri}",
      "default-uri" : "${host}.${domain}",
      "memory" : "256M",
      "default-instances" : 1,
      "no-route" : true,
      "default-live-host" : "coe-emea-hana-platform-dev-bookshop-db-deployer",
      "instances" : "${default-instances}",
      "buildpack" : "nodejs_buildpack",
      "default-host" : "coe-emea-hana-platform-dev-bookshop-db-deployer",
      "app-name" : "${default-app-name}",
      "default-live-uri" : "coe-emea-hana-platform-dev-bookshop-db-deployer.${domain}",
      "protocol" : "https",
      "default-live-app-name" : "Bookshop-db-deployer",
      "default-live-domain" : "cfapps.eu20.hana.ondemand.com",
      "dependency-type" : "hard",
      "domain" : "${default-domain}",
      "host" : "${default-host}",
      "generated-user" : "********",
      "tasks" : [ {
        "name" : "deploy",
        "memory" : "256M",
        "command" : "npm start"
      } ],
      "no-start" : true
    },
    "requiredDependencies" : [ {
      "majorSchemaVersion" : 3,
      "name" : "Bookshop-db",
      "properties" : { },
      "parameters" : { },
      "propertiesMetadata" : {
        "metadata" : { }
      },
      "parametersMetadata" : {
        "metadata" : { }
      }
    } ],
    "providedDependencies" : [ {
      "majorSchemaVersion" : 3,
      "name" : "Bookshop-db-deployer",
      "isPublic" : false,
      "properties" : { },
      "parameters" : { },
      "propertiesMetadata" : {
        "metadata" : { }
      },
      "parametersMetadata" : {
        "metadata" : { }
      }
    } ],
    "propertiesMetadata" : {
      "metadata" : { }
    },
    "parametersMetadata" : {
      "metadata" : { }
    },
    "hooks" : [ ]
  }, {
    "majorSchemaVersion" : 3,
    "name" : "Bookshop-app-deployer",
    "type" : "com.sap.application.content",
    "path" : "Bookshop-app-deployer",
    "properties" : { },
    "parameters" : {
      "default-url" : "${protocol}://${default-uri}",
      "default-app-name" : "Bookshop-app-deployer",
      "generated-password" : "********",
      "default-live-url" : "${protocol}://${default-live-uri}",
      "default-uri" : "${host}.${domain}",
      "default-instances" : 1,
      "default-live-host" : "coe-emea-hana-platform-dev-bookshop-app-deployer",
      "instances" : "${default-instances}",
      "default-host" : "coe-emea-hana-platform-dev-bookshop-app-deployer",
      "app-name" : "${default-app-name}",
      "default-live-uri" : "coe-emea-hana-platform-dev-bookshop-app-deployer.${domain}",
      "protocol" : "https",
      "default-live-app-name" : "Bookshop-app-deployer",
      "default-live-domain" : "cfapps.eu20.hana.ondemand.com",
      "domain" : "${default-domain}",
      "host" : "${default-host}",
      "generated-user" : "********",
      "config" : {
        "destinations" : [ {
          "Authentication" : "********",
          "DynamicDestination" : true,
          "ForwardAuthToken" : "********",
          "IASDependencyName" : "Bookshop-ias-api",
          "Name" : "srv-api",
          "ProxyType" : "Internet",
          "Type" : "HTTP",
          "URL" : "~{srv-api/srv-url}"
        } ]
      }
    },
    "requiredDependencies" : [ {
      "majorSchemaVersion" : 3,
      "name" : "srv-api",
      "properties" : { },
      "parameters" : { },
      "propertiesMetadata" : {
        "metadata" : { }
      },
      "parametersMetadata" : {
        "metadata" : { }
      }
    }, {
      "majorSchemaVersion" : 3,
      "name" : "Bookshop-html5-repo-host",
      "properties" : { },
      "parameters" : {
        "config" : {
          "HTML5Runtime_enabled" : true,
          "IASDependencyName" : "Bookshop-ias-api"
        },
        "content-target" : true
      },
      "propertiesMetadata" : {
        "metadata" : { }
      },
      "parametersMetadata" : {
        "metadata" : { }
      }
    }, {
      "majorSchemaVersion" : 3,
      "name" : "********",
      "properties" : { },
      "parameters" : { },
      "propertiesMetadata" : {
        "metadata" : { }
      },
      "parametersMetadata" : {
        "metadata" : { }
      }
    } ],
    "providedDependencies" : [ {
      "majorSchemaVersion" : 3,
      "name" : "Bookshop-app-deployer",
      "isPublic" : false,
      "properties" : { },
      "parameters" : { },
      "propertiesMetadata" : {
        "metadata" : { }
      },
      "parametersMetadata" : {
        "metadata" : { }
      }
    } ],
    "propertiesMetadata" : {
      "metadata" : { }
    },
    "parametersMetadata" : {
      "metadata" : { }
    },
    "hooks" : [ ]
  }, {
    "majorSchemaVersion" : 3,
    "name" : "Bookshop-destinations",
    "type" : "com.sap.application.content",
    "properties" : { },
    "parameters" : {
      "default-url" : "${protocol}://${default-uri}",
      "default-app-name" : "Bookshop-destinations",
      "generated-password" : "********",
      "default-live-url" : "${protocol}://${default-live-uri}",
      "default-uri" : "${host}.${domain}",
      "default-instances" : 1,
      "default-live-host" : "coe-emea-hana-platform-dev-bookshop-destinations",
      "instances" : "${default-instances}",
      "default-host" : "coe-emea-hana-platform-dev-bookshop-destinations",
      "content" : {
        "instance" : {
          "destinations" : [ {
            "Name" : "Bookshop-html5-repository",
            "ServiceInstanceName" : "Bookshop-html5-repo-host",
            "ServiceKeyName" : "********",
            "sap.cloud.service" : "Bookshop.service"
          }, {
            "Authentication" : "********",
            "Name" : "********",
            "ServiceInstanceName" : "********",
            "ServiceKeyName" : "********",
            "sap.cloud.service" : "Bookshop.service"
          } ],
          "existing_destinations_policy" : "update"
        }
      },
      "app-name" : "${default-app-name}",
      "default-live-uri" : "coe-emea-hana-platform-dev-bookshop-destinations.${domain}",
      "protocol" : "https",
      "default-live-app-name" : "Bookshop-destinations",
      "default-live-domain" : "cfapps.eu20.hana.ondemand.com",
      "domain" : "${default-domain}",
      "host" : "${default-host}",
      "generated-user" : "********"
    },
    "requiredDependencies" : [ {
      "majorSchemaVersion" : 3,
      "name" : "Bookshop-html5-repo-host",
      "properties" : { },
      "parameters" : {
        "service-key" : "********"
      },
      "propertiesMetadata" : {
        "metadata" : { }
      },
      "parametersMetadata" : {
        "metadata" : { }
      }
    }, {
      "majorSchemaVersion" : 3,
      "name" : "srv-api",
      "properties" : { },
      "parameters" : { },
      "propertiesMetadata" : {
        "metadata" : { }
      },
      "parametersMetadata" : {
        "metadata" : { }
      }
    }, {
      "majorSchemaVersion" : 3,
      "name" : "Bookshop-destination",
      "properties" : { },
      "parameters" : {
        "content-target" : true
      },
      "propertiesMetadata" : {
        "metadata" : { }
      },
      "parametersMetadata" : {
        "metadata" : { }
      }
    }, {
      "majorSchemaVersion" : 3,
      "name" : "********",
      "properties" : { },
      "parameters" : {
        "service-key" : "********"
      },
      "propertiesMetadata" : {
        "metadata" : { }
      },
      "parametersMetadata" : {
        "metadata" : { }
      }
    } ],
    "providedDependencies" : [ {
      "majorSchemaVersion" : 3,
      "name" : "Bookshop-destinations",
      "isPublic" : false,
      "properties" : { },
      "parameters" : { },
      "propertiesMetadata" : {
        "metadata" : { }
      },
      "parametersMetadata" : {
        "metadata" : { }
      }
    } ],
    "propertiesMetadata" : {
      "metadata" : { }
    },
    "parametersMetadata" : {
      "metadata" : { }
    },
    "hooks" : [ ]
  } ],
  "resources" : [ {
    "majorSchemaVersion" : 3,
    "name" : "Bookshop-ias",
    "type" : "org.cloudfoundry.managed-service",
    "properties" : { },
    "parameters" : {
      "generated-password" : "********",
      "service-name" : "Bookshop-ias",
      "service-plan" : "application",
      "service" : "identity",
      "generated-user" : "********",
      "default-xsappname" : "Bookshop-ias",
      "type" : "managed-service",
      "config" : {
        "display-name" : "Bookshop",
        "oauth2-configuration" : "********",
        "provided-apis" : [ {
          "description" : "API exposed by the application",
          "name" : "Bookshop-ias-api"
        } ],
        "xsuaa-cross-consumption" : true
      },
      "default-service-name" : "Bookshop-ias",
      "default-container-name" : "COE_EMEA_HANA_PLATFORM_DEV_BOOKSHOP_IAS"
    },
    "isActive" : true,
    "isOptional" : false,
    "propertiesMetadata" : {
      "metadata" : { }
    },
    "parametersMetadata" : {
      "metadata" : { }
    },
    "requiredDependencies" : [ ],
    "processedAfter" : [ ]
  }, {
    "majorSchemaVersion" : 3,
    "name" : "Bookshop-db",
    "type" : "com.sap.xs.hdi-container",
    "properties" : { },
    "parameters" : {
      "generated-password" : "********",
      "service-name" : "${default-service-name}",
      "service-plan" : "hdi-shared",
      "service" : "hana",
      "generated-user" : "********",
      "default-xsappname" : "Bookshop-db",
      "type" : "managed-service",
      "default-service-name" : "Bookshop-db",
      "default-container-name" : "COE_EMEA_HANA_PLATFORM_DEV_BOOKSHOP_DB"
    },
    "isActive" : true,
    "isOptional" : false,
    "propertiesMetadata" : {
      "metadata" : { }
    },
    "parametersMetadata" : {
      "metadata" : { }
    },
    "requiredDependencies" : [ ],
    "processedAfter" : [ ]
  }, {
    "majorSchemaVersion" : 3,
    "name" : "Bookshop-destination",
    "type" : "org.cloudfoundry.managed-service",
    "properties" : { },
    "parameters" : {
      "generated-password" : "********",
      "service-name" : "${default-service-name}",
      "service-plan" : "lite",
      "service" : "destination",
      "generated-user" : "********",
      "default-xsappname" : "Bookshop-destination",
      "type" : "managed-service",
      "default-service-name" : "Bookshop-destination",
      "default-container-name" : "COE_EMEA_HANA_PLATFORM_DEV_BOOKSHOP_DESTINATION"
    },
    "isActive" : true,
    "isOptional" : false,
    "propertiesMetadata" : {
      "metadata" : { }
    },
    "parametersMetadata" : {
      "metadata" : { }
    },
    "requiredDependencies" : [ {
      "majorSchemaVersion" : 3,
      "name" : "srv-api",
      "properties" : { },
      "parameters" : { },
      "propertiesMetadata" : {
        "metadata" : { }
      },
      "parametersMetadata" : {
        "metadata" : { }
      }
    } ],
    "processedAfter" : [ ]
  }, {
    "majorSchemaVersion" : 3,
    "name" : "Bookshop-html5-repo-host",
    "type" : "org.cloudfoundry.managed-service",
    "properties" : { },
    "parameters" : {
      "generated-password" : "********",
      "service-name" : "${default-service-name}",
      "service-plan" : "app-host",
      "service" : "html5-apps-repo",
      "generated-user" : "********",
      "default-xsappname" : "Bookshop-html5-repo-host",
      "type" : "managed-service",
      "default-service-name" : "Bookshop-html5-repo-host",
      "default-container-name" : "COE_EMEA_HANA_PLATFORM_DEV_BOOKSHOP_HTML5_REPO_HOST"
    },
    "isActive" : true,
    "isOptional" : false,
    "propertiesMetadata" : {
      "metadata" : { }
    },
    "parametersMetadata" : {
      "metadata" : { }
    },
    "requiredDependencies" : [ ],
    "processedAfter" : [ ]
  }, {
    "majorSchemaVersion" : 3,
    "name" : "********",
    "type" : "org.cloudfoundry.managed-service",
    "properties" : { },
    "parameters" : {
      "generated-password" : "********",
      "path" : "./xs-security.json",
      "service-name" : "${default-service-name}",
      "service-plan" : "application",
      "service" : "xsuaa",
      "generated-user" : "********",
      "default-xsappname" : "********",
      "type" : "managed-service",
      "config" : {
        "oauth2-configuration" : "********",
        "role-collections" : [ {
          "description" : "generated",
          "name" : "admin (Bookshop ${org}-${space})",
          "role-template-references" : [ "$XSAPPNAME.admin" ]
        } ],
        "tenant-mode" : "dedicated",
        "xsappname" : "Bookshop-${org}-${space}"
      },
      "default-service-name" : "********",
      "default-container-name" : "********"
    },
    "isActive" : true,
    "isOptional" : false,
    "propertiesMetadata" : {
      "metadata" : { }
    },
    "parametersMetadata" : {
      "metadata" : { }
    },
    "requiredDependencies" : [ ],
    "processedAfter" : [ ]
  } ],
  "parameters" : {
    "deploy_mode" : "html5-repo",
    "mta-id" : "Bookshop",
    "authorization-url" : "********",
    "org-guid" : "faa2a59b-a78e-4aa0-9dad-78ce96e1bc24",
    "org" : "CoE_EMEA_HANA_Platform",
    "deploy-target" : "CoE_EMEA_HANA_Platform dev",
    "enable-parallel-deployments" : true,
    "space" : "dev",
    "xs-api-url" : "https://api.cf.eu20.hana.ondemand.com",
    "deploy-url" : "deploy-service.cfapps.eu20.hana.ondemand.com",
    "xs-type" : "CF",
    "default-domain" : "cfapps.eu20.hana.ondemand.com",
    "mta-version" : "1.0.0",
    "xs-auth-url" : "********",
    "space-guid" : "4cc0a88c-ec98-47c4-9958-38b5e6ec9fcf",
    "user" : "********",
    "controller-url" : "https://api.cf.eu20.hana.ondemand.com",
    "timestamp" : "20260918111803"
  },
  "parametersMetadata" : {
    "metadata" : { }
  }
}#
#2026 09 18 11:18:04.335#Z#DEBUG#9d22f57d-b352-11f1-9456-eeee0a8e3e3b.OPERATION#flowable-async-job-executor-thread-39086#
[XS2CollectSystemParametersStep] Version rule: SAME_HIGHER#
#2026 09 18 11:18:04.335#Z#INFO#9d22f57d-b352-11f1-9456-eeee0a8e3e3b.OPERATION#flowable-async-job-executor-thread-39086#
[XS2CollectSystemParametersStep] Detected new MTA version: "1.0.0"#
#2026 09 18 11:18:04.347#Z#DEBUG#9d22f57d-b352-11f1-9456-eeee0a8e3e3b.OPERATION#flowable-async-job-executor-thread-39086#
[XS2CollectSystemParametersStep] MTA accepted for deployment#
#2026 09 18 11:18:04.347#Z#DEBUG#9d22f57d-b352-11f1-9456-eeee0a8e3e3b.OPERATION#flowable-async-job-executor-thread-39086#
[XS2CollectSystemParametersStep] System parameters collected#
#2026 09 18 11:18:04.347#Z#DEBUG#9d22f57d-b352-11f1-9456-eeee0a8e3e3b.OPERATION#flowable-async-job-executor-thread-39086#
Step "Collect System Parameters" finished#
#2026 09 18 11:18:04.424#Z#DEBUG#9d22f57d-b352-11f1-9456-eeee0a8e3e3b.OPERATION#flowable-async-job-executor-thread-39087#
[ProcessDescriptorStep] Executing task "processDescriptorTask" of process "9d22f5a3-b352-11f1-9456-eeee0a8e3e3b"...#
#2026 09 18 11:18:04.425#Z#DEBUG#9d22f57d-b352-11f1-9456-eeee0a8e3e3b.OPERATION#flowable-async-job-executor-thread-39087#
[ProcessDescriptorStep] Resolving properties and parameters in merged descriptor...#
#2026 09 18 11:18:04.431#Z#DEBUG#9d22f57d-b352-11f1-9456-eeee0a8e3e3b.OPERATION#flowable-async-job-executor-thread-39087#
[ProcessDescriptorStep] Subscriptions: [ ]#
#2026 09 18 11:18:04.431#Z#DEBUG#9d22f57d-b352-11f1-9456-eeee0a8e3e3b.OPERATION#flowable-async-job-executor-thread-39087#
[ProcessDescriptorStep] MTA modules: [Bookshop-db-deployer, Bookshop-destinations, Bookshop-srv, Bookshop-app-deployer]#
#2026 09 18 11:18:04.432#Z#DEBUG#9d22f57d-b352-11f1-9456-eeee0a8e3e3b.OPERATION#flowable-async-job-executor-thread-39087#
[ProcessDescriptorStep] Resolved deployment descriptor: {
  "majorSchemaVersion" : 3,
  "schemaVersion" : "3.3.0",
  "id" : "Bookshop",
  "version" : "1.0.0",
  "modules" : [ {
    "majorSchemaVersion" : 3,
    "name" : "Bookshop-srv",
    "type" : "javascript.nodejs",
    "path" : "Bookshop-srv",
    "properties" : { },
    "parameters" : {
      "default-url" : "https://coe-emea-hana-platform-dev-bookshop-srv.cfapps.eu20.hana.ondemand.com",
      "default-app-name" : "Bookshop-srv",
      "generated-password" : "********",
      "default-live-url" : "https://coe-emea-hana-platform-dev-bookshop-srv.cfapps.eu20.hana.ondemand.com",
      "default-uri" : "coe-emea-hana-platform-dev-bookshop-srv.cfapps.eu20.hana.ondemand.com",
      "default-instances" : 1,
      "default-live-host" : "coe-emea-hana-platform-dev-bookshop-srv",
      "instances" : 1,
      "buildpack" : "nodejs_buildpack",
      "default-host" : "coe-emea-hana-platform-dev-bookshop-srv",
      "app-name" : "Bookshop-srv",
      "default-live-uri" : "coe-emea-hana-platform-dev-bookshop-srv.cfapps.eu20.hana.ondemand.com",
      "routes" : [ {
        "route" : "https://coe-emea-hana-platform-dev-bookshop-srv.cfapps.eu20.hana.ondemand.com"
      }, {
        "route" : "coe-emea-hana-platform-dev-bookshop-srv.cert.cfapps.eu20.hana.ondemand.com"
      } ],
      "protocol" : "https",
      "default-live-app-name" : "Bookshop-srv",
      "default-live-domain" : "cfapps.eu20.hana.ondemand.com",
      "domain" : "cfapps.eu20.hana.ondemand.com",
      "host" : "coe-emea-hana-platform-dev-bookshop-srv",
      "generated-user" : "********"
    },
    "requiredDependencies" : [ {
      "majorSchemaVersion" : 3,
      "name" : "Bookshop-ias",
      "properties" : { },
      "parameters" : {
        "config" : {
          "app-identifier" : "srv",
          "credential-type" : "********"
        }
      },
      "propertiesMetadata" : {
        "metadata" : { }
      },
      "parametersMetadata" : {
        "metadata" : { }
      }
    }, {
      "majorSchemaVersion" : 3,
      "name" : "Bookshop-db",
      "properties" : { },
      "parameters" : { },
      "propertiesMetadata" : {
        "metadata" : { }
      },
      "parametersMetadata" : {
        "metadata" : { }
      }
    }, {
      "majorSchemaVersion" : 3,
      "name" : "Bookshop-destination",
      "properties" : { },
      "parameters" : { },
      "propertiesMetadata" : {
        "metadata" : { }
      },
      "parametersMetadata" : {
        "metadata" : { }
      }
    }, {
      "majorSchemaVersion" : 3,
      "name" : "********",
      "properties" : { },
      "parameters" : { },
      "propertiesMetadata" : {
        "metadata" : { }
      },
      "parametersMetadata" : {
        "metadata" : { }
      }
    } ],
    "providedDependencies" : [ {
      "majorSchemaVersion" : 3,
      "name" : "srv-api",
      "isPublic" : false,
      "properties" : {
        "srv-cert-url" : "https://coe-emea-hana-platform-dev-bookshop-srv.cert.cfapps.eu20.hana.ondemand.com",
        "srv-url" : "https://coe-emea-hana-platform-dev-bookshop-srv.cfapps.eu20.hana.ondemand.com"
      },
      "parameters" : { },
      "propertiesMetadata" : {
        "metadata" : { }
      },
      "parametersMetadata" : {
        "metadata" : { }
      }
    }, {
      "majorSchemaVersion" : 3,
      "name" : "Bookshop-srv",
      "isPublic" : false,
      "properties" : { },
      "parameters" : { },
      "propertiesMetadata" : {
        "metadata" : { }
      },
      "parametersMetadata" : {
        "metadata" : { }
      }
    } ],
    "propertiesMetadata" : {
      "metadata" : { }
    },
    "parametersMetadata" : {
      "metadata" : { }
    },
    "hooks" : [ ]
  }, {
    "majorSchemaVersion" : 3,
    "name" : "Bookshop-db-deployer",
    "type" : "com.sap.xs.hdi",
    "path" : "Bookshop-db-deployer",
    "properties" : {
      "EXIT" : 1
    },
    "parameters" : {
      "default-url" : "https://coe-emea-hana-platform-dev-bookshop-db-deployer.cfapps.eu20.hana.ondemand.com",
      "default-app-name" : "Bookshop-db-deployer",
      "generated-password" : "********",
      "default-live-url" : "https://coe-emea-hana-platform-dev-bookshop-db-deployer.cfapps.eu20.hana.ondemand.com",
      "default-uri" : "coe-emea-hana-platform-dev-bookshop-db-deployer.cfapps.eu20.hana.ondemand.com",
      "memory" : "256M",
      "default-instances" : 1,
      "no-route" : true,
      "default-live-host" : "coe-emea-hana-platform-dev-bookshop-db-deployer",
      "instances" : 1,
      "buildpack" : "nodejs_buildpack",
      "default-host" : "coe-emea-hana-platform-dev-bookshop-db-deployer",
      "app-name" : "Bookshop-db-deployer",
      "default-live-uri" : "coe-emea-hana-platform-dev-bookshop-db-deployer.cfapps.eu20.hana.ondemand.com",
      "protocol" : "https",
      "default-live-app-name" : "Bookshop-db-deployer",
      "default-live-domain" : "cfapps.eu20.hana.ondemand.com",
      "dependency-type" : "hard",
      "domain" : "cfapps.eu20.hana.ondemand.com",
      "host" : "coe-emea-hana-platform-dev-bookshop-db-deployer",
      "generated-user" : "********",
      "tasks" : [ {
        "command" : "npm start",
        "memory" : "256M",
        "name" : "deploy"
      } ],
      "no-start" : true
    },
    "requiredDependencies" : [ {
      "majorSchemaVersion" : 3,
      "name" : "Bookshop-db",
      "properties" : { },
      "parameters" : { },
      "propertiesMetadata" : {
        "metadata" : { }
      },
      "parametersMetadata" : {
        "metadata" : { }
      }
    } ],
    "providedDependencies" : [ {
      "majorSchemaVersion" : 3,
      "name" : "Bookshop-db-deployer",
      "isPublic" : false,
      "properties" : { },
      "parameters" : { },
      "propertiesMetadata" : {
        "metadata" : { }
      },
      "parametersMetadata" : {
        "metadata" : { }
      }
    } ],
    "propertiesMetadata" : {
      "metadata" : { }
    },
    "parametersMetadata" : {
      "metadata" : { }
    },
    "hooks" : [ ]
  }, {
    "majorSchemaVersion" : 3,
    "name" : "Bookshop-app-deployer",
    "type" : "com.sap.application.content",
    "path" : "Bookshop-app-deployer",
    "properties" : { },
    "parameters" : {
      "default-url" : "https://coe-emea-hana-platform-dev-bookshop-app-deployer.cfapps.eu20.hana.ondemand.com",
      "default-app-name" : "Bookshop-app-deployer",
      "generated-password" : "********",
      "default-live-url" : "https://coe-emea-hana-platform-dev-bookshop-app-deployer.cfapps.eu20.hana.ondemand.com",
      "default-uri" : "coe-emea-hana-platform-dev-bookshop-app-deployer.cfapps.eu20.hana.ondemand.com",
      "default-instances" : 1,
      "default-live-host" : "coe-emea-hana-platform-dev-bookshop-app-deployer",
      "instances" : 1,
      "default-host" : "coe-emea-hana-platform-dev-bookshop-app-deployer",
      "app-name" : "Bookshop-app-deployer",
      "default-live-uri" : "coe-emea-hana-platform-dev-bookshop-app-deployer.cfapps.eu20.hana.ondemand.com",
      "protocol" : "https",
      "default-live-app-name" : "Bookshop-app-deployer",
      "default-live-domain" : "cfapps.eu20.hana.ondemand.com",
      "domain" : "cfapps.eu20.hana.ondemand.com",
      "host" : "coe-emea-hana-platform-dev-bookshop-app-deployer",
      "generated-user" : "********",
      "config" : {
        "destinations" : [ {
          "Authentication" : "********",
          "DynamicDestination" : true,
          "ForwardAuthToken" : "********",
          "IASDependencyName" : "Bookshop-ias-api",
          "Name" : "srv-api",
          "ProxyType" : "Internet",
          "Type" : "HTTP",
          "URL" : "https://coe-emea-hana-platform-dev-bookshop-srv.cfapps.eu20.hana.ondemand.com"
        } ]
      }
    },
    "requiredDependencies" : [ {
      "majorSchemaVersion" : 3,
      "name" : "srv-api",
      "properties" : { },
      "parameters" : { },
      "propertiesMetadata" : {
        "metadata" : { }
      },
      "parametersMetadata" : {
        "metadata" : { }
      }
    }, {
      "majorSchemaVersion" : 3,
      "name" : "Bookshop-html5-repo-host",
      "properties" : { },
      "parameters" : {
        "config" : {
          "HTML5Runtime_enabled" : true,
          "IASDependencyName" : "Bookshop-ias-api"
        },
        "content-target" : true
      },
      "propertiesMetadata" : {
        "metadata" : { }
      },
      "parametersMetadata" : {
        "metadata" : { }
      }
    }, {
      "majorSchemaVersion" : 3,
      "name" : "********",
      "properties" : { },
      "parameters" : { },
      "propertiesMetadata" : {
        "metadata" : { }
      },
      "parametersMetadata" : {
        "metadata" : { }
      }
    } ],
    "providedDependencies" : [ {
      "majorSchemaVersion" : 3,
      "name" : "Bookshop-app-deployer",
      "isPublic" : false,
      "properties" : { },
      "parameters" : { },
      "propertiesMetadata" : {
        "metadata" : { }
      },
      "parametersMetadata" : {
        "metadata" : { }
      }
    } ],
    "propertiesMetadata" : {
      "metadata" : { }
    },
    "parametersMetadata" : {
      "metadata" : { }
    },
    "hooks" : [ ]
  }, {
    "majorSchemaVersion" : 3,
    "name" : "Bookshop-destinations",
    "type" : "com.sap.application.content",
    "properties" : { },
    "parameters" : {
      "default-url" : "https://coe-emea-hana-platform-dev-bookshop-destinations.cfapps.eu20.hana.ondemand.com",
      "default-app-name" : "Bookshop-destinations",
      "generated-password" : "********",
      "default-live-url" : "https://coe-emea-hana-platform-dev-bookshop-destinations.cfapps.eu20.hana.ondemand.com",
      "default-uri" : "coe-emea-hana-platform-dev-bookshop-destinations.cfapps.eu20.hana.ondemand.com",
      "default-instances" : 1,
      "default-live-host" : "coe-emea-hana-platform-dev-bookshop-destinations",
      "instances" : 1,
      "default-host" : "coe-emea-hana-platform-dev-bookshop-destinations",
      "content" : {
        "instance" : {
          "destinations" : [ {
            "Name" : "Bookshop-html5-repository",
            "ServiceInstanceName" : "Bookshop-html5-repo-host",
            "ServiceKeyName" : "********",
            "sap.cloud.service" : "Bookshop.service"
          }, {
            "Authentication" : "********",
            "Name" : "********",
            "ServiceInstanceName" : "********",
            "ServiceKeyName" : "********",
            "sap.cloud.service" : "Bookshop.service"
          } ],
          "existing_destinations_policy" : "update"
        }
      },
      "app-name" : "Bookshop-destinations",
      "default-live-uri" : "coe-emea-hana-platform-dev-bookshop-destinations.cfapps.eu20.hana.ondemand.com",
      "protocol" : "https",
      "default-live-app-name" : "Bookshop-destinations",
      "default-live-domain" : "cfapps.eu20.hana.ondemand.com",
      "domain" : "cfapps.eu20.hana.ondemand.com",
      "host" : "coe-emea-hana-platform-dev-bookshop-destinations",
      "generated-user" : "********"
    },
    "requiredDependencies" : [ {
      "majorSchemaVersion" : 3,
      "name" : "Bookshop-html5-repo-host",
      "properties" : { },
      "parameters" : {
        "service-key" : "********"
      },
      "propertiesMetadata" : {
        "metadata" : { }
      },
      "parametersMetadata" : {
        "metadata" : { }
      }
    }, {
      "majorSchemaVersion" : 3,
      "name" : "srv-api",
      "properties" : { },
      "parameters" : { },
      "propertiesMetadata" : {
        "metadata" : { }
      },
      "parametersMetadata" : {
        "metadata" : { }
      }
    }, {
      "majorSchemaVersion" : 3,
      "name" : "Bookshop-destination",
      "properties" : { },
      "parameters" : {
        "content-target" : true
      },
      "propertiesMetadata" : {
        "metadata" : { }
      },
      "parametersMetadata" : {
        "metadata" : { }
      }
    }, {
      "majorSchemaVersion" : 3,
      "name" : "********",
      "properties" : { },
      "parameters" : {
        "service-key" : "********"
      },
      "propertiesMetadata" : {
        "metadata" : { }
      },
      "parametersMetadata" : {
        "metadata" : { }
      }
    } ],
    "providedDependencies" : [ {
      "majorSchemaVersion" : 3,
      "name" : "Bookshop-destinations",
      "isPublic" : false,
      "properties" : { },
      "parameters" : { },
      "propertiesMetadata" : {
        "metadata" : { }
      },
      "parametersMetadata" : {
        "metadata" : { }
      }
    } ],
    "propertiesMetadata" : {
      "metadata" : { }
    },
    "parametersMetadata" : {
      "metadata" : { }
    },
    "hooks" : [ ]
  } ],
  "resources" : [ {
    "majorSchemaVersion" : 3,
    "name" : "Bookshop-ias",
    "type" : "org.cloudfoundry.managed-service",
    "properties" : { },
    "parameters" : {
      "generated-password" : "********",
      "service-name" : "Bookshop-ias",
      "service-plan" : "application",
      "service" : "identity",
      "generated-user" : "********",
      "default-xsappname" : "Bookshop-ias",
      "type" : "managed-service",
      "config" : {
        "display-name" : "Bookshop",
        "oauth2-configuration" : "********",
        "provided-apis" : [ {
          "description" : "API exposed by the application",
          "name" : "Bookshop-ias-api"
        } ],
        "xsuaa-cross-consumption" : true
      },
      "default-service-name" : "Bookshop-ias",
      "default-container-name" : "COE_EMEA_HANA_PLATFORM_DEV_BOOKSHOP_IAS"
    },
    "isActive" : true,
    "isOptional" : false,
    "propertiesMetadata" : {
      "metadata" : { }
    },
    "parametersMetadata" : {
      "metadata" : { }
    },
    "requiredDependencies" : [ ],
    "processedAfter" : [ ]
  }, {
    "majorSchemaVersion" : 3,
    "name" : "Bookshop-db",
    "type" : "com.sap.xs.hdi-container",
    "properties" : { },
    "parameters" : {
      "generated-password" : "********",
      "service-name" : "Bookshop-db",
      "service-plan" : "hdi-shared",
      "service" : "hana",
      "generated-user" : "********",
      "default-xsappname" : "Bookshop-db",
      "type" : "managed-service",
      "default-service-name" : "Bookshop-db",
      "default-container-name" : "COE_EMEA_HANA_PLATFORM_DEV_BOOKSHOP_DB"
    },
    "isActive" : true,
    "isOptional" : false,
    "propertiesMetadata" : {
      "metadata" : { }
    },
    "parametersMetadata" : {
      "metadata" : { }
    },
    "requiredDependencies" : [ ],
    "processedAfter" : [ ]
  }, {
    "majorSchemaVersion" : 3,
    "name" : "Bookshop-destination",
    "type" : "org.cloudfoundry.managed-service",
    "properties" : { },
    "parameters" : {
      "generated-password" : "********",
      "service-name" : "Bookshop-destination",
      "service-plan" : "lite",
      "service" : "destination",
      "generated-user" : "********",
      "default-xsappname" : "Bookshop-destination",
      "type" : "managed-service",
      "default-service-name" : "Bookshop-destination",
      "default-container-name" : "COE_EMEA_HANA_PLATFORM_DEV_BOOKSHOP_DESTINATION"
    },
    "isActive" : true,
    "isOptional" : false,
    "propertiesMetadata" : {
      "metadata" : { }
    },
    "parametersMetadata" : {
      "metadata" : { }
    },
    "requiredDependencies" : [ {
      "majorSchemaVersion" : 3,
      "name" : "srv-api",
      "properties" : { },
      "parameters" : { },
      "propertiesMetadata" : {
        "metadata" : { }
      },
      "parametersMetadata" : {
        "metadata" : { }
      }
    } ],
    "processedAfter" : [ ]
  }, {
    "majorSchemaVersion" : 3,
    "name" : "Bookshop-html5-repo-host",
    "type" : "org.cloudfoundry.managed-service",
    "properties" : { },
    "parameters" : {
      "generated-password" : "********",
      "service-name" : "Bookshop-html5-repo-host",
      "service-plan" : "app-host",
      "service" : "html5-apps-repo",
      "generated-user" : "********",
      "default-xsappname" : "Bookshop-html5-repo-host",
      "type" : "managed-service",
      "default-service-name" : "Bookshop-html5-repo-host",
      "default-container-name" : "COE_EMEA_HANA_PLATFORM_DEV_BOOKSHOP_HTML5_REPO_HOST"
    },
    "isActive" : true,
    "isOptional" : false,
    "propertiesMetadata" : {
      "metadata" : { }
    },
    "parametersMetadata" : {
      "metadata" : { }
    },
    "requiredDependencies" : [ ],
    "processedAfter" : [ ]
  }, {
    "majorSchemaVersion" : 3,
    "name" : "********",
    "type" : "org.cloudfoundry.managed-service",
    "properties" : { },
    "parameters" : {
      "generated-password" : "********",
      "path" : "./xs-security.json",
      "service-name" : "********",
      "service-plan" : "application",
      "service" : "xsuaa",
      "generated-user" : "********",
      "default-xsappname" : "********",
      "type" : "managed-service",
      "config" : {
        "oauth2-configuration" : "********",
        "role-collections" : [ {
          "description" : "generated",
          "name" : "admin (Bookshop CoE_EMEA_HANA_Platform-dev)",
          "role-template-references" : [ "$XSAPPNAME.admin" ]
        } ],
        "tenant-mode" : "dedicated",
        "xsappname" : "Bookshop-CoE_EMEA_HANA_Platform-dev"
      },
      "default-service-name" : "********",
      "default-container-name" : "********"
    },
    "isActive" : true,
    "isOptional" : false,
    "propertiesMetadata" : {
      "metadata" : { }
    },
    "parametersMetadata" : {
      "metadata" : { }
    },
    "requiredDependencies" : [ ],
    "processedAfter" : [ ]
  } ],
  "parameters" : {
    "deploy_mode" : "html5-repo",
    "mta-id" : "Bookshop",
    "authorization-url" : "********",
    "org-guid" : "faa2a59b-a78e-4aa0-9dad-78ce96e1bc24",
    "org" : "CoE_EMEA_HANA_Platform",
    "deploy-target" : "CoE_EMEA_HANA_Platform dev",
    "enable-parallel-deployments" : true,
    "region-primary-domain" : "eu20.hana.ondemand.com",
    "space" : "dev",
    "region-domain" : "eu20.hana.ondemand.com",
    "xs-api-url" : "https://api.cf.eu20.hana.ondemand.com",
    "deploy-url" : "deploy-service.cfapps.eu20.hana.ondemand.com",
    "xs-type" : "CF",
    "default-domain" : "cfapps.eu20.hana.ondemand.com",
    "mta-version" : "1.0.0",
    "xs-auth-url" : "********",
    "space-guid" : "4cc0a88c-ec98-47c4-9958-38b5e6ec9fcf",
    "user" : "********",
    "controller-url" : "https://api.cf.eu20.hana.ondemand.com",
    "timestamp" : "20260918111803"
  },
  "parametersMetadata" : {
    "metadata" : { }
  }
}#
#2026 09 18 11:18:04.433#Z#DEBUG#9d22f57d-b352-11f1-9456-eeee0a8e3e3b.OPERATION#flowable-async-job-executor-thread-39087#
[ProcessDescriptorStep] Merged descriptor properties and parameters resolved#
#2026 09 18 11:18:04.433#Z#DEBUG#9d22f57d-b352-11f1-9456-eeee0a8e3e3b.OPERATION#flowable-async-job-executor-thread-39087#
Step "Process Descriptor Step" finished#
#2026 09 18 11:18:04.497#Z#DEBUG#9d22f57d-b352-11f1-9456-eeee0a8e3e3b.OPERATION#flowable-async-job-executor-thread-39088#
[XS2BuildCloudDeployModelStep] Executing task "buildDeployModelTask" of process "9d22f5a3-b352-11f1-9456-eeee0a8e3e3b"...#
#2026 09 18 11:18:04.503#Z#DEBUG#9d22f57d-b352-11f1-9456-eeee0a8e3e3b.OPERATION#flowable-async-job-executor-thread-39088#
[XS2BuildCloudDeployModelStep] Service keys defined for content deployment grouped by service name: {
  "Bookshop-destination" : [ {
    "name" : "********",
    "v3Metadata" : {
      "annotations" : {
        "mta_id" : "Bookshop",
        "mta_version" : "1.0.0"
      },
      "labels" : {
        "mta_id" : "8fe2a7853d4e8f05d01b533df373929c",
        "space_guid" : "4cc0a88c-ec98-47c4-9958-38b5e6ec9fcf"
      }
    },
    "credentials" : "********",
    "moduleName" : "Bookshop-destinations",
    "resourceName" : "Bookshop-destination",
    "serviceInstance" : {
      "isOptional" : false,
      "isManaged" : false,
      "name" : "Bookshop-destination",
      "credentials" : "********",
      "tags" : [ ],
      "shouldSkipParametersUpdate" : false,
      "shouldSkipPlanUpdate" : false,
      "shouldSkipTagsUpdate" : false,
      "shouldSkipSyslogUrlUpdate" : false
    },
    "shouldDeleteServiceKeyAfterDeploy" : "********",
    "resourceType" : "org.cloudfoundry.managed-service"
  } ],
  "Bookshop-html5-repo-host" : [ {
    "name" : "********",
    "v3Metadata" : {
      "annotations" : {
        "mta_id" : "Bookshop",
        "mta_version" : "1.0.0"
      },
      "labels" : {
        "mta_id" : "8fe2a7853d4e8f05d01b533df373929c",
        "space_guid" : "4cc0a88c-ec98-47c4-9958-38b5e6ec9fcf"
      }
    },
    "credentials" : "********",
    "moduleName" : "Bookshop-app-deployer",
    "resourceName" : "Bookshop-html5-repo-host",
    "serviceInstance" : {
      "isOptional" : false,
      "isManaged" : false,
      "name" : "Bookshop-html5-repo-host",
      "credentials" : "********",
      "tags" : [ ],
      "shouldSkipParametersUpdate" : false,
      "shouldSkipPlanUpdate" : false,
      "shouldSkipTagsUpdate" : false,
      "shouldSkipSyslogUrlUpdate" : false
    },
    "shouldDeleteServiceKeyAfterDeploy" : "********",
    "resourceType" : "org.cloudfoundry.managed-service"
  }, {
    "name" : "********",
    "v3Metadata" : {
      "annotations" : {
        "mta_id" : "Bookshop",
        "mta_version" : "1.0.0"
      },
      "labels" : {
        "mta_id" : "8fe2a7853d4e8f05d01b533df373929c",
        "space_guid" : "4cc0a88c-ec98-47c4-9958-38b5e6ec9fcf"
      }
    },
    "credentials" : "********",
    "moduleName" : "Bookshop-destinations",
    "resourceName" : "Bookshop-html5-repo-host",
    "serviceInstance" : {
      "isOptional" : false,
      "isManaged" : false,
      "name" : "Bookshop-html5-repo-host",
      "credentials" : "********",
      "tags" : [ ],
      "shouldSkipParametersUpdate" : false,
      "shouldSkipPlanUpdate" : false,
      "shouldSkipTagsUpdate" : false,
      "shouldSkipSyslogUrlUpdate" : false
    },
    "shouldDeleteServiceKeyAfterDeploy" : "********",
    "resourceType" : "org.cloudfoundry.managed-service"
  } ],
  "Bookshop-auth" : "********"
}#
#2026 09 18 11:18:04.503#Z#DEBUG#9d22f57d-b352-11f1-9456-eeee0a8e3e3b.OPERATION#flowable-async-job-executor-thread-39088#
[XS2BuildCloudDeployModelStep] Building cloud deployment model...#
#2026 09 18 11:18:04.505#Z#DEBUG#9d22f57d-b352-11f1-9456-eeee0a8e3e3b.OPERATION#flowable-async-job-executor-thread-39088#
[XS2BuildCloudDeployModelStep] MTA archive modules: [Bookshop-db-deployer, Bookshop-srv, Bookshop-app-deployer]#
#2026 09 18 11:18:04.505#Z#DEBUG#9d22f57d-b352-11f1-9456-eeee0a8e3e3b.OPERATION#flowable-async-job-executor-thread-39088#
[XS2BuildCloudDeployModelStep] Deployed modules: []#
#2026 09 18 11:18:04.507#Z#DEBUG#9d22f57d-b352-11f1-9456-eeee0a8e3e3b.OPERATION#flowable-async-job-executor-thread-39088#
[XS2BuildCloudDeployModelStep] MTA modules: [Bookshop-db-deployer, Bookshop-destinations, Bookshop-srv, Bookshop-app-deployer]#
#2026 09 18 11:18:04.507#Z#DEBUG#9d22f57d-b352-11f1-9456-eeee0a8e3e3b.OPERATION#flowable-async-job-executor-thread-39088#
[XS2BuildCloudDeployModelStep] Service keys to create: {
  "Bookshop-db" : [ ],
  "Bookshop-destination" : [ ],
  "Bookshop-html5-repo-host" : [ ],
  "Bookshop-auth" : "********",
  "Bookshop-ias" : [ ]
}#
#2026 09 18 11:18:04.508#Z#DEBUG#9d22f57d-b352-11f1-9456-eeee0a8e3e3b.OPERATION#flowable-async-job-executor-thread-39088#
[XS2BuildCloudDeployModelStep] Modules to deploy: [{
  "majorSchemaVersion" : 3,
  "name" : "Bookshop-srv",
  "type" : "javascript.nodejs",
  "path" : "Bookshop-srv",
  "properties" : { },
  "parameters" : {
    "default-url" : "https://coe-emea-hana-platform-dev-bookshop-srv.cfapps.eu20.hana.ondemand.com",
    "default-app-name" : "Bookshop-srv",
    "generated-password" : "********",
    "default-live-url" : "https://coe-emea-hana-platform-dev-bookshop-srv.cfapps.eu20.hana.ondemand.com",
    "default-uri" : "coe-emea-hana-platform-dev-bookshop-srv.cfapps.eu20.hana.ondemand.com",
    "default-instances" : 1,
    "default-live-host" : "coe-emea-hana-platform-dev-bookshop-srv",
    "instances" : 1,
    "buildpack" : "nodejs_buildpack",
    "default-host" : "coe-emea-hana-platform-dev-bookshop-srv",
    "app-name" : "Bookshop-srv",
    "default-live-uri" : "coe-emea-hana-platform-dev-bookshop-srv.cfapps.eu20.hana.ondemand.com",
    "routes" : [ {
      "route" : "https://coe-emea-hana-platform-dev-bookshop-srv.cfapps.eu20.hana.ondemand.com"
    }, {
      "route" : "coe-emea-hana-platform-dev-bookshop-srv.cert.cfapps.eu20.hana.ondemand.com"
    } ],
    "protocol" : "https",
    "default-live-app-name" : "Bookshop-srv",
    "default-live-domain" : "cfapps.eu20.hana.ondemand.com",
    "dependency-type" : "soft",
    "domain" : "cfapps.eu20.hana.ondemand.com",
    "host" : "coe-emea-hana-platform-dev-bookshop-srv",
    "generated-user" : "********"
  },
  "requiredDependencies" : [ {
    "majorSchemaVersion" : 3,
    "name" : "Bookshop-ias",
    "properties" : { },
    "parameters" : {
      "config" : {
        "app-identifier" : "srv",
        "credential-type" : "********"
      }
    },
    "propertiesMetadata" : {
      "metadata" : { }
    },
    "parametersMetadata" : {
      "metadata" : { }
    }
  }, {
    "majorSchemaVersion" : 3,
    "name" : "Bookshop-db",
    "properties" : { },
    "parameters" : { },
    "propertiesMetadata" : {
      "metadata" : { }
    },
    "parametersMetadata" : {
      "metadata" : { }
    }
  }, {
    "majorSchemaVersion" : 3,
    "name" : "Bookshop-destination",
    "properties" : { },
    "parameters" : { },
    "propertiesMetadata" : {
      "metadata" : { }
    },
    "parametersMetadata" : {
      "metadata" : { }
    }
  }, {
    "majorSchemaVersion" : 3,
    "name" : "********",
    "properties" : { },
    "parameters" : { },
    "propertiesMetadata" : {
      "metadata" : { }
    },
    "parametersMetadata" : {
      "metadata" : { }
    }
  } ],
  "providedDependencies" : [ {
    "majorSchemaVersion" : 3,
    "name" : "srv-api",
    "isPublic" : false,
    "properties" : {
      "srv-cert-url" : "https://coe-emea-hana-platform-dev-bookshop-srv.cert.cfapps.eu20.hana.ondemand.com",
      "srv-url" : "https://coe-emea-hana-platform-dev-bookshop-srv.cfapps.eu20.hana.ondemand.com"
    },
    "parameters" : { },
    "propertiesMetadata" : {
      "metadata" : { }
    },
    "parametersMetadata" : {
      "metadata" : { }
    }
  }, {
    "majorSchemaVersion" : 3,
    "name" : "Bookshop-srv",
    "isPublic" : false,
    "properties" : { },
    "parameters" : { },
    "propertiesMetadata" : {
      "metadata" : { }
    },
    "parametersMetadata" : {
      "metadata" : { }
    }
  } ],
  "propertiesMetadata" : {
    "metadata" : { }
  },
  "parametersMetadata" : {
    "metadata" : { }
  },
  "deployedAfter" : [ ],
  "hooks" : [ ]
}, {
  "majorSchemaVersion" : 3,
  "name" : "Bookshop-db-deployer",
  "type" : "com.sap.xs.hdi",
  "path" : "Bookshop-db-deployer",
  "properties" : {
    "EXIT" : 1
  },
  "parameters" : {
    "default-url" : "https://coe-emea-hana-platform-dev-bookshop-db-deployer.cfapps.eu20.hana.ondemand.com",
    "default-app-name" : "Bookshop-db-deployer",
    "generated-password" : "********",
    "default-live-url" : "https://coe-emea-hana-platform-dev-bookshop-db-deployer.cfapps.eu20.hana.ondemand.com",
    "default-uri" : "coe-emea-hana-platform-dev-bookshop-db-deployer.cfapps.eu20.hana.ondemand.com",
    "memory" : "256M",
    "default-instances" : 1,
    "no-route" : true,
    "default-live-host" : "coe-emea-hana-platform-dev-bookshop-db-deployer",
    "instances" : 1,
    "buildpack" : "nodejs_buildpack",
    "default-host" : "coe-emea-hana-platform-dev-bookshop-db-deployer",
    "app-name" : "Bookshop-db-deployer",
    "default-live-uri" : "coe-emea-hana-platform-dev-bookshop-db-deployer.cfapps.eu20.hana.ondemand.com",
    "protocol" : "https",
    "default-live-app-name" : "Bookshop-db-deployer",
    "default-live-domain" : "cfapps.eu20.hana.ondemand.com",
    "dependency-type" : "hard",
    "domain" : "cfapps.eu20.hana.ondemand.com",
    "host" : "coe-emea-hana-platform-dev-bookshop-db-deployer",
    "generated-user" : "********",
    "tasks" : [ {
      "command" : "npm start",
      "memory" : "256M",
      "name" : "deploy"
    } ],
    "no-start" : true
  },
  "requiredDependencies" : [ {
    "majorSchemaVersion" : 3,
    "name" : "Bookshop-db",
    "properties" : { },
    "parameters" : { },
    "propertiesMetadata" : {
      "metadata" : { }
    },
    "parametersMetadata" : {
      "metadata" : { }
    }
  } ],
  "providedDependencies" : [ {
    "majorSchemaVersion" : 3,
    "name" : "Bookshop-db-deployer",
    "isPublic" : false,
    "properties" : { },
    "parameters" : { },
    "propertiesMetadata" : {
      "metadata" : { }
    },
    "parametersMetadata" : {
      "metadata" : { }
    }
  } ],
  "propertiesMetadata" : {
    "metadata" : { }
  },
  "parametersMetadata" : {
    "metadata" : { }
  },
  "deployedAfter" : [ ],
  "hooks" : [ ]
}, {
  "majorSchemaVersion" : 3,
  "name" : "Bookshop-app-deployer",
  "type" : "com.sap.application.content",
  "path" : "Bookshop-app-deployer",
  "properties" : { },
  "parameters" : {
    "default-url" : "https://coe-emea-hana-platform-dev-bookshop-app-deployer.cfapps.eu20.hana.ondemand.com",
    "default-app-name" : "Bookshop-app-deployer",
    "generated-password" : "********",
    "default-live-url" : "https://coe-emea-hana-platform-dev-bookshop-app-deployer.cfapps.eu20.hana.ondemand.com",
    "default-uri" : "coe-emea-hana-platform-dev-bookshop-app-deployer.cfapps.eu20.hana.ondemand.com",
    "default-instances" : 1,
    "default-live-host" : "coe-emea-hana-platform-dev-bookshop-app-deployer",
    "instances" : 1,
    "default-host" : "coe-emea-hana-platform-dev-bookshop-app-deployer",
    "app-name" : "Bookshop-app-deployer",
    "default-live-uri" : "coe-emea-hana-platform-dev-bookshop-app-deployer.cfapps.eu20.hana.ondemand.com",
    "protocol" : "https",
    "default-live-app-name" : "Bookshop-app-deployer",
    "default-live-domain" : "cfapps.eu20.hana.ondemand.com",
    "dependency-type" : "soft",
    "domain" : "cfapps.eu20.hana.ondemand.com",
    "host" : "coe-emea-hana-platform-dev-bookshop-app-deployer",
    "generated-user" : "********",
    "config" : {
      "destinations" : [ {
        "Authentication" : "********",
        "DynamicDestination" : true,
        "ForwardAuthToken" : "********",
        "IASDependencyName" : "Bookshop-ias-api",
        "Name" : "srv-api",
        "ProxyType" : "Internet",
        "Type" : "HTTP",
        "URL" : "https://coe-emea-hana-platform-dev-bookshop-srv.cfapps.eu20.hana.ondemand.com"
      } ]
    }
  },
  "requiredDependencies" : [ {
    "majorSchemaVersion" : 3,
    "name" : "srv-api",
    "properties" : { },
    "parameters" : { },
    "propertiesMetadata" : {
      "metadata" : { }
    },
    "parametersMetadata" : {
      "metadata" : { }
    }
  }, {
    "majorSchemaVersion" : 3,
    "name" : "Bookshop-html5-repo-host",
    "properties" : { },
    "parameters" : {
      "config" : {
        "HTML5Runtime_enabled" : true,
        "IASDependencyName" : "Bookshop-ias-api"
      },
      "content-target" : true
    },
    "propertiesMetadata" : {
      "metadata" : { }
    },
    "parametersMetadata" : {
      "metadata" : { }
    }
  }, {
    "majorSchemaVersion" : 3,
    "name" : "********",
    "properties" : { },
    "parameters" : { },
    "propertiesMetadata" : {
      "metadata" : { }
    },
    "parametersMetadata" : {
      "metadata" : { }
    }
  } ],
  "providedDependencies" : [ {
    "majorSchemaVersion" : 3,
    "name" : "Bookshop-app-deployer",
    "isPublic" : false,
    "properties" : { },
    "parameters" : { },
    "propertiesMetadata" : {
      "metadata" : { }
    },
    "parametersMetadata" : {
      "metadata" : { }
    }
  } ],
  "propertiesMetadata" : {
    "metadata" : { }
  },
  "parametersMetadata" : {
    "metadata" : { }
  },
  "deployedAfter" : [ ],
  "hooks" : [ ]
}, {
  "majorSchemaVersion" : 3,
  "name" : "Bookshop-destinations",
  "type" : "com.sap.application.content",
  "properties" : { },
  "parameters" : {
    "default-url" : "https://coe-emea-hana-platform-dev-bookshop-destinations.cfapps.eu20.hana.ondemand.com",
    "default-app-name" : "Bookshop-destinations",
    "generated-password" : "********",
    "default-live-url" : "https://coe-emea-hana-platform-dev-bookshop-destinations.cfapps.eu20.hana.ondemand.com",
    "default-uri" : "coe-emea-hana-platform-dev-bookshop-destinations.cfapps.eu20.hana.ondemand.com",
    "default-instances" : 1,
    "default-live-host" : "coe-emea-hana-platform-dev-bookshop-destinations",
    "instances" : 1,
    "default-host" : "coe-emea-hana-platform-dev-bookshop-destinations",
    "content" : {
      "instance" : {
        "destinations" : [ {
          "Name" : "Bookshop-html5-repository",
          "ServiceInstanceName" : "Bookshop-html5-repo-host",
          "ServiceKeyName" : "********",
          "sap.cloud.service" : "Bookshop.service"
        }, {
          "Authentication" : "********",
          "Name" : "********",
          "ServiceInstanceName" : "********",
          "ServiceKeyName" : "********",
          "sap.cloud.service" : "Bookshop.service"
        } ],
        "existing_destinations_policy" : "update"
      }
    },
    "app-name" : "Bookshop-destinations",
    "default-live-uri" : "coe-emea-hana-platform-dev-bookshop-destinations.cfapps.eu20.hana.ondemand.com",
    "protocol" : "https",
    "default-live-app-name" : "Bookshop-destinations",
    "default-live-domain" : "cfapps.eu20.hana.ondemand.com",
    "dependency-type" : "soft",
    "domain" : "cfapps.eu20.hana.ondemand.com",
    "host" : "coe-emea-hana-platform-dev-bookshop-destinations",
    "generated-user" : "********"
  },
  "requiredDependencies" : [ {
    "majorSchemaVersion" : 3,
    "name" : "Bookshop-html5-repo-host",
    "properties" : { },
    "parameters" : {
      "service-key" : "********"
    },
    "propertiesMetadata" : {
      "metadata" : { }
    },
    "parametersMetadata" : {
      "metadata" : { }
    }
  }, {
    "majorSchemaVersion" : 3,
    "name" : "srv-api",
    "properties" : { },
    "parameters" : { },
    "propertiesMetadata" : {
      "metadata" : { }
    },
    "parametersMetadata" : {
      "metadata" : { }
    }
  }, {
    "majorSchemaVersion" : 3,
    "name" : "Bookshop-destination",
    "properties" : { },
    "parameters" : {
      "content-target" : true
    },
    "propertiesMetadata" : {
      "metadata" : { }
    },
    "parametersMetadata" : {
      "metadata" : { }
    }
  }, {
    "majorSchemaVersion" : 3,
    "name" : "********",
    "properties" : { },
    "parameters" : {
      "service-key" : "********"
    },
    "propertiesMetadata" : {
      "metadata" : { }
    },
    "parametersMetadata" : {
      "metadata" : { }
    }
  } ],
  "providedDependencies" : [ {
    "majorSchemaVersion" : 3,
    "name" : "Bookshop-destinations",
    "isPublic" : false,
    "properties" : { },
    "parameters" : { },
    "propertiesMetadata" : {
      "metadata" : { }
    },
    "parametersMetadata" : {
      "metadata" : { }
    }
  } ],
  "propertiesMetadata" : {
    "metadata" : { }
  },
  "parametersMetadata" : {
    "metadata" : { }
  },
  "deployedAfter" : [ ],
  "hooks" : [ ]
}]#
#2026 09 18 11:18:04.508#Z#DEBUG#9d22f57d-b352-11f1-9456-eeee0a8e3e3b.OPERATION#flowable-async-job-executor-thread-39088#
[XS2BuildCloudDeployModelStep] Custom domains: [cert.cfapps.eu20.hana.ondemand.com]#
#2026 09 18 11:18:04.511#Z#DEBUG#9d22f57d-b352-11f1-9456-eeee0a8e3e3b.OPERATION#flowable-async-job-executor-thread-39088#
[XS2BuildCloudDeployModelStep] Calculating resource batches...#
#2026 09 18 11:18:04.511#Z#DEBUG#9d22f57d-b352-11f1-9456-eeee0a8e3e3b.OPERATION#flowable-async-job-executor-thread-39088#
[XS2BuildCloudDeployModelStep] Calculating resource batches completed.#
#2026 09 18 11:18:04.511#Z#DEBUG#9d22f57d-b352-11f1-9456-eeee0a8e3e3b.OPERATION#flowable-async-job-executor-thread-39088#
[XS2BuildCloudDeployModelStep] Cloud deployment model built#
#2026 09 18 11:18:04.511#Z#DEBUG#9d22f57d-b352-11f1-9456-eeee0a8e3e3b.OPERATION#flowable-async-job-executor-thread-39088#
Step "Build Deploy Model" finished#
#2026 09 18 11:18:04.587#Z#DEBUG#9d22f57d-b352-11f1-9456-eeee0a8e3e3b.OPERATION#flowable-async-job-executor-thread-39089#
[BuildCloudUndeployModelStep] Executing task "buildUndeployModelTask" of process "9d22f5a3-b352-11f1-9456-eeee0a8e3e3b"...#
#2026 09 18 11:18:04.589#Z#DEBUG#9d22f57d-b352-11f1-9456-eeee0a8e3e3b.OPERATION#flowable-async-job-executor-thread-39089#
[BuildCloudUndeployModelStep] Building cloud undeployment model...#
#2026 09 18 11:18:04.591#Z#DEBUG#9d22f57d-b352-11f1-9456-eeee0a8e3e3b.OPERATION#flowable-async-job-executor-thread-39089#
[BuildCloudUndeployModelStep] Detecting service keys to delete.#
#2026 09 18 11:18:04.592#Z#DEBUG#9d22f57d-b352-11f1-9456-eeee0a8e3e3b.OPERATION#flowable-async-job-executor-thread-39089#
[BuildCloudUndeployModelStep] No deployed service keys detected!#
#2026 09 18 11:18:04.592#Z#DEBUG#9d22f57d-b352-11f1-9456-eeee0a8e3e3b.OPERATION#flowable-async-job-executor-thread-39089#
[BuildCloudUndeployModelStep] Detected service keys to delete "[]"#
#2026 09 18 11:18:04.598#Z#DEBUG#9d22f57d-b352-11f1-9456-eeee0a8e3e3b.OPERATION#flowable-async-job-executor-thread-39089#
Step "Build Undeploy Model" finished#
#2026 09 18 11:18:04.659#Z#DEBUG#9d22f57d-b352-11f1-9456-eeee0a8e3e3b.OPERATION#flowable-async-job-executor-thread-39090#
[AddDomainsStep] Executing task "addDomainsTask" of process "9d22f5a3-b352-11f1-9456-eeee0a8e3e3b"...#
#2026 09 18 11:18:04.662#Z#DEBUG#9d22f57d-b352-11f1-9456-eeee0a8e3e3b.OPERATION#flowable-async-job-executor-thread-39090#
[AddDomainsStep] Custom domains: [cert.cfapps.eu20.hana.ondemand.com]#
#2026 09 18 11:18:04.662#Z#DEBUG#9d22f57d-b352-11f1-9456-eeee0a8e3e3b.OPERATION#flowable-async-job-executor-thread-39090#
[AddDomainsStep] Adding domains...#
#2026 09 18 11:18:04.663#Z#DEBUG#9d22f57d-b352-11f1-9456-eeee0a8e3e3b.OPERATION#flowable-async-job-executor-thread-39090#
[AddDomainsStep] Getting domains...#
#2026 09 18 11:18:04.718#Z#DEBUG#9d22f57d-b352-11f1-9456-eeee0a8e3e3b.OPERATION#flowable-async-job-executor-thread-39090#
[AddDomainsStep] Existing domains: [cfapps.eu20.hana.ondemand.com, cert.cfapps.eu20.hana.ondemand.com, apps.internal]#
#2026 09 18 11:18:04.718#Z#DEBUG#9d22f57d-b352-11f1-9456-eeee0a8e3e3b.OPERATION#flowable-async-job-executor-thread-39090#
[AddDomainsStep] Domain "cert.cfapps.eu20.hana.ondemand.com" already exists#
#2026 09 18 11:18:04.718#Z#DEBUG#9d22f57d-b352-11f1-9456-eeee0a8e3e3b.OPERATION#flowable-async-job-executor-thread-39090#
[AddDomainsStep] Domains added#
#2026 09 18 11:18:04.718#Z#DEBUG#9d22f57d-b352-11f1-9456-eeee0a8e3e3b.OPERATION#flowable-async-job-executor-thread-39090#
Step "Add Domains" finished#
#2026 09 18 11:18:04.986#Z#DEBUG#9d22f57d-b352-11f1-9456-eeee0a8e3e3b.OPERATION#flowable-async-job-executor-thread-39092#
[ExtractBatchedServicesWithResolvedDynamicParametersStep] Executing task "prepareModulesDeploymentTask" of process "9e31cd6a-b352-11f1-9456-eeee0a8e3e3b"...#
#2026 09 18 11:18:04.988#Z#DEBUG#9d22f57d-b352-11f1-9456-eeee0a8e3e3b.OPERATION#flowable-async-job-executor-thread-39092#
[ExtractBatchedServicesWithResolvedDynamicParametersStep] Extracting services and resolving dynamic parameters from batch#
#2026 09 18 11:18:04.990#Z#DEBUG#9d22f57d-b352-11f1-9456-eeee0a8e3e3b.OPERATION#flowable-async-job-executor-thread-39092#
[ExtractBatchedServicesWithResolvedDynamicParametersStep] Services to create: [ {
  "isOptional" : false,
  "isManaged" : true,
  "name" : "Bookshop-ias",
  "v3Metadata" : {
    "annotations" : {
      "mta_id" : "Bookshop",
      "mta_version" : "1.0.0",
      "mta_resource" : "{\"name\":\"Bookshop-ias\"}"
    },
    "labels" : {
      "mta_id" : "8fe2a7853d4e8f05d01b533df373929c"
    }
  },
  "label" : "identity",
  "plan" : "application",
  "credentials" : "********",
  "tags" : [ ],
  "type" : "managed",
  "resourceName" : "Bookshop-ias",
  "shouldSkipParametersUpdate" : false,
  "shouldSkipPlanUpdate" : false,
  "shouldSkipTagsUpdate" : false,
  "shouldSkipSyslogUrlUpdate" : false
}, {
  "isOptional" : false,
  "isManaged" : true,
  "name" : "Bookshop-db",
  "v3Metadata" : {
    "annotations" : {
      "mta_id" : "Bookshop",
      "mta_version" : "1.0.0",
      "mta_resource" : "{\"name\":\"Bookshop-db\"}"
    },
    "labels" : {
      "mta_id" : "8fe2a7853d4e8f05d01b533df373929c"
    }
  },
  "label" : "hana",
  "plan" : "hdi-shared",
  "credentials" : "********",
  "tags" : [ ],
  "type" : "managed",
  "resourceName" : "Bookshop-db",
  "shouldSkipParametersUpdate" : false,
  "shouldSkipPlanUpdate" : false,
  "shouldSkipTagsUpdate" : false,
  "shouldSkipSyslogUrlUpdate" : false
}, {
  "isOptional" : false,
  "isManaged" : true,
  "name" : "Bookshop-destination",
  "v3Metadata" : {
    "annotations" : {
      "mta_id" : "Bookshop",
      "mta_version" : "1.0.0",
      "mta_resource" : "{\"name\":\"Bookshop-destination\"}"
    },
    "labels" : {
      "mta_id" : "8fe2a7853d4e8f05d01b533df373929c"
    }
  },
  "label" : "destination",
  "plan" : "lite",
  "credentials" : "********",
  "tags" : [ ],
  "type" : "managed",
  "resourceName" : "Bookshop-destination",
  "shouldSkipParametersUpdate" : false,
  "shouldSkipPlanUpdate" : false,
  "shouldSkipTagsUpdate" : false,
  "shouldSkipSyslogUrlUpdate" : false
}, {
  "isOptional" : false,
  "isManaged" : true,
  "name" : "Bookshop-html5-repo-host",
  "v3Metadata" : {
    "annotations" : {
      "mta_id" : "Bookshop",
      "mta_version" : "1.0.0",
      "mta_resource" : "{\"name\":\"Bookshop-html5-repo-host\"}"
    },
    "labels" : {
      "mta_id" : "8fe2a7853d4e8f05d01b533df373929c"
    }
  },
  "label" : "html5-apps-repo",
  "plan" : "app-host",
  "credentials" : "********",
  "tags" : [ ],
  "type" : "managed",
  "resourceName" : "Bookshop-html5-repo-host",
  "shouldSkipParametersUpdate" : false,
  "shouldSkipPlanUpdate" : false,
  "shouldSkipTagsUpdate" : false,
  "shouldSkipSyslogUrlUpdate" : false
}, {
  "isOptional" : false,
  "isManaged" : true,
  "name" : "********",
  "v3Metadata" : {
    "annotations" : {
      "mta_id" : "Bookshop",
      "mta_version" : "1.0.0",
      "mta_resource" : "********"
    },
    "labels" : {
      "mta_id" : "8fe2a7853d4e8f05d01b533df373929c"
    }
  },
  "label" : "xsuaa",
  "plan" : "application",
  "credentials" : "********",
  "tags" : [ ],
  "type" : "managed",
  "resourceName" : "********",
  "shouldSkipParametersUpdate" : false,
  "shouldSkipPlanUpdate" : false,
  "shouldSkipTagsUpdate" : false,
  "shouldSkipSyslogUrlUpdate" : false
} ]#
#2026 09 18 11:18:04.992#Z#DEBUG#9d22f57d-b352-11f1-9456-eeee0a8e3e3b.OPERATION#flowable-async-job-executor-thread-39092#
Step "Extract Services with Resolved Dynamic parameters from batch" finished#
#2026 09 18 11:18:05.156#Z#DEBUG#9d22f57d-b352-11f1-9456-eeee0a8e3e3b.OPERATION#flowable-async-job-executor-thread-39098#
[CheckServiceOperationStateStep] Executing task "CheckServiceOperationStateTask" of process "9e5e5bfa-b352-11f1-9456-eeee0a8e3e3b"...#
#2026 09 18 11:18:05.157#Z#DEBUG#9d22f57d-b352-11f1-9456-eeee0a8e3e3b.OPERATION#flowable-async-job-executor-thread-39098#
[CheckServiceOperationStateStep] Getting service instance "Bookshop-ias"...#
#2026 09 18 11:18:05.195#Z#DEBUG#9d22f57d-b352-11f1-9456-eeee0a8e3e3b.OPERATION#flowable-async-job-executor-thread-39098#
Step "Check for service operations in Progress" finished#
#2026 09 18 11:18:05.245#Z#DEBUG#9d22f57d-b352-11f1-9456-eeee0a8e3e3b.OPERATION#flowable-async-job-executor-thread-39099#
[DetermineServiceCreateUpdateServiceActionsStep] Executing task "DetermineServiceCreateUpdateActionsTask" of process "9e5e5bfa-b352-11f1-9456-eeee0a8e3e3b"...#
#2026 09 18 11:18:05.248#Z#INFO#9d22f57d-b352-11f1-9456-eeee0a8e3e3b.OPERATION#flowable-async-job-executor-thread-39099#
[DetermineServiceCreateUpdateServiceActionsStep] Processing service "Bookshop-ias"...#
#2026 09 18 11:18:05.262#Z#DEBUG#9d22f57d-b352-11f1-9456-eeee0a8e3e3b.OPERATION#flowable-async-job-executor-thread-39099#
[DetermineServiceCreateUpdateServiceActionsStep] Getting service instance "Bookshop-ias"...#
#2026 09 18 11:18:05.296#Z#DEBUG#9d22f57d-b352-11f1-9456-eeee0a8e3e3b.OPERATION#flowable-async-job-executor-thread-39099#
[DetermineServiceCreateUpdateServiceActionsStep] Service should be created#
#2026 09 18 11:18:05.302#Z#DEBUG#9d22f57d-b352-11f1-9456-eeee0a8e3e3b.OPERATION#flowable-async-job-executor-thread-39099#
Step "Determine update actions" finished#
#2026 09 18 11:18:05.380#Z#DEBUG#9d22f57d-b352-11f1-9456-eeee0a8e3e3b.OPERATION#flowable-async-job-executor-thread-39100#
[CreateServiceStep] Executing task "CreateServiceTask" of process "9e5e5bfa-b352-11f1-9456-eeee0a8e3e3b"...#
#2026 09 18 11:18:05.385#Z#INFO#9d22f57d-b352-11f1-9456-eeee0a8e3e3b.OPERATION#flowable-async-job-executor-thread-39100#
[CreateServiceStep] Creating service "Bookshop-ias" from MTA resource "Bookshop-ias"...#
#2026 09 18 11:18:05.396#Z#DEBUG#9d22f57d-b352-11f1-9456-eeee0a8e3e3b.OPERATION#flowable-async-job-executor-thread-39100#
[CreateServiceStep] Creating service instance: {
  "isOptional" : false,
  "isManaged" : true,
  "name" : "Bookshop-ias",
  "v3Metadata" : {
    "annotations" : {
      "mta_id" : "Bookshop",
      "mta_version" : "1.0.0",
      "mta_resource" : "{\"name\":\"Bookshop-ias\"}"
    },
    "labels" : {
      "mta_id" : "8fe2a7853d4e8f05d01b533df373929c"
    }
  },
  "label" : "identity",
  "plan" : "application",
  "credentials" : "********",
  "tags" : [ ],
  "type" : "managed",
  "resourceName" : "Bookshop-ias",
  "shouldSkipParametersUpdate" : false,
  "shouldSkipPlanUpdate" : false,
  "shouldSkipTagsUpdate" : false,
  "shouldSkipSyslogUrlUpdate" : false
}#
#2026 09 18 11:18:05.656#Z#DEBUG#9d22f57d-b352-11f1-9456-eeee0a8e3e3b.OPERATION#flowable-async-job-executor-thread-39100#
[CreateServiceStep] Service "Bookshop-ias" created#
#2026 09 18 11:18:05.656#Z#DEBUG#9d22f57d-b352-11f1-9456-eeee0a8e3e3b.OPERATION#flowable-async-job-executor-thread-39100#
[CreateServiceStep] Triggered service operations: {
  "Bookshop-ias" : "CREATE"
}#
#2026 09 18 11:18:05.658#Z#DEBUG#9d22f57d-b352-11f1-9456-eeee0a8e3e3b.OPERATION#flowable-async-job-executor-thread-39100#
Step "Create" finished#
#2026 09 18 11:18:05.784#Z#DEBUG#9d22f57d-b352-11f1-9456-eeee0a8e3e3b.OPERATION#flowable-async-job-executor-thread-114497#
[CheckServiceOperationStateStep] Executing task "CheckServiceOperationStateTask" of process "9ec09fa8-b352-11f1-8083-eeee0a930ca8"...#
#2026 09 18 11:18:05.785#Z#DEBUG#9d22f57d-b352-11f1-9456-eeee0a8e3e3b.OPERATION#flowable-async-job-executor-thread-114497#
[CheckServiceOperationStateStep] Getting service instance "Bookshop-db"...#
#2026 09 18 11:18:05.822#Z#DEBUG#9d22f57d-b352-11f1-9456-eeee0a8e3e3b.OPERATION#flowable-async-job-executor-thread-114497#
Step "Check for service operations in Progress" finished#
#2026 09 18 11:18:05.840#Z#DEBUG#9d22f57d-b352-11f1-9456-eeee0a8e3e3b.OPERATION#flowable-async-job-executor-thread-114501#
[CheckServiceOperationStateStep] Executing task "CheckServiceOperationStateTask" of process "9ec90448-b352-11f1-8083-eeee0a930ca8"...#
#2026 09 18 11:18:05.841#Z#DEBUG#9d22f57d-b352-11f1-9456-eeee0a8e3e3b.OPERATION#flowable-async-job-executor-thread-114501#
[CheckServiceOperationStateStep] Getting service instance "Bookshop-destination"...#
#2026 09 18 11:18:05.868#Z#DEBUG#9d22f57d-b352-11f1-9456-eeee0a8e3e3b.OPERATION#flowable-async-job-executor-thread-114501#
Step "Check for service operations in Progress" finished#
#2026 09 18 11:18:05.858#Z#DEBUG#9d22f57d-b352-11f1-9456-eeee0a8e3e3b.OPERATION#flowable-async-job-executor-thread-114502#
[DetermineServiceCreateUpdateServiceActionsStep] Executing task "DetermineServiceCreateUpdateActionsTask" of process "9ec09fa8-b352-11f1-8083-eeee0a930ca8"...#
#2026 09 18 11:18:05.859#Z#INFO#9d22f57d-b352-11f1-9456-eeee0a8e3e3b.OPERATION#flowable-async-job-executor-thread-114502#
[DetermineServiceCreateUpdateServiceActionsStep] Processing service "Bookshop-db"...#
#2026 09 18 11:18:05.867#Z#DEBUG#9d22f57d-b352-11f1-9456-eeee0a8e3e3b.OPERATION#flowable-async-job-executor-thread-114502#
[DetermineServiceCreateUpdateServiceActionsStep] Getting service instance "Bookshop-db"...#
#2026 09 18 11:18:05.901#Z#DEBUG#9d22f57d-b352-11f1-9456-eeee0a8e3e3b.OPERATION#flowable-async-job-executor-thread-114504#
[DetermineServiceCreateUpdateServiceActionsStep] Executing task "DetermineServiceCreateUpdateActionsTask" of process "9ec90448-b352-11f1-8083-eeee0a930ca8"...#
#2026 09 18 11:18:05.902#Z#INFO#9d22f57d-b352-11f1-9456-eeee0a8e3e3b.OPERATION#flowable-async-job-executor-thread-114504#
[DetermineServiceCreateUpdateServiceActionsStep] Processing service "Bookshop-destination"...#
#2026 09 18 11:18:05.907#Z#DEBUG#9d22f57d-b352-11f1-9456-eeee0a8e3e3b.OPERATION#flowable-async-job-executor-thread-114502#
[DetermineServiceCreateUpdateServiceActionsStep] Service should be created#
#2026 09 18 11:18:05.909#Z#DEBUG#9d22f57d-b352-11f1-9456-eeee0a8e3e3b.OPERATION#flowable-async-job-executor-thread-114502#
Step "Determine update actions" finished#
#2026 09 18 11:18:05.909#Z#DEBUG#9d22f57d-b352-11f1-9456-eeee0a8e3e3b.OPERATION#flowable-async-job-executor-thread-114504#
[DetermineServiceCreateUpdateServiceActionsStep] Getting service instance "Bookshop-destination"...#
#2026 09 18 11:18:05.937#Z#DEBUG#9d22f57d-b352-11f1-9456-eeee0a8e3e3b.OPERATION#flowable-async-job-executor-thread-114504#
[DetermineServiceCreateUpdateServiceActionsStep] Service should be created#
#2026 09 18 11:18:05.939#Z#DEBUG#9d22f57d-b352-11f1-9456-eeee0a8e3e3b.OPERATION#flowable-async-job-executor-thread-114504#
Step "Determine update actions" finished#
#2026 09 18 11:18:06.021#Z#DEBUG#9d22f57d-b352-11f1-9456-eeee0a8e3e3b.OPERATION#flowable-async-job-executor-thread-38528#
[CheckServiceOperationStateStep] Executing task "CheckServiceOperationStateTask" of process "9eded627-b352-11f1-b4c5-eeee0a81da41"...#
#2026 09 18 11:18:06.023#Z#DEBUG#9d22f57d-b352-11f1-9456-eeee0a8e3e3b.OPERATION#flowable-async-job-executor-thread-38528#
[CheckServiceOperationStateStep] Getting service instance "Bookshop-html5-repo-host"...#
#2026 09 18 11:18:06.052#Z#DEBUG#9d22f57d-b352-11f1-9456-eeee0a8e3e3b.OPERATION#flowable-async-job-executor-thread-38528#
Step "Check for service operations in Progress" finished#
#2026 09 18 11:18:06.124#Z#DEBUG#9d22f57d-b352-11f1-9456-eeee0a8e3e3b.OPERATION#flowable-async-job-executor-thread-38529#
[DetermineServiceCreateUpdateServiceActionsStep] Executing task "DetermineServiceCreateUpdateActionsTask" of process "9eded627-b352-11f1-b4c5-eeee0a81da41"...#
#2026 09 18 11:18:06.129#Z#INFO#9d22f57d-b352-11f1-9456-eeee0a8e3e3b.OPERATION#flowable-async-job-executor-thread-38529#
[DetermineServiceCreateUpdateServiceActionsStep] Processing service "Bookshop-html5-repo-host"...#
#2026 09 18 11:18:06.140#Z#DEBUG#9d22f57d-b352-11f1-9456-eeee0a8e3e3b.OPERATION#flowable-async-job-executor-thread-38529#
[DetermineServiceCreateUpdateServiceActionsStep] Getting service instance "Bookshop-html5-repo-host"...#
#2026 09 18 11:18:06.174#Z#DEBUG#9d22f57d-b352-11f1-9456-eeee0a8e3e3b.OPERATION#flowable-async-job-executor-thread-38529#
[DetermineServiceCreateUpdateServiceActionsStep] Service should be created#
#2026 09 18 11:18:06.179#Z#DEBUG#9d22f57d-b352-11f1-9456-eeee0a8e3e3b.OPERATION#flowable-async-job-executor-thread-38529#
Step "Determine update actions" finished#
#2026 09 18 11:18:05.949#Z#DEBUG#9d22f57d-b352-11f1-9456-eeee0a8e3e3b.OPERATION#flowable-async-job-executor-thread-114506#
[CreateServiceStep] Executing task "CreateServiceTask" of process "9ec09fa8-b352-11f1-8083-eeee0a930ca8"...#
#2026 09 18 11:18:05.951#Z#INFO#9d22f57d-b352-11f1-9456-eeee0a8e3e3b.OPERATION#flowable-async-job-executor-thread-114506#
[CreateServiceStep] Creating service "Bookshop-db" from MTA resource "Bookshop-db"...#
#2026 09 18 11:18:05.960#Z#DEBUG#9d22f57d-b352-11f1-9456-eeee0a8e3e3b.OPERATION#flowable-async-job-executor-thread-114506#
[CreateServiceStep] Creating service instance: {
  "isOptional" : false,
  "isManaged" : true,
  "name" : "Bookshop-db",
  "v3Metadata" : {
    "annotations" : {
      "mta_id" : "Bookshop",
      "mta_version" : "1.0.0",
      "mta_resource" : "{\"name\":\"Bookshop-db\"}"
    },
    "labels" : {
      "mta_id" : "8fe2a7853d4e8f05d01b533df373929c"
    }
  },
  "label" : "hana",
  "plan" : "hdi-shared",
  "credentials" : "********",
  "tags" : [ ],
  "type" : "managed",
  "resourceName" : "Bookshop-db",
  "shouldSkipParametersUpdate" : false,
  "shouldSkipPlanUpdate" : false,
  "shouldSkipTagsUpdate" : false,
  "shouldSkipSyslogUrlUpdate" : false
}#
#2026 09 18 11:18:05.979#Z#DEBUG#9d22f57d-b352-11f1-9456-eeee0a8e3e3b.OPERATION#flowable-async-job-executor-thread-114507#
[CreateServiceStep] Executing task "CreateServiceTask" of process "9ec90448-b352-11f1-8083-eeee0a930ca8"...#
#2026 09 18 11:18:05.980#Z#INFO#9d22f57d-b352-11f1-9456-eeee0a8e3e3b.OPERATION#flowable-async-job-executor-thread-114507#
[CreateServiceStep] Creating service "Bookshop-destination" from MTA resource "Bookshop-destination"...#
#2026 09 18 11:18:05.989#Z#DEBUG#9d22f57d-b352-11f1-9456-eeee0a8e3e3b.OPERATION#flowable-async-job-executor-thread-114507#
[CreateServiceStep] Creating service instance: {
  "isOptional" : false,
  "isManaged" : true,
  "name" : "Bookshop-destination",
  "v3Metadata" : {
    "annotations" : {
      "mta_id" : "Bookshop",
      "mta_version" : "1.0.0",
      "mta_resource" : "{\"name\":\"Bookshop-destination\"}"
    },
    "labels" : {
      "mta_id" : "8fe2a7853d4e8f05d01b533df373929c"
    }
  },
  "label" : "destination",
  "plan" : "lite",
  "credentials" : "********",
  "tags" : [ ],
  "type" : "managed",
  "resourceName" : "Bookshop-destination",
  "shouldSkipParametersUpdate" : false,
  "shouldSkipPlanUpdate" : false,
  "shouldSkipTagsUpdate" : false,
  "shouldSkipSyslogUrlUpdate" : false
}#
#2026 09 18 11:18:06.208#Z#DEBUG#9d22f57d-b352-11f1-9456-eeee0a8e3e3b.OPERATION#flowable-async-job-executor-thread-114506#
[CreateServiceStep] Service "Bookshop-db" created#
#2026 09 18 11:18:06.208#Z#DEBUG#9d22f57d-b352-11f1-9456-eeee0a8e3e3b.OPERATION#flowable-async-job-executor-thread-114506#
[CreateServiceStep] Triggered service operations: {
  "Bookshop-db" : "CREATE"
}#
#2026 09 18 11:18:06.208#Z#DEBUG#9d22f57d-b352-11f1-9456-eeee0a8e3e3b.OPERATION#flowable-async-job-executor-thread-114506#
Step "Create" finished#
#2026 09 18 11:18:06.210#Z#DEBUG#9d22f57d-b352-11f1-9456-eeee0a8e3e3b.OPERATION#flowable-async-job-executor-thread-114507#
[CreateServiceStep] Service "Bookshop-destination" created#
#2026 09 18 11:18:06.210#Z#DEBUG#9d22f57d-b352-11f1-9456-eeee0a8e3e3b.OPERATION#flowable-async-job-executor-thread-114507#
[CreateServiceStep] Triggered service operations: {
  "Bookshop-destination" : "CREATE"
}#
#2026 09 18 11:18:06.211#Z#DEBUG#9d22f57d-b352-11f1-9456-eeee0a8e3e3b.OPERATION#flowable-async-job-executor-thread-114507#
Step "Create" finished#
#2026 09 18 11:18:06.109#Z#DEBUG#9d22f57d-b352-11f1-9456-eeee0a8e3e3b.OPERATION#flowable-async-job-executor-thread-112190#
[CheckServiceOperationStateStep] Executing task "CheckServiceOperationStateTask" of process "9eefed08-b352-11f1-abdf-eeee0a9f4ca8"...#
#2026 09 18 11:18:06.233#Z#DEBUG#9d22f57d-b352-11f1-9456-eeee0a8e3e3b.OPERATION#flowable-async-job-executor-thread-112190#
[CheckServiceOperationStateStep] Getting service instance "Bookshop-auth"...#
#2026 09 18 11:18:06.290#Z#DEBUG#9d22f57d-b352-11f1-9456-eeee0a8e3e3b.OPERATION#flowable-async-job-executor-thread-112190#
Step "Check for service operations in Progress" finished#
#2026 09 18 11:18:06.328#Z#DEBUG#9d22f57d-b352-11f1-9456-eeee0a8e3e3b.OPERATION#flowable-async-job-executor-thread-112191#
[DetermineServiceCreateUpdateServiceActionsStep] Executing task "DetermineServiceCreateUpdateActionsTask" of process "9eefed08-b352-11f1-abdf-eeee0a9f4ca8"...#
#2026 09 18 11:18:06.329#Z#INFO#9d22f57d-b352-11f1-9456-eeee0a8e3e3b.OPERATION#flowable-async-job-executor-thread-112191#
[DetermineServiceCreateUpdateServiceActionsStep] Processing service "Bookshop-auth"...#
#2026 09 18 11:18:06.338#Z#DEBUG#9d22f57d-b352-11f1-9456-eeee0a8e3e3b.OPERATION#flowable-async-job-executor-thread-112191#
[DetermineServiceCreateUpdateServiceActionsStep] Getting service instance "Bookshop-auth"...#
#2026 09 18 11:18:06.372#Z#INFO#9d22f57d-b352-11f1-9456-eeee0a8e3e3b.OPERATION#flowable-async-job-executor-thread-112191#
[DetermineServiceCreateUpdateServiceActionsStep] Setting service "Bookshop-auth" parameters from "xs-security.json"#
#2026 09 18 11:18:06.420#Z#DEBUG#9d22f57d-b352-11f1-9456-eeee0a8e3e3b.OPERATION#flowable-async-job-executor-thread-112191#
[DetermineServiceCreateUpdateServiceActionsStep] Service should be created#
#2026 09 18 11:18:06.422#Z#DEBUG#9d22f57d-b352-11f1-9456-eeee0a8e3e3b.OPERATION#flowable-async-job-executor-thread-112191#
Step "Determine update actions" finished#
#2026 09 18 11:18:06.271#Z#DEBUG#9d22f57d-b352-11f1-9456-eeee0a8e3e3b.OPERATION#flowable-async-job-executor-thread-38530#
[CreateServiceStep] Executing task "CreateServiceTask" of process "9eded627-b352-11f1-b4c5-eeee0a81da41"...#
#2026 09 18 11:18:06.276#Z#INFO#9d22f57d-b352-11f1-9456-eeee0a8e3e3b.OPERATION#flowable-async-job-executor-thread-38530#
[CreateServiceStep] Creating service "Bookshop-html5-repo-host" from MTA resource "Bookshop-html5-repo-host"...#
#2026 09 18 11:18:06.291#Z#DEBUG#9d22f57d-b352-11f1-9456-eeee0a8e3e3b.OPERATION#flowable-async-job-executor-thread-38530#
[CreateServiceStep] Creating service instance: {
  "isOptional" : false,
  "isManaged" : true,
  "name" : "Bookshop-html5-repo-host",
  "v3Metadata" : {
    "annotations" : {
      "mta_id" : "Bookshop",
      "mta_version" : "1.0.0",
      "mta_resource" : "{\"name\":\"Bookshop-html5-repo-host\"}"
    },
    "labels" : {
      "mta_id" : "8fe2a7853d4e8f05d01b533df373929c"
    }
  },
  "label" : "html5-apps-repo",
  "plan" : "app-host",
  "credentials" : "********",
  "tags" : [ ],
  "type" : "managed",
  "resourceName" : "Bookshop-html5-repo-host",
  "shouldSkipParametersUpdate" : false,
  "shouldSkipPlanUpdate" : false,
  "shouldSkipTagsUpdate" : false,
  "shouldSkipSyslogUrlUpdate" : false
}#
#2026 09 18 11:18:06.515#Z#DEBUG#9d22f57d-b352-11f1-9456-eeee0a8e3e3b.OPERATION#flowable-async-job-executor-thread-38530#
[CreateServiceStep] Service "Bookshop-html5-repo-host" created#
#2026 09 18 11:18:06.515#Z#DEBUG#9d22f57d-b352-11f1-9456-eeee0a8e3e3b.OPERATION#flowable-async-job-executor-thread-38530#
[CreateServiceStep] Triggered service operations: {
  "Bookshop-html5-repo-host" : "CREATE"
}#
#2026 09 18 11:18:06.517#Z#DEBUG#9d22f57d-b352-11f1-9456-eeee0a8e3e3b.OPERATION#flowable-async-job-executor-thread-38530#
Step "Create" finished#
#2026 09 18 11:18:06.470#Z#DEBUG#9d22f57d-b352-11f1-9456-eeee0a8e3e3b.OPERATION#flowable-async-job-executor-thread-112192#
[CreateServiceStep] Executing task "CreateServiceTask" of process "9eefed08-b352-11f1-abdf-eeee0a9f4ca8"...#
#2026 09 18 11:18:06.473#Z#INFO#9d22f57d-b352-11f1-9456-eeee0a8e3e3b.OPERATION#flowable-async-job-executor-thread-112192#
[CreateServiceStep] Creating service "Bookshop-auth" from MTA resource "Bookshop-auth"...#
#2026 09 18 11:18:06.484#Z#DEBUG#9d22f57d-b352-11f1-9456-eeee0a8e3e3b.OPERATION#flowable-async-job-executor-thread-112192#
[CreateServiceStep] Creating service instance: {
  "isOptional" : false,
  "isManaged" : true,
  "name" : "********",
  "v3Metadata" : {
    "annotations" : {
      "mta_id" : "Bookshop",
      "mta_version" : "1.0.0",
      "mta_resource" : "********"
    },
    "labels" : {
      "mta_id" : "8fe2a7853d4e8f05d01b533df373929c"
    }
  },
  "label" : "xsuaa",
  "plan" : "application",
  "credentials" : "********",
  "tags" : [ ],
  "type" : "managed",
  "resourceName" : "********",
  "shouldSkipParametersUpdate" : false,
  "shouldSkipPlanUpdate" : false,
  "shouldSkipTagsUpdate" : false,
  "shouldSkipSyslogUrlUpdate" : false
}#
#2026 09 18 11:18:06.783#Z#DEBUG#9d22f57d-b352-11f1-9456-eeee0a8e3e3b.OPERATION#flowable-async-job-executor-thread-112192#
[CreateServiceStep] Service "Bookshop-auth" created#
#2026 09 18 11:18:06.783#Z#DEBUG#9d22f57d-b352-11f1-9456-eeee0a8e3e3b.OPERATION#flowable-async-job-executor-thread-112192#
[CreateServiceStep] Triggered service operations: {
  "Bookshop-auth" : "CREATE"
}#
#2026 09 18 11:18:06.784#Z#DEBUG#9d22f57d-b352-11f1-9456-eeee0a8e3e3b.OPERATION#flowable-async-job-executor-thread-112192#
Step "Create" finished#
#2026 09 18 11:18:13.474#Z#DEBUG#9d22f57d-b352-11f1-9456-eeee0a8e3e3b.OPERATION#flowable-async-job-executor-thread-112200#
[CreateServiceStep] Executing task "CreateServiceTask" of process "9ec09fa8-b352-11f1-8083-eeee0a930ca8"...#
#2026 09 18 11:18:13.475#Z#DEBUG#9d22f57d-b352-11f1-9456-eeee0a8e3e3b.OPERATION#flowable-async-job-executor-thread-112200#
[CreateServiceStep] Polling service operations...#
#2026 09 18 11:18:13.478#Z#DEBUG#9d22f57d-b352-11f1-9456-eeee0a8e3e3b.OPERATION#flowable-async-job-executor-thread-112200#
[CreateServiceStep] Getting service instance "Bookshop-db"...#
#2026 09 18 11:18:13.483#Z#DEBUG#9d22f57d-b352-11f1-9456-eeee0a8e3e3b.OPERATION#flowable-async-job-executor-thread-112202#
[CreateServiceStep] Executing task "CreateServiceTask" of process "9ec90448-b352-11f1-8083-eeee0a930ca8"...#
#2026 09 18 11:18:13.484#Z#DEBUG#9d22f57d-b352-11f1-9456-eeee0a8e3e3b.OPERATION#flowable-async-job-executor-thread-112202#
[CreateServiceStep] Polling service operations...#
#2026 09 18 11:18:13.486#Z#DEBUG#9d22f57d-b352-11f1-9456-eeee0a8e3e3b.OPERATION#flowable-async-job-executor-thread-112202#
[CreateServiceStep] Getting service instance "Bookshop-destination"...#
#2026 09 18 11:18:13.500#Z#DEBUG#9d22f57d-b352-11f1-9456-eeee0a8e3e3b.OPERATION#flowable-async-job-executor-thread-112206#
[CreateServiceStep] Executing task "CreateServiceTask" of process "9e5e5bfa-b352-11f1-9456-eeee0a8e3e3b"...#
#2026 09 18 11:18:13.500#Z#DEBUG#9d22f57d-b352-11f1-9456-eeee0a8e3e3b.OPERATION#flowable-async-job-executor-thread-112206#
[CreateServiceStep] Polling service operations...#
#2026 09 18 11:18:13.502#Z#DEBUG#9d22f57d-b352-11f1-9456-eeee0a8e3e3b.OPERATION#flowable-async-job-executor-thread-112206#
[CreateServiceStep] Getting service instance "Bookshop-ias"...#
#2026 09 18 11:18:13.513#Z#DEBUG#9d22f57d-b352-11f1-9456-eeee0a8e3e3b.OPERATION#flowable-async-job-executor-thread-112208#
[CreateServiceStep] Executing task "CreateServiceTask" of process "9eefed08-b352-11f1-abdf-eeee0a9f4ca8"...#
#2026 09 18 11:18:13.513#Z#DEBUG#9d22f57d-b352-11f1-9456-eeee0a8e3e3b.OPERATION#flowable-async-job-executor-thread-112208#
[CreateServiceStep] Polling service operations...#
#2026 09 18 11:18:13.515#Z#DEBUG#9d22f57d-b352-11f1-9456-eeee0a8e3e3b.OPERATION#flowable-async-job-executor-thread-112208#
[CreateServiceStep] Getting service instance "Bookshop-auth"...#
#2026 09 18 11:18:13.541#Z#DEBUG#9d22f57d-b352-11f1-9456-eeee0a8e3e3b.OPERATION#flowable-async-job-executor-thread-112212#
[CreateServiceStep] Executing task "CreateServiceTask" of process "9eded627-b352-11f1-b4c5-eeee0a81da41"...#
#2026 09 18 11:18:13.541#Z#DEBUG#9d22f57d-b352-11f1-9456-eeee0a8e3e3b.OPERATION#flowable-async-job-executor-thread-112212#
[CreateServiceStep] Polling service operations...#
#2026 09 18 11:18:13.543#Z#DEBUG#9d22f57d-b352-11f1-9456-eeee0a8e3e3b.OPERATION#flowable-async-job-executor-thread-112212#
[CreateServiceStep] Getting service instance "Bookshop-html5-repo-host"...#
#2026 09 18 11:18:13.612#Z#DEBUG#9d22f57d-b352-11f1-9456-eeee0a8e3e3b.OPERATION#flowable-async-job-executor-thread-112200#
[CreateServiceStep] Last operation for service "Bookshop-db": {
  "type" : "CREATE",
  "state" : "SUCCEEDED"
}#
#2026 09 18 11:18:13.612#Z#DEBUG#9d22f57d-b352-11f1-9456-eeee0a8e3e3b.OPERATION#flowable-async-job-executor-thread-112200#
[CreateServiceStep] Service "Bookshop-db" created#
#2026 09 18 11:18:13.612#Z#INFO#9d22f57d-b352-11f1-9456-eeee0a8e3e3b.OPERATION#flowable-async-job-executor-thread-112200#
[CreateServiceStep] 1 of 1 done#
#2026 09 18 11:18:13.621#Z#DEBUG#9d22f57d-b352-11f1-9456-eeee0a8e3e3b.OPERATION#flowable-async-job-executor-thread-112200#
[CreateServiceStep] Remaining services to poll: [ ]#
#2026 09 18 11:18:13.624#Z#DEBUG#9d22f57d-b352-11f1-9456-eeee0a8e3e3b.OPERATION#flowable-async-job-executor-thread-112200#
Step "Create" finished#
#2026 09 18 11:18:13.636#Z#DEBUG#9d22f57d-b352-11f1-9456-eeee0a8e3e3b.OPERATION#flowable-async-job-executor-thread-112202#
[CreateServiceStep] Last operation for service "Bookshop-destination": {
  "type" : "CREATE",
  "description" : "",
  "state" : "SUCCEEDED"
}#
#2026 09 18 11:18:13.636#Z#DEBUG#9d22f57d-b352-11f1-9456-eeee0a8e3e3b.OPERATION#flowable-async-job-executor-thread-112202#
[CreateServiceStep] Service "Bookshop-destination" created#
#2026 09 18 11:18:13.636#Z#INFO#9d22f57d-b352-11f1-9456-eeee0a8e3e3b.OPERATION#flowable-async-job-executor-thread-112202#
[CreateServiceStep] 1 of 1 done#
#2026 09 18 11:18:13.650#Z#DEBUG#9d22f57d-b352-11f1-9456-eeee0a8e3e3b.OPERATION#flowable-async-job-executor-thread-112202#
[CreateServiceStep] Remaining services to poll: [ ]#
#2026 09 18 11:18:13.651#Z#DEBUG#9d22f57d-b352-11f1-9456-eeee0a8e3e3b.OPERATION#flowable-async-job-executor-thread-112202#
Step "Create" finished#
#2026 09 18 11:18:13.653#Z#DEBUG#9d22f57d-b352-11f1-9456-eeee0a8e3e3b.OPERATION#flowable-async-job-executor-thread-112208#
[CreateServiceStep] Last operation for service "Bookshop-auth": {
  "type" : "CREATE",
  "description" : "",
  "state" : "SUCCEEDED"
}#
#2026 09 18 11:18:13.653#Z#DEBUG#9d22f57d-b352-11f1-9456-eeee0a8e3e3b.OPERATION#flowable-async-job-executor-thread-112208#
[CreateServiceStep] Service "Bookshop-auth" created#
#2026 09 18 11:18:13.653#Z#INFO#9d22f57d-b352-11f1-9456-eeee0a8e3e3b.OPERATION#flowable-async-job-executor-thread-112208#
[CreateServiceStep] 1 of 1 done#
#2026 09 18 11:18:13.662#Z#DEBUG#9d22f57d-b352-11f1-9456-eeee0a8e3e3b.OPERATION#flowable-async-job-executor-thread-112208#
[CreateServiceStep] Remaining services to poll: [ ]#
#2026 09 18 11:18:13.663#Z#DEBUG#9d22f57d-b352-11f1-9456-eeee0a8e3e3b.OPERATION#flowable-async-job-executor-thread-112208#
Step "Create" finished#
#2026 09 18 11:18:13.664#Z#DEBUG#9d22f57d-b352-11f1-9456-eeee0a8e3e3b.OPERATION#flowable-async-job-executor-thread-112206#
[CreateServiceStep] Last operation for service "Bookshop-ias": {
  "type" : "CREATE",
  "state" : "SUCCEEDED"
}#
#2026 09 18 11:18:13.664#Z#DEBUG#9d22f57d-b352-11f1-9456-eeee0a8e3e3b.OPERATION#flowable-async-job-executor-thread-112206#
[CreateServiceStep] Service "Bookshop-ias" created#
#2026 09 18 11:18:13.664#Z#INFO#9d22f57d-b352-11f1-9456-eeee0a8e3e3b.OPERATION#flowable-async-job-executor-thread-112206#
[CreateServiceStep] 1 of 1 done#
#2026 09 18 11:18:13.667#Z#DEBUG#9d22f57d-b352-11f1-9456-eeee0a8e3e3b.OPERATION#flowable-async-job-executor-thread-112212#
[CreateServiceStep] Last operation for service "Bookshop-html5-repo-host": {
  "type" : "CREATE",
  "description" : "",
  "state" : "SUCCEEDED"
}#
#2026 09 18 11:18:13.667#Z#DEBUG#9d22f57d-b352-11f1-9456-eeee0a8e3e3b.OPERATION#flowable-async-job-executor-thread-112212#
[CreateServiceStep] Service "Bookshop-html5-repo-host" created#
#2026 09 18 11:18:13.667#Z#INFO#9d22f57d-b352-11f1-9456-eeee0a8e3e3b.OPERATION#flowable-async-job-executor-thread-112212#
[CreateServiceStep] 1 of 1 done#
#2026 09 18 11:18:13.672#Z#DEBUG#9d22f57d-b352-11f1-9456-eeee0a8e3e3b.OPERATION#flowable-async-job-executor-thread-112206#
[CreateServiceStep] Remaining services to poll: [ ]#
#2026 09 18 11:18:13.673#Z#DEBUG#9d22f57d-b352-11f1-9456-eeee0a8e3e3b.OPERATION#flowable-async-job-executor-thread-112206#
Step "Create" finished#
#2026 09 18 11:18:13.681#Z#DEBUG#9d22f57d-b352-11f1-9456-eeee0a8e3e3b.OPERATION#flowable-async-job-executor-thread-112212#
[CreateServiceStep] Remaining services to poll: [ ]#
#2026 09 18 11:18:13.682#Z#DEBUG#9d22f57d-b352-11f1-9456-eeee0a8e3e3b.OPERATION#flowable-async-job-executor-thread-112212#
Step "Create" finished#
#2026 09 18 11:18:15.613#Z#DEBUG#9d22f57d-b352-11f1-9456-eeee0a8e3e3b.OPERATION#flowable-async-job-executor-thread-34809#
[PrepareModulesDeploymentStep] Executing task "prepareModulesDeploymentTask" of process "a4925741-b352-11f1-b020-eeee0a8dee89"...#
#2026 09 18 11:18:15.615#Z#DEBUG#9d22f57d-b352-11f1-9456-eeee0a8e3e3b.OPERATION#flowable-async-job-executor-thread-34809#
[PrepareModulesDeploymentStep] Preparing modules deployment...#
#2026 09 18 11:18:15.627#Z#DEBUG#9d22f57d-b352-11f1-9456-eeee0a8e3e3b.OPERATION#flowable-async-job-executor-thread-34809#
Step "Prepare Modules Deployment" finished#
#2026 09 18 11:18:15.711#Z#DEBUG#9d22f57d-b352-11f1-9456-eeee0a8e3e3b.OPERATION#flowable-async-job-executor-thread-34812#
[ComputeNextModulesStep] Executing task "computeNextModulesToDeployInParallel" of process "a4925741-b352-11f1-b020-eeee0a8dee89"...#
#2026 09 18 11:18:15.713#Z#DEBUG#9d22f57d-b352-11f1-9456-eeee0a8e3e3b.OPERATION#flowable-async-job-executor-thread-34812#
[ComputeNextModulesStep] Computing modules for next parallel iteration...#
#2026 09 18 11:18:15.720#Z#DEBUG#9d22f57d-b352-11f1-9456-eeee0a8e3e3b.OPERATION#flowable-async-job-executor-thread-34812#
[ComputeNextModulesStep] Completed modules detected: []#
#2026 09 18 11:18:15.720#Z#DEBUG#9d22f57d-b352-11f1-9456-eeee0a8e3e3b.OPERATION#flowable-async-job-executor-thread-34812#
[ComputeNextModulesStep] All modules for deploy detected: [Bookshop-db-deployer, Bookshop-destinations, Bookshop-srv, Bookshop-app-deployer]#
#2026 09 18 11:18:15.720#Z#DEBUG#9d22f57d-b352-11f1-9456-eeee0a8e3e3b.OPERATION#flowable-async-job-executor-thread-34812#
[ComputeNextModulesStep] Modules not for deploy detected: []#
#2026 09 18 11:18:15.721#Z#DEBUG#9d22f57d-b352-11f1-9456-eeee0a8e3e3b.OPERATION#flowable-async-job-executor-thread-34812#
[ComputeNextModulesStep] Computed modules for next parallel iteration: [ {
  "majorSchemaVersion" : 3,
  "name" : "Bookshop-srv",
  "type" : "javascript.nodejs",
  "path" : "Bookshop-srv",
  "properties" : { },
  "parameters" : {
    "app-name" : "Bookshop-srv",
    "buildpack" : "nodejs_buildpack",
    "default-app-name" : "Bookshop-srv",
    "default-host" : "coe-emea-hana-platform-dev-bookshop-srv",
    "default-instances" : 1,
    "default-live-app-name" : "Bookshop-srv",
    "default-live-domain" : "cfapps.eu20.hana.ondemand.com",
    "default-live-host" : "coe-emea-hana-platform-dev-bookshop-srv",
    "default-live-uri" : "coe-emea-hana-platform-dev-bookshop-srv.cfapps.eu20.hana.ondemand.com",
    "default-live-url" : "https://coe-emea-hana-platform-dev-bookshop-srv.cfapps.eu20.hana.ondemand.com",
    "default-uri" : "coe-emea-hana-platform-dev-bookshop-srv.cfapps.eu20.hana.ondemand.com",
    "default-url" : "https://coe-emea-hana-platform-dev-bookshop-srv.cfapps.eu20.hana.ondemand.com",
    "dependency-type" : "soft",
    "domain" : "cfapps.eu20.hana.ondemand.com",
    "generated-password" : "********",
    "generated-user" : "********",
    "host" : "coe-emea-hana-platform-dev-bookshop-srv",
    "instances" : 1,
    "protocol" : "https",
    "routes" : [ {
      "route" : "https://coe-emea-hana-platform-dev-bookshop-srv.cfapps.eu20.hana.ondemand.com"
    }, {
      "route" : "coe-emea-hana-platform-dev-bookshop-srv.cert.cfapps.eu20.hana.ondemand.com"
    } ]
  },
  "requiredDependencies" : [ {
    "majorSchemaVersion" : 3,
    "name" : "Bookshop-ias",
    "properties" : { },
    "parameters" : {
      "config" : {
        "app-identifier" : "srv",
        "credential-type" : "********"
      }
    },
    "propertiesMetadata" : {
      "metadata" : { }
    },
    "parametersMetadata" : {
      "metadata" : { }
    }
  }, {
    "majorSchemaVersion" : 3,
    "name" : "Bookshop-db",
    "properties" : { },
    "parameters" : { },
    "propertiesMetadata" : {
      "metadata" : { }
    },
    "parametersMetadata" : {
      "metadata" : { }
    }
  }, {
    "majorSchemaVersion" : 3,
    "name" : "Bookshop-destination",
    "properties" : { },
    "parameters" : { },
    "propertiesMetadata" : {
      "metadata" : { }
    },
    "parametersMetadata" : {
      "metadata" : { }
    }
  }, {
    "majorSchemaVersion" : 3,
    "name" : "********",
    "properties" : { },
    "parameters" : { },
    "propertiesMetadata" : {
      "metadata" : { }
    },
    "parametersMetadata" : {
      "metadata" : { }
    }
  } ],
  "providedDependencies" : [ {
    "majorSchemaVersion" : 3,
    "name" : "srv-api",
    "isPublic" : false,
    "properties" : {
      "srv-cert-url" : "https://coe-emea-hana-platform-dev-bookshop-srv.cert.cfapps.eu20.hana.ondemand.com",
      "srv-url" : "https://coe-emea-hana-platform-dev-bookshop-srv.cfapps.eu20.hana.ondemand.com"
    },
    "parameters" : { },
    "propertiesMetadata" : {
      "metadata" : { }
    },
    "parametersMetadata" : {
      "metadata" : { }
    }
  }, {
    "majorSchemaVersion" : 3,
    "name" : "Bookshop-srv",
    "isPublic" : false,
    "properties" : { },
    "parameters" : { },
    "propertiesMetadata" : {
      "metadata" : { }
    },
    "parametersMetadata" : {
      "metadata" : { }
    }
  } ],
  "propertiesMetadata" : {
    "metadata" : { }
  },
  "parametersMetadata" : {
    "metadata" : { }
  },
  "deployedAfter" : [ ],
  "hooks" : [ ]
}, {
  "majorSchemaVersion" : 3,
  "name" : "Bookshop-db-deployer",
  "type" : "com.sap.xs.hdi",
  "path" : "Bookshop-db-deployer",
  "properties" : {
    "EXIT" : 1
  },
  "parameters" : {
    "app-name" : "Bookshop-db-deployer",
    "buildpack" : "nodejs_buildpack",
    "default-app-name" : "Bookshop-db-deployer",
    "default-host" : "coe-emea-hana-platform-dev-bookshop-db-deployer",
    "default-instances" : 1,
    "default-live-app-name" : "Bookshop-db-deployer",
    "default-live-domain" : "cfapps.eu20.hana.ondemand.com",
    "default-live-host" : "coe-emea-hana-platform-dev-bookshop-db-deployer",
    "default-live-uri" : "coe-emea-hana-platform-dev-bookshop-db-deployer.cfapps.eu20.hana.ondemand.com",
    "default-live-url" : "https://coe-emea-hana-platform-dev-bookshop-db-deployer.cfapps.eu20.hana.ondemand.com",
    "default-uri" : "coe-emea-hana-platform-dev-bookshop-db-deployer.cfapps.eu20.hana.ondemand.com",
    "default-url" : "https://coe-emea-hana-platform-dev-bookshop-db-deployer.cfapps.eu20.hana.ondemand.com",
    "dependency-type" : "hard",
    "domain" : "cfapps.eu20.hana.ondemand.com",
    "generated-password" : "********",
    "generated-user" : "********",
    "host" : "coe-emea-hana-platform-dev-bookshop-db-deployer",
    "instances" : 1,
    "memory" : "256M",
    "no-route" : true,
    "no-start" : true,
    "protocol" : "https",
    "tasks" : [ {
      "command" : "npm start",
      "memory" : "256M",
      "name" : "deploy"
    } ]
  },
  "requiredDependencies" : [ {
    "majorSchemaVersion" : 3,
    "name" : "Bookshop-db",
    "properties" : { },
    "parameters" : { },
    "propertiesMetadata" : {
      "metadata" : { }
    },
    "parametersMetadata" : {
      "metadata" : { }
    }
  } ],
  "providedDependencies" : [ {
    "majorSchemaVersion" : 3,
    "name" : "Bookshop-db-deployer",
    "isPublic" : false,
    "properties" : { },
    "parameters" : { },
    "propertiesMetadata" : {
      "metadata" : { }
    },
    "parametersMetadata" : {
      "metadata" : { }
    }
  } ],
  "propertiesMetadata" : {
    "metadata" : { }
  },
  "parametersMetadata" : {
    "metadata" : { }
  },
  "deployedAfter" : [ ],
  "hooks" : [ ]
}, {
  "majorSchemaVersion" : 3,
  "name" : "Bookshop-app-deployer",
  "type" : "com.sap.application.content",
  "path" : "Bookshop-app-deployer",
  "properties" : { },
  "parameters" : {
    "app-name" : "Bookshop-app-deployer",
    "config" : {
      "destinations" : [ {
        "Authentication" : "********",
        "DynamicDestination" : true,
        "ForwardAuthToken" : "********",
        "IASDependencyName" : "Bookshop-ias-api",
        "Name" : "srv-api",
        "ProxyType" : "Internet",
        "Type" : "HTTP",
        "URL" : "https://coe-emea-hana-platform-dev-bookshop-srv.cfapps.eu20.hana.ondemand.com"
      } ]
    },
    "default-app-name" : "Bookshop-app-deployer",
    "default-host" : "coe-emea-hana-platform-dev-bookshop-app-deployer",
    "default-instances" : 1,
    "default-live-app-name" : "Bookshop-app-deployer",
    "default-live-domain" : "cfapps.eu20.hana.ondemand.com",
    "default-live-host" : "coe-emea-hana-platform-dev-bookshop-app-deployer",
    "default-live-uri" : "coe-emea-hana-platform-dev-bookshop-app-deployer.cfapps.eu20.hana.ondemand.com",
    "default-live-url" : "https://coe-emea-hana-platform-dev-bookshop-app-deployer.cfapps.eu20.hana.ondemand.com",
    "default-uri" : "coe-emea-hana-platform-dev-bookshop-app-deployer.cfapps.eu20.hana.ondemand.com",
    "default-url" : "https://coe-emea-hana-platform-dev-bookshop-app-deployer.cfapps.eu20.hana.ondemand.com",
    "dependency-type" : "soft",
    "domain" : "cfapps.eu20.hana.ondemand.com",
    "generated-password" : "********",
    "generated-user" : "********",
    "host" : "coe-emea-hana-platform-dev-bookshop-app-deployer",
    "instances" : 1,
    "protocol" : "https"
  },
  "requiredDependencies" : [ {
    "majorSchemaVersion" : 3,
    "name" : "srv-api",
    "properties" : { },
    "parameters" : { },
    "propertiesMetadata" : {
      "metadata" : { }
    },
    "parametersMetadata" : {
      "metadata" : { }
    }
  }, {
    "majorSchemaVersion" : 3,
    "name" : "Bookshop-html5-repo-host",
    "properties" : { },
    "parameters" : {
      "config" : {
        "HTML5Runtime_enabled" : true,
        "IASDependencyName" : "Bookshop-ias-api"
      },
      "content-target" : true
    },
    "propertiesMetadata" : {
      "metadata" : { }
    },
    "parametersMetadata" : {
      "metadata" : { }
    }
  }, {
    "majorSchemaVersion" : 3,
    "name" : "********",
    "properties" : { },
    "parameters" : { },
    "propertiesMetadata" : {
      "metadata" : { }
    },
    "parametersMetadata" : {
      "metadata" : { }
    }
  } ],
  "providedDependencies" : [ {
    "majorSchemaVersion" : 3,
    "name" : "Bookshop-app-deployer",
    "isPublic" : false,
    "properties" : { },
    "parameters" : { },
    "propertiesMetadata" : {
      "metadata" : { }
    },
    "parametersMetadata" : {
      "metadata" : { }
    }
  } ],
  "propertiesMetadata" : {
    "metadata" : { }
  },
  "parametersMetadata" : {
    "metadata" : { }
  },
  "deployedAfter" : [ ],
  "hooks" : [ ]
}, {
  "majorSchemaVersion" : 3,
  "name" : "Bookshop-destinations",
  "type" : "com.sap.application.content",
  "properties" : { },
  "parameters" : {
    "app-name" : "Bookshop-destinations",
    "content" : {
      "instance" : {
        "destinations" : [ {
          "Name" : "Bookshop-html5-repository",
          "ServiceInstanceName" : "Bookshop-html5-repo-host",
          "ServiceKeyName" : "********",
          "sap.cloud.service" : "Bookshop.service"
        }, {
          "Authentication" : "********",
          "Name" : "********",
          "ServiceInstanceName" : "********",
          "ServiceKeyName" : "********",
          "sap.cloud.service" : "Bookshop.service"
        } ],
        "existing_destinations_policy" : "update"
      }
    },
    "default-app-name" : "Bookshop-destinations",
    "default-host" : "coe-emea-hana-platform-dev-bookshop-destinations",
    "default-instances" : 1,
    "default-live-app-name" : "Bookshop-destinations",
    "default-live-domain" : "cfapps.eu20.hana.ondemand.com",
    "default-live-host" : "coe-emea-hana-platform-dev-bookshop-destinations",
    "default-live-uri" : "coe-emea-hana-platform-dev-bookshop-destinations.cfapps.eu20.hana.ondemand.com",
    "default-live-url" : "https://coe-emea-hana-platform-dev-bookshop-destinations.cfapps.eu20.hana.ondemand.com",
    "default-uri" : "coe-emea-hana-platform-dev-bookshop-destinations.cfapps.eu20.hana.ondemand.com",
    "default-url" : "https://coe-emea-hana-platform-dev-bookshop-destinations.cfapps.eu20.hana.ondemand.com",
    "dependency-type" : "soft",
    "domain" : "cfapps.eu20.hana.ondemand.com",
    "generated-password" : "********",
    "generated-user" : "********",
    "host" : "coe-emea-hana-platform-dev-bookshop-destinations",
    "instances" : 1,
    "protocol" : "https"
  },
  "requiredDependencies" : [ {
    "majorSchemaVersion" : 3,
    "name" : "Bookshop-html5-repo-host",
    "properties" : { },
    "parameters" : {
      "service-key" : "********"
    },
    "propertiesMetadata" : {
      "metadata" : { }
    },
    "parametersMetadata" : {
      "metadata" : { }
    }
  }, {
    "majorSchemaVersion" : 3,
    "name" : "srv-api",
    "properties" : { },
    "parameters" : { },
    "propertiesMetadata" : {
      "metadata" : { }
    },
    "parametersMetadata" : {
      "metadata" : { }
    }
  }, {
    "majorSchemaVersion" : 3,
    "name" : "Bookshop-destination",
    "properties" : { },
    "parameters" : {
      "content-target" : true
    },
    "propertiesMetadata" : {
      "metadata" : { }
    },
    "parametersMetadata" : {
      "metadata" : { }
    }
  }, {
    "majorSchemaVersion" : 3,
    "name" : "********",
    "properties" : { },
    "parameters" : {
      "service-key" : "********"
    },
    "propertiesMetadata" : {
      "metadata" : { }
    },
    "parametersMetadata" : {
      "metadata" : { }
    }
  } ],
  "providedDependencies" : [ {
    "majorSchemaVersion" : 3,
    "name" : "Bookshop-destinations",
    "isPublic" : false,
    "properties" : { },
    "parameters" : { },
    "propertiesMetadata" : {
      "metadata" : { }
    },
    "parametersMetadata" : {
      "metadata" : { }
    }
  } ],
  "propertiesMetadata" : {
    "metadata" : { }
  },
  "parametersMetadata" : {
    "metadata" : { }
  },
  "deployedAfter" : [ ],
  "hooks" : [ ]
} ]#
#2026 09 18 11:18:15.721#Z#DEBUG#9d22f57d-b352-11f1-9456-eeee0a8e3e3b.OPERATION#flowable-async-job-executor-thread-34812#
Step "Compute Next Modules To Deploy" finished#
#2026 09 18 11:18:16.040#Z#DEBUG#9d22f57d-b352-11f1-9456-eeee0a8e3e3b.OPERATION#flowable-async-job-executor-thread-34819#
[ProcessDescriptorStep] Executing task "reprocessDescriptorTask" of process "a4caa53c-b352-11f1-b020-eeee0a8dee89"...#
#2026 09 18 11:18:16.042#Z#DEBUG#9d22f57d-b352-11f1-9456-eeee0a8e3e3b.OPERATION#flowable-async-job-executor-thread-34819#
[ProcessDescriptorStep] Resolving properties and parameters in merged descriptor...#
#2026 09 18 11:18:16.051#Z#DEBUG#9d22f57d-b352-11f1-9456-eeee0a8e3e3b.OPERATION#flowable-async-job-executor-thread-34819#
[ProcessDescriptorStep] Subscriptions: [ ]#
#2026 09 18 11:18:16.064#Z#DEBUG#9d22f57d-b352-11f1-9456-eeee0a8e3e3b.OPERATION#flowable-async-job-executor-thread-34819#
[ProcessDescriptorStep] MTA modules: [Bookshop-db-deployer, Bookshop-destinations, Bookshop-srv, Bookshop-app-deployer]#
#2026 09 18 11:18:16.072#Z#DEBUG#9d22f57d-b352-11f1-9456-eeee0a8e3e3b.OPERATION#flowable-async-job-executor-thread-34819#
[ProcessDescriptorStep] Resolved deployment descriptor: {
  "majorSchemaVersion" : 3,
  "schemaVersion" : "3.3.0",
  "id" : "Bookshop",
  "version" : "1.0.0",
  "modules" : [ {
    "majorSchemaVersion" : 3,
    "name" : "Bookshop-srv",
    "type" : "javascript.nodejs",
    "path" : "Bookshop-srv",
    "properties" : { },
    "parameters" : {
      "default-url" : "https://coe-emea-hana-platform-dev-bookshop-srv.cfapps.eu20.hana.ondemand.com",
      "default-app-name" : "Bookshop-srv",
      "generated-password" : "********",
      "default-live-url" : "https://coe-emea-hana-platform-dev-bookshop-srv.cfapps.eu20.hana.ondemand.com",
      "default-uri" : "coe-emea-hana-platform-dev-bookshop-srv.cfapps.eu20.hana.ondemand.com",
      "default-instances" : 1,
      "default-live-host" : "coe-emea-hana-platform-dev-bookshop-srv",
      "instances" : 1,
      "buildpack" : "nodejs_buildpack",
      "default-host" : "coe-emea-hana-platform-dev-bookshop-srv",
      "app-name" : "Bookshop-srv",
      "default-live-uri" : "coe-emea-hana-platform-dev-bookshop-srv.cfapps.eu20.hana.ondemand.com",
      "routes" : [ {
        "route" : "https://coe-emea-hana-platform-dev-bookshop-srv.cfapps.eu20.hana.ondemand.com"
      }, {
        "route" : "coe-emea-hana-platform-dev-bookshop-srv.cert.cfapps.eu20.hana.ondemand.com"
      } ],
      "protocol" : "https",
      "default-live-app-name" : "Bookshop-srv",
      "default-live-domain" : "cfapps.eu20.hana.ondemand.com",
      "domain" : "cfapps.eu20.hana.ondemand.com",
      "host" : "coe-emea-hana-platform-dev-bookshop-srv",
      "generated-user" : "********"
    },
    "requiredDependencies" : [ {
      "majorSchemaVersion" : 3,
      "name" : "Bookshop-ias",
      "properties" : { },
      "parameters" : {
        "config" : {
          "app-identifier" : "srv",
          "credential-type" : "********"
        }
      },
      "propertiesMetadata" : {
        "metadata" : { }
      },
      "parametersMetadata" : {
        "metadata" : { }
      }
    }, {
      "majorSchemaVersion" : 3,
      "name" : "Bookshop-db",
      "properties" : { },
      "parameters" : { },
      "propertiesMetadata" : {
        "metadata" : { }
      },
      "parametersMetadata" : {
        "metadata" : { }
      }
    }, {
      "majorSchemaVersion" : 3,
      "name" : "Bookshop-destination",
      "properties" : { },
      "parameters" : { },
      "propertiesMetadata" : {
        "metadata" : { }
      },
      "parametersMetadata" : {
        "metadata" : { }
      }
    }, {
      "majorSchemaVersion" : 3,
      "name" : "********",
      "properties" : { },
      "parameters" : { },
      "propertiesMetadata" : {
        "metadata" : { }
      },
      "parametersMetadata" : {
        "metadata" : { }
      }
    } ],
    "providedDependencies" : [ {
      "majorSchemaVersion" : 3,
      "name" : "srv-api",
      "isPublic" : false,
      "properties" : {
        "srv-cert-url" : "https://coe-emea-hana-platform-dev-bookshop-srv.cert.cfapps.eu20.hana.ondemand.com",
        "srv-url" : "https://coe-emea-hana-platform-dev-bookshop-srv.cfapps.eu20.hana.ondemand.com"
      },
      "parameters" : { },
      "propertiesMetadata" : {
        "metadata" : { }
      },
      "parametersMetadata" : {
        "metadata" : { }
      }
    }, {
      "majorSchemaVersion" : 3,
      "name" : "Bookshop-srv",
      "isPublic" : false,
      "properties" : { },
      "parameters" : { },
      "propertiesMetadata" : {
        "metadata" : { }
      },
      "parametersMetadata" : {
        "metadata" : { }
      }
    } ],
    "propertiesMetadata" : {
      "metadata" : { }
    },
    "parametersMetadata" : {
      "metadata" : { }
    },
    "hooks" : [ ]
  }, {
    "majorSchemaVersion" : 3,
    "name" : "Bookshop-db-deployer",
    "type" : "com.sap.xs.hdi",
    "path" : "Bookshop-db-deployer",
    "properties" : {
      "EXIT" : 1
    },
    "parameters" : {
      "default-url" : "https://coe-emea-hana-platform-dev-bookshop-db-deployer.cfapps.eu20.hana.ondemand.com",
      "default-app-name" : "Bookshop-db-deployer",
      "generated-password" : "********",
      "default-live-url" : "https://coe-emea-hana-platform-dev-bookshop-db-deployer.cfapps.eu20.hana.ondemand.com",
      "default-uri" : "coe-emea-hana-platform-dev-bookshop-db-deployer.cfapps.eu20.hana.ondemand.com",
      "memory" : "256M",
      "default-instances" : 1,
      "no-route" : true,
      "default-live-host" : "coe-emea-hana-platform-dev-bookshop-db-deployer",
      "instances" : 1,
      "buildpack" : "nodejs_buildpack",
      "default-host" : "coe-emea-hana-platform-dev-bookshop-db-deployer",
      "app-name" : "Bookshop-db-deployer",
      "default-live-uri" : "coe-emea-hana-platform-dev-bookshop-db-deployer.cfapps.eu20.hana.ondemand.com",
      "protocol" : "https",
      "default-live-app-name" : "Bookshop-db-deployer",
      "default-live-domain" : "cfapps.eu20.hana.ondemand.com",
      "dependency-type" : "hard",
      "domain" : "cfapps.eu20.hana.ondemand.com",
      "host" : "coe-emea-hana-platform-dev-bookshop-db-deployer",
      "generated-user" : "********",
      "tasks" : [ {
        "command" : "npm start",
        "memory" : "256M",
        "name" : "deploy"
      } ],
      "no-start" : true
    },
    "requiredDependencies" : [ {
      "majorSchemaVersion" : 3,
      "name" : "Bookshop-db",
      "properties" : { },
      "parameters" : { },
      "propertiesMetadata" : {
        "metadata" : { }
      },
      "parametersMetadata" : {
        "metadata" : { }
      }
    } ],
    "providedDependencies" : [ {
      "majorSchemaVersion" : 3,
      "name" : "Bookshop-db-deployer",
      "isPublic" : false,
      "properties" : { },
      "parameters" : { },
      "propertiesMetadata" : {
        "metadata" : { }
      },
      "parametersMetadata" : {
        "metadata" : { }
      }
    } ],
    "propertiesMetadata" : {
      "metadata" : { }
    },
    "parametersMetadata" : {
      "metadata" : { }
    },
    "hooks" : [ ]
  }, {
    "majorSchemaVersion" : 3,
    "name" : "Bookshop-app-deployer",
    "type" : "com.sap.application.content",
    "path" : "Bookshop-app-deployer",
    "properties" : { },
    "parameters" : {
      "default-url" : "https://coe-emea-hana-platform-dev-bookshop-app-deployer.cfapps.eu20.hana.ondemand.com",
      "default-app-name" : "Bookshop-app-deployer",
      "generated-password" : "********",
      "default-live-url" : "https://coe-emea-hana-platform-dev-bookshop-app-deployer.cfapps.eu20.hana.ondemand.com",
      "default-uri" : "coe-emea-hana-platform-dev-bookshop-app-deployer.cfapps.eu20.hana.ondemand.com",
      "default-instances" : 1,
      "default-live-host" : "coe-emea-hana-platform-dev-bookshop-app-deployer",
      "instances" : 1,
      "default-host" : "coe-emea-hana-platform-dev-bookshop-app-deployer",
      "app-name" : "Bookshop-app-deployer",
      "default-live-uri" : "coe-emea-hana-platform-dev-bookshop-app-deployer.cfapps.eu20.hana.ondemand.com",
      "protocol" : "https",
      "default-live-app-name" : "Bookshop-app-deployer",
      "default-live-domain" : "cfapps.eu20.hana.ondemand.com",
      "domain" : "cfapps.eu20.hana.ondemand.com",
      "host" : "coe-emea-hana-platform-dev-bookshop-app-deployer",
      "generated-user" : "********",
      "config" : {
        "destinations" : [ {
          "Authentication" : "********",
          "DynamicDestination" : true,
          "ForwardAuthToken" : "********",
          "IASDependencyName" : "Bookshop-ias-api",
          "Name" : "srv-api",
          "ProxyType" : "Internet",
          "Type" : "HTTP",
          "URL" : "https://coe-emea-hana-platform-dev-bookshop-srv.cfapps.eu20.hana.ondemand.com"
        } ]
      }
    },
    "requiredDependencies" : [ {
      "majorSchemaVersion" : 3,
      "name" : "srv-api",
      "properties" : { },
      "parameters" : { },
      "propertiesMetadata" : {
        "metadata" : { }
      },
      "parametersMetadata" : {
        "metadata" : { }
      }
    }, {
      "majorSchemaVersion" : 3,
      "name" : "Bookshop-html5-repo-host",
      "properties" : { },
      "parameters" : {
        "config" : {
          "HTML5Runtime_enabled" : true,
          "IASDependencyName" : "Bookshop-ias-api"
        },
        "content-target" : true
      },
      "propertiesMetadata" : {
        "metadata" : { }
      },
      "parametersMetadata" : {
        "metadata" : { }
      }
    }, {
      "majorSchemaVersion" : 3,
      "name" : "********",
      "properties" : { },
      "parameters" : { },
      "propertiesMetadata" : {
        "metadata" : { }
      },
      "parametersMetadata" : {
        "metadata" : { }
      }
    } ],
    "providedDependencies" : [ {
      "majorSchemaVersion" : 3,
      "name" : "Bookshop-app-deployer",
      "isPublic" : false,
      "properties" : { },
      "parameters" : { },
      "propertiesMetadata" : {
        "metadata" : { }
      },
      "parametersMetadata" : {
        "metadata" : { }
      }
    } ],
    "propertiesMetadata" : {
      "metadata" : { }
    },
    "parametersMetadata" : {
      "metadata" : { }
    },
    "hooks" : [ ]
  }, {
    "majorSchemaVersion" : 3,
    "name" : "Bookshop-destinations",
    "type" : "com.sap.application.content",
    "properties" : { },
    "parameters" : {
      "default-url" : "https://coe-emea-hana-platform-dev-bookshop-destinations.cfapps.eu20.hana.ondemand.com",
      "default-app-name" : "Bookshop-destinations",
      "generated-password" : "********",
      "default-live-url" : "https://coe-emea-hana-platform-dev-bookshop-destinations.cfapps.eu20.hana.ondemand.com",
      "default-uri" : "coe-emea-hana-platform-dev-bookshop-destinations.cfapps.eu20.hana.ondemand.com",
      "default-instances" : 1,
      "default-live-host" : "coe-emea-hana-platform-dev-bookshop-destinations",
      "instances" : 1,
      "default-host" : "coe-emea-hana-platform-dev-bookshop-destinations",
      "content" : {
        "instance" : {
          "destinations" : [ {
            "Name" : "Bookshop-html5-repository",
            "ServiceInstanceName" : "Bookshop-html5-repo-host",
            "ServiceKeyName" : "********",
            "sap.cloud.service" : "Bookshop.service"
          }, {
            "Authentication" : "********",
            "Name" : "********",
            "ServiceInstanceName" : "********",
            "ServiceKeyName" : "********",
            "sap.cloud.service" : "Bookshop.service"
          } ],
          "existing_destinations_policy" : "update"
        }
      },
      "app-name" : "Bookshop-destinations",
      "default-live-uri" : "coe-emea-hana-platform-dev-bookshop-destinations.cfapps.eu20.hana.ondemand.com",
      "protocol" : "https",
      "default-live-app-name" : "Bookshop-destinations",
      "default-live-domain" : "cfapps.eu20.hana.ondemand.com",
      "domain" : "cfapps.eu20.hana.ondemand.com",
      "host" : "coe-emea-hana-platform-dev-bookshop-destinations",
      "generated-user" : "********"
    },
    "requiredDependencies" : [ {
      "majorSchemaVersion" : 3,
      "name" : "Bookshop-html5-repo-host",
      "properties" : { },
      "parameters" : {
        "service-key" : "********"
      },
      "propertiesMetadata" : {
        "metadata" : { }
      },
      "parametersMetadata" : {
        "metadata" : { }
      }
    }, {
      "majorSchemaVersion" : 3,
      "name" : "srv-api",
      "properties" : { },
      "parameters" : { },
      "propertiesMetadata" : {
        "metadata" : { }
      },
      "parametersMetadata" : {
        "metadata" : { }
      }
    }, {
      "majorSchemaVersion" : 3,
      "name" : "Bookshop-destination",
      "properties" : { },
      "parameters" : {
        "content-target" : true
      },
      "propertiesMetadata" : {
        "metadata" : { }
      },
      "parametersMetadata" : {
        "metadata" : { }
      }
    }, {
      "majorSchemaVersion" : 3,
      "name" : "********",
      "properties" : { },
      "parameters" : {
        "service-key" : "********"
      },
      "propertiesMetadata" : {
        "metadata" : { }
      },
      "parametersMetadata" : {
        "metadata" : { }
      }
    } ],
    "providedDependencies" : [ {
      "majorSchemaVersion" : 3,
      "name" : "Bookshop-destinations",
      "isPublic" : false,
      "properties" : { },
      "parameters" : { },
      "propertiesMetadata" : {
        "metadata" : { }
      },
      "parametersMetadata" : {
        "metadata" : { }
      }
    } ],
    "propertiesMetadata" : {
      "metadata" : { }
    },
    "parametersMetadata" : {
      "metadata" : { }
    },
    "hooks" : [ ]
  } ],
  "resources" : [ {
    "majorSchemaVersion" : 3,
    "name" : "Bookshop-ias",
    "type" : "org.cloudfoundry.managed-service",
    "properties" : { },
    "parameters" : {
      "generated-password" : "********",
      "service-name" : "Bookshop-ias",
      "service-plan" : "application",
      "service" : "identity",
      "generated-user" : "********",
      "default-xsappname" : "Bookshop-ias",
      "type" : "managed-service",
      "config" : {
        "display-name" : "Bookshop",
        "oauth2-configuration" : "********",
        "provided-apis" : [ {
          "description" : "API exposed by the application",
          "name" : "Bookshop-ias-api"
        } ],
        "xsuaa-cross-consumption" : true
      },
      "default-service-name" : "Bookshop-ias",
      "default-container-name" : "COE_EMEA_HANA_PLATFORM_DEV_BOOKSHOP_IAS"
    },
    "isActive" : true,
    "isOptional" : false,
    "propertiesMetadata" : {
      "metadata" : { }
    },
    "parametersMetadata" : {
      "metadata" : { }
    },
    "requiredDependencies" : [ ],
    "processedAfter" : [ ]
  }, {
    "majorSchemaVersion" : 3,
    "name" : "Bookshop-db",
    "type" : "com.sap.xs.hdi-container",
    "properties" : { },
    "parameters" : {
      "generated-password" : "********",
      "service-name" : "Bookshop-db",
      "service-plan" : "hdi-shared",
      "service" : "hana",
      "generated-user" : "********",
      "default-xsappname" : "Bookshop-db",
      "type" : "managed-service",
      "default-service-name" : "Bookshop-db",
      "default-container-name" : "COE_EMEA_HANA_PLATFORM_DEV_BOOKSHOP_DB"
    },
    "isActive" : true,
    "isOptional" : false,
    "propertiesMetadata" : {
      "metadata" : { }
    },
    "parametersMetadata" : {
      "metadata" : { }
    },
    "requiredDependencies" : [ ],
    "processedAfter" : [ ]
  }, {
    "majorSchemaVersion" : 3,
    "name" : "Bookshop-destination",
    "type" : "org.cloudfoundry.managed-service",
    "properties" : { },
    "parameters" : {
      "generated-password" : "********",
      "service-name" : "Bookshop-destination",
      "service-plan" : "lite",
      "service" : "destination",
      "generated-user" : "********",
      "default-xsappname" : "Bookshop-destination",
      "type" : "managed-service",
      "default-service-name" : "Bookshop-destination",
      "default-container-name" : "COE_EMEA_HANA_PLATFORM_DEV_BOOKSHOP_DESTINATION"
    },
    "isActive" : true,
    "isOptional" : false,
    "propertiesMetadata" : {
      "metadata" : { }
    },
    "parametersMetadata" : {
      "metadata" : { }
    },
    "requiredDependencies" : [ {
      "majorSchemaVersion" : 3,
      "name" : "srv-api",
      "properties" : { },
      "parameters" : { },
      "propertiesMetadata" : {
        "metadata" : { }
      },
      "parametersMetadata" : {
        "metadata" : { }
      }
    } ],
    "processedAfter" : [ ]
  }, {
    "majorSchemaVersion" : 3,
    "name" : "Bookshop-html5-repo-host",
    "type" : "org.cloudfoundry.managed-service",
    "properties" : { },
    "parameters" : {
      "generated-password" : "********",
      "service-name" : "Bookshop-html5-repo-host",
      "service-plan" : "app-host",
      "service" : "html5-apps-repo",
      "generated-user" : "********",
      "default-xsappname" : "Bookshop-html5-repo-host",
      "type" : "managed-service",
      "default-service-name" : "Bookshop-html5-repo-host",
      "default-container-name" : "COE_EMEA_HANA_PLATFORM_DEV_BOOKSHOP_HTML5_REPO_HOST"
    },
    "isActive" : true,
    "isOptional" : false,
    "propertiesMetadata" : {
      "metadata" : { }
    },
    "parametersMetadata" : {
      "metadata" : { }
    },
    "requiredDependencies" : [ ],
    "processedAfter" : [ ]
  }, {
    "majorSchemaVersion" : 3,
    "name" : "********",
    "type" : "org.cloudfoundry.managed-service",
    "properties" : { },
    "parameters" : {
      "generated-password" : "********",
      "path" : "./xs-security.json",
      "service-name" : "********",
      "service-plan" : "application",
      "service" : "xsuaa",
      "generated-user" : "********",
      "default-xsappname" : "********",
      "type" : "managed-service",
      "config" : {
        "oauth2-configuration" : "********",
        "role-collections" : [ {
          "description" : "generated",
          "name" : "admin (Bookshop CoE_EMEA_HANA_Platform-dev)",
          "role-template-references" : [ "$XSAPPNAME.admin" ]
        } ],
        "tenant-mode" : "dedicated",
        "xsappname" : "Bookshop-CoE_EMEA_HANA_Platform-dev"
      },
      "default-service-name" : "********",
      "default-container-name" : "********"
    },
    "isActive" : true,
    "isOptional" : false,
    "propertiesMetadata" : {
      "metadata" : { }
    },
    "parametersMetadata" : {
      "metadata" : { }
    },
    "requiredDependencies" : [ ],
    "processedAfter" : [ ]
  } ],
  "parameters" : {
    "deploy_mode" : "html5-repo",
    "mta-id" : "Bookshop",
    "authorization-url" : "********",
    "org-guid" : "faa2a59b-a78e-4aa0-9dad-78ce96e1bc24",
    "org" : "CoE_EMEA_HANA_Platform",
    "deploy-target" : "CoE_EMEA_HANA_Platform dev",
    "enable-parallel-deployments" : true,
    "region-primary-domain" : "eu20.hana.ondemand.com",
    "space" : "dev",
    "region-domain" : "eu20.hana.ondemand.com",
    "xs-api-url" : "https://api.cf.eu20.hana.ondemand.com",
    "deploy-url" : "deploy-service.cfapps.eu20.hana.ondemand.com",
    "xs-type" : "CF",
    "default-domain" : "cfapps.eu20.hana.ondemand.com",
    "mta-version" : "1.0.0",
    "xs-auth-url" : "********",
    "space-guid" : "4cc0a88c-ec98-47c4-9958-38b5e6ec9fcf",
    "user" : "********",
    "controller-url" : "https://api.cf.eu20.hana.ondemand.com",
    "timestamp" : "20260918111803"
  },
  "parametersMetadata" : {
    "metadata" : { }
  }
}#
#2026 09 18 11:18:16.072#Z#DEBUG#9d22f57d-b352-11f1-9456-eeee0a8e3e3b.OPERATION#flowable-async-job-executor-thread-34819#
[ProcessDescriptorStep] Merged descriptor properties and parameters resolved#
#2026 09 18 11:18:16.072#Z#DEBUG#9d22f57d-b352-11f1-9456-eeee0a8e3e3b.OPERATION#flowable-async-job-executor-thread-34819#
Step "Re-Process Descriptor Step" finished#
#2026 09 18 11:18:16.144#Z#DEBUG#9d22f57d-b352-11f1-9456-eeee0a8e3e3b.OPERATION#flowable-async-job-executor-thread-34820#
[BuildApplicationDeployModelStep] Executing task "buildApplicationDeployModelTask" of process "a4caa53c-b352-11f1-b020-eeee0a8dee89"...#
#2026 09 18 11:18:16.149#Z#DEBUG#9d22f57d-b352-11f1-9456-eeee0a8e3e3b.OPERATION#flowable-async-job-executor-thread-34820#
[BuildApplicationDeployModelStep] Building cloud deployment model for application "Bookshop-srv"...#
#2026 09 18 11:18:16.157#Z#DEBUG#9d22f57d-b352-11f1-9456-eeee0a8e3e3b.OPERATION#flowable-async-job-executor-thread-34820#
[BuildApplicationDeployModelStep] No health-check-type is specified. Setting default type: port#
#2026 09 18 11:18:16.158#Z#INFO#9d22f57d-b352-11f1-9456-eeee0a8e3e3b.OPERATION#flowable-async-job-executor-thread-34820#
[BuildApplicationDeployModelStep] Building configuration entries for org CoE_EMEA_HANA_Platform, space dev, spaceId 4cc0a88c-ec98-47c4-9958-38b5e6ec9fcf and namespace null!#
#2026 09 18 11:18:16.159#Z#DEBUG#9d22f57d-b352-11f1-9456-eeee0a8e3e3b.OPERATION#flowable-async-job-executor-thread-34820#
[BuildApplicationDeployModelStep] Configuration entries to publish: [ ]#
#2026 09 18 11:18:16.159#Z#DEBUG#9d22f57d-b352-11f1-9456-eeee0a8e3e3b.OPERATION#flowable-async-job-executor-thread-34820#
[BuildApplicationDeployModelStep] Cloud deployment model for application built#
#2026 09 18 11:18:16.159#Z#DEBUG#9d22f57d-b352-11f1-9456-eeee0a8e3e3b.OPERATION#flowable-async-job-executor-thread-34820#
Step "Build Application Deploy Model" finished#
#2026 09 18 11:18:16.245#Z#DEBUG#9d22f57d-b352-11f1-9456-eeee0a8e3e3b.OPERATION#flowable-async-job-executor-thread-34821#
[CreateOrUpdateAppStep] Executing task "createAppTask" of process "a4caa53c-b352-11f1-b020-eeee0a8dee89"...#
#2026 09 18 11:18:16.249#Z#DEBUG#9d22f57d-b352-11f1-9456-eeee0a8e3e3b.OPERATION#flowable-async-job-executor-thread-34821#
[CreateOrUpdateAppStep] Getting application "Bookshop-srv"...#
#2026 09 18 11:18:16.277#Z#INFO#9d22f57d-b352-11f1-9456-eeee0a8e3e3b.OPERATION#flowable-async-job-executor-thread-34821#
[CreateOrUpdateAppStep] Creating application "Bookshop-srv" from MTA module "Bookshop-srv"...#
#2026 09 18 11:18:16.296#Z#DEBUG#9d22f57d-b352-11f1-9456-eeee0a8e3e3b.OPERATION#flowable-async-job-executor-thread-34821#
[CreateOrUpdateAppStep] Creating application "Bookshop-srv" with disk "null" memory "null", URIs "coe-emea-hana-platform-dev-bookshop-srv.cert.cfapps.eu20.hana.ondemand.com, coe-emea-hana-platform-dev-bookshop-srv.cfapps.eu20.hana.ondemand.com" and staging: "{
  "buildpacks" : [ "nodejs_buildpack" ],
  "healthCheckType" : "port",
  "appFeatures" : { }
}"#
#2026 09 18 11:18:17.300#Z#DEBUG#9d22f57d-b352-11f1-9456-eeee0a8e3e3b.OPERATION#flowable-async-job-executor-thread-34821#
[CreateOrUpdateAppStep] Application "Bookshop-srv" created#
#2026 09 18 11:18:17.300#Z#DEBUG#9d22f57d-b352-11f1-9456-eeee0a8e3e3b.OPERATION#flowable-async-job-executor-thread-34821#
Step "Create App" finished#
#2026 09 18 11:18:17.494#Z#DEBUG#9d22f57d-b352-11f1-9456-eeee0a8e3e3b.OPERATION#flowable-async-job-executor-thread-34837#
[CheckServiceBindingOperationStep] Executing task "checkForServiceBindingOperationInProgress" of process "a5b79d31-b352-11f1-b020-eeee0a8dee89"...#
#2026 09 18 11:18:17.494#Z#DEBUG#9d22f57d-b352-11f1-9456-eeee0a8e3e3b.OPERATION#flowable-async-job-executor-thread-34837#
[CheckServiceBindingOperationStep] Checking for service binding operation in progress between app "Bookshop-srv" and service instance "Bookshop-ias"#
#2026 09 18 11:18:17.496#Z#DEBUG#9d22f57d-b352-11f1-9456-eeee0a8e3e3b.OPERATION#flowable-async-job-executor-thread-34837#
[CheckServiceBindingOperationStep] Getting application guid "Bookshop-srv"...#
#2026 09 18 11:18:17.536#Z#DEBUG#9d22f57d-b352-11f1-9456-eeee0a8e3e3b.OPERATION#flowable-async-job-executor-thread-34837#
[CheckServiceBindingOperationStep] Getting GUID of required service instance "Bookshop-ias"...#
#2026 09 18 11:18:17.583#Z#DEBUG#9d22f57d-b352-11f1-9456-eeee0a8e3e3b.OPERATION#flowable-async-job-executor-thread-34837#
[CheckServiceBindingOperationStep] Getting binding of service instance "cf152e38-4b9a-40cc-a2a3-f61da9304dfe" with application "01e236f2-5c17-43fc-83b1-6383711c1c1d"...#
#2026 09 18 11:18:17.622#Z#DEBUG#9d22f57d-b352-11f1-9456-eeee0a8e3e3b.OPERATION#flowable-async-job-executor-thread-34837#
Step "Check For Service Binding Operation In Progress" finished#
#2026 09 18 11:18:17.684#Z#DEBUG#9d22f57d-b352-11f1-9456-eeee0a8e3e3b.OPERATION#flowable-async-job-executor-thread-34838#
[DetermineApplicationServiceBindingActionsStep] Executing task "determineApplicationServiceBindingActionsTask" of process "a5b79d31-b352-11f1-b020-eeee0a8dee89"...#
#2026 09 18 11:18:17.687#Z#DEBUG#9d22f57d-b352-11f1-9456-eeee0a8e3e3b.OPERATION#flowable-async-job-executor-thread-34838#
[DetermineApplicationServiceBindingActionsStep] Determine bind/unbind operations of application "Bookshop-srv" to service instance "Bookshop-ias"#
#2026 09 18 11:18:17.687#Z#DEBUG#9d22f57d-b352-11f1-9456-eeee0a8e3e3b.OPERATION#flowable-async-job-executor-thread-34838#
[DetermineApplicationServiceBindingActionsStep] Getting application "Bookshop-srv"...#
#2026 09 18 11:18:17.731#Z#DEBUG#9d22f57d-b352-11f1-9456-eeee0a8e3e3b.OPERATION#flowable-async-job-executor-thread-34838#
[DetermineApplicationServiceBindingActionsStep] Binding parameters for application "Bookshop-srv": {
  "app-identifier" : "srv",
  "credential-type" : "********"
}#
#2026 09 18 11:18:17.755#Z#DEBUG#9d22f57d-b352-11f1-9456-eeee0a8e3e3b.OPERATION#flowable-async-job-executor-thread-34838#
[DetermineApplicationServiceBindingActionsStep] Calculated binding operations between application "Bookshop-srv" and service instance "Bookshop-ias": unbind - false bind - true#
#2026 09 18 11:18:17.755#Z#DEBUG#9d22f57d-b352-11f1-9456-eeee0a8e3e3b.OPERATION#flowable-async-job-executor-thread-34838#
Step "Determine Application Service Binding Actions" finished#
#2026 09 18 11:18:17.836#Z#DEBUG#9d22f57d-b352-11f1-9456-eeee0a8e3e3b.OPERATION#flowable-async-job-executor-thread-34840#
[BindServiceToApplicationStep] Executing task "bindServiceToApplicationTask" of process "a5b79d31-b352-11f1-b020-eeee0a8dee89"...#
#2026 09 18 11:18:17.840#Z#INFO#9d22f57d-b352-11f1-9456-eeee0a8e3e3b.OPERATION#flowable-async-job-executor-thread-34840#
[BindServiceToApplicationStep] Binding service instance "Bookshop-ias" to application "Bookshop-srv"...#
#2026 09 18 11:18:17.854#Z#DEBUG#9d22f57d-b352-11f1-9456-eeee0a8e3e3b.OPERATION#flowable-async-job-executor-thread-34840#
[BindServiceToApplicationStep] Binding service instance "Bookshop-ias" to application "Bookshop-srv" with parameters: {
  "app-identifier" : "srv",
  "credential-type" : "********"
}#
#2026 09 18 11:18:18.015#Z#DEBUG#9d22f57d-b352-11f1-9456-eeee0a8e3e3b.OPERATION#flowable-async-job-executor-thread-34840#
Step "Bind Service to Application" finished#
#2026 09 18 11:18:17.994#Z#DEBUG#9d22f57d-b352-11f1-9456-eeee0a8e3e3b.OPERATION#flowable-async-job-executor-thread-114560#
[CheckServiceBindingOperationStep] Executing task "checkForServiceBindingOperationInProgress" of process "a6074379-b352-11f1-8083-eeee0a930ca8"...#
#2026 09 18 11:18:17.995#Z#DEBUG#9d22f57d-b352-11f1-9456-eeee0a8e3e3b.OPERATION#flowable-async-job-executor-thread-114560#
[CheckServiceBindingOperationStep] Checking for service binding operation in progress between app "Bookshop-srv" and service instance "Bookshop-auth"#
#2026 09 18 11:18:17.995#Z#DEBUG#9d22f57d-b352-11f1-9456-eeee0a8e3e3b.OPERATION#flowable-async-job-executor-thread-114560#
[CheckServiceBindingOperationStep] Getting application guid "Bookshop-srv"...#
#2026 09 18 11:18:18.045#Z#DEBUG#9d22f57d-b352-11f1-9456-eeee0a8e3e3b.OPERATION#flowable-async-job-executor-thread-114560#
[CheckServiceBindingOperationStep] Getting GUID of required service instance "Bookshop-auth"...#
#2026 09 18 11:18:18.052#Z#DEBUG#9d22f57d-b352-11f1-9456-eeee0a8e3e3b.OPERATION#flowable-async-job-executor-thread-114566#
[CheckServiceBindingOperationStep] Executing task "checkForServiceBindingOperationInProgress" of process "a610e094-b352-11f1-8083-eeee0a930ca8"...#
#2026 09 18 11:18:18.052#Z#DEBUG#9d22f57d-b352-11f1-9456-eeee0a8e3e3b.OPERATION#flowable-async-job-executor-thread-114566#
[CheckServiceBindingOperationStep] Checking for service binding operation in progress between app "Bookshop-srv" and service instance "Bookshop-destination"#
#2026 09 18 11:18:18.053#Z#DEBUG#9d22f57d-b352-11f1-9456-eeee0a8e3e3b.OPERATION#flowable-async-job-executor-thread-114566#
[CheckServiceBindingOperationStep] Getting application guid "Bookshop-srv"...#
#2026 09 18 11:18:18.082#Z#DEBUG#9d22f57d-b352-11f1-9456-eeee0a8e3e3b.OPERATION#flowable-async-job-executor-thread-114560#
[CheckServiceBindingOperationStep] Getting binding of service instance "aa1dde12-30d1-44e2-964a-ba6323c23ad0" with application "01e236f2-5c17-43fc-83b1-6383711c1c1d"...#
#2026 09 18 11:18:18.097#Z#DEBUG#9d22f57d-b352-11f1-9456-eeee0a8e3e3b.OPERATION#flowable-async-job-executor-thread-114566#
[CheckServiceBindingOperationStep] Getting GUID of required service instance "Bookshop-destination"...#
#2026 09 18 11:18:18.106#Z#DEBUG#9d22f57d-b352-11f1-9456-eeee0a8e3e3b.OPERATION#flowable-async-job-executor-thread-114571#
[CheckServiceBindingOperationStep] Executing task "checkForServiceBindingOperationInProgress" of process "a619ba04-b352-11f1-8083-eeee0a930ca8"...#
#2026 09 18 11:18:18.106#Z#DEBUG#9d22f57d-b352-11f1-9456-eeee0a8e3e3b.OPERATION#flowable-async-job-executor-thread-114571#
[CheckServiceBindingOperationStep] Checking for service binding operation in progress between app "Bookshop-srv" and service instance "Bookshop-db"#
#2026 09 18 11:18:18.107#Z#DEBUG#9d22f57d-b352-11f1-9456-eeee0a8e3e3b.OPERATION#flowable-async-job-executor-thread-114571#
[CheckServiceBindingOperationStep] Getting application guid "Bookshop-srv"...#
#2026 09 18 11:18:18.109#Z#DEBUG#9d22f57d-b352-11f1-9456-eeee0a8e3e3b.OPERATION#flowable-async-job-executor-thread-114560#
Step "Check For Service Binding Operation In Progress" finished#
#2026 09 18 11:18:18.141#Z#DEBUG#9d22f57d-b352-11f1-9456-eeee0a8e3e3b.OPERATION#flowable-async-job-executor-thread-114573#
[ProcessDescriptorStep] Executing task "reprocessDescriptorTask" of process "a617bf09-b352-11f1-8083-eeee0a930ca8"...#
#2026 09 18 11:18:18.142#Z#DEBUG#9d22f57d-b352-11f1-9456-eeee0a8e3e3b.OPERATION#flowable-async-job-executor-thread-114573#
[ProcessDescriptorStep] Resolving properties and parameters in merged descriptor...#
#2026 09 18 11:18:18.146#Z#DEBUG#9d22f57d-b352-11f1-9456-eeee0a8e3e3b.OPERATION#flowable-async-job-executor-thread-114573#
[ProcessDescriptorStep] Subscriptions: [ ]#
#2026 09 18 11:18:18.150#Z#DEBUG#9d22f57d-b352-11f1-9456-eeee0a8e3e3b.OPERATION#flowable-async-job-executor-thread-114573#
[ProcessDescriptorStep] MTA modules: [Bookshop-db-deployer, Bookshop-destinations, Bookshop-srv, Bookshop-app-deployer]#
#2026 09 18 11:18:18.153#Z#DEBUG#9d22f57d-b352-11f1-9456-eeee0a8e3e3b.OPERATION#flowable-async-job-executor-thread-114573#
[ProcessDescriptorStep] Resolved deployment descriptor: {
  "majorSchemaVersion" : 3,
  "schemaVersion" : "3.3.0",
  "id" : "Bookshop",
  "version" : "1.0.0",
  "modules" : [ {
    "majorSchemaVersion" : 3,
    "name" : "Bookshop-srv",
    "type" : "javascript.nodejs",
    "path" : "Bookshop-srv",
    "properties" : { },
    "parameters" : {
      "default-url" : "https://coe-emea-hana-platform-dev-bookshop-srv.cfapps.eu20.hana.ondemand.com",
      "default-app-name" : "Bookshop-srv",
      "generated-password" : "********",
      "default-live-url" : "https://coe-emea-hana-platform-dev-bookshop-srv.cfapps.eu20.hana.ondemand.com",
      "default-uri" : "coe-emea-hana-platform-dev-bookshop-srv.cfapps.eu20.hana.ondemand.com",
      "default-instances" : 1,
      "default-live-host" : "coe-emea-hana-platform-dev-bookshop-srv",
      "instances" : 1,
      "buildpack" : "nodejs_buildpack",
      "default-host" : "coe-emea-hana-platform-dev-bookshop-srv",
      "app-name" : "Bookshop-srv",
      "default-live-uri" : "coe-emea-hana-platform-dev-bookshop-srv.cfapps.eu20.hana.ondemand.com",
      "routes" : [ {
        "route" : "https://coe-emea-hana-platform-dev-bookshop-srv.cfapps.eu20.hana.ondemand.com"
      }, {
        "route" : "coe-emea-hana-platform-dev-bookshop-srv.cert.cfapps.eu20.hana.ondemand.com"
      } ],
      "protocol" : "https",
      "default-live-app-name" : "Bookshop-srv",
      "default-live-domain" : "cfapps.eu20.hana.ondemand.com",
      "domain" : "cfapps.eu20.hana.ondemand.com",
      "host" : "coe-emea-hana-platform-dev-bookshop-srv",
      "generated-user" : "********"
    },
    "requiredDependencies" : [ {
      "majorSchemaVersion" : 3,
      "name" : "Bookshop-ias",
      "properties" : { },
      "parameters" : {
        "config" : {
          "app-identifier" : "srv",
          "credential-type" : "********"
        }
      },
      "propertiesMetadata" : {
        "metadata" : { }
      },
      "parametersMetadata" : {
        "metadata" : { }
      }
    }, {
      "majorSchemaVersion" : 3,
      "name" : "Bookshop-db",
      "properties" : { },
      "parameters" : { },
      "propertiesMetadata" : {
        "metadata" : { }
      },
      "parametersMetadata" : {
        "metadata" : { }
      }
    }, {
      "majorSchemaVersion" : 3,
      "name" : "Bookshop-destination",
      "properties" : { },
      "parameters" : { },
      "propertiesMetadata" : {
        "metadata" : { }
      },
      "parametersMetadata" : {
        "metadata" : { }
      }
    }, {
      "majorSchemaVersion" : 3,
      "name" : "********",
      "properties" : { },
      "parameters" : { },
      "propertiesMetadata" : {
        "metadata" : { }
      },
      "parametersMetadata" : {
        "metadata" : { }
      }
    } ],
    "providedDependencies" : [ {
      "majorSchemaVersion" : 3,
      "name" : "srv-api",
      "isPublic" : false,
      "properties" : {
        "srv-cert-url" : "https://coe-emea-hana-platform-dev-bookshop-srv.cert.cfapps.eu20.hana.ondemand.com",
        "srv-url" : "https://coe-emea-hana-platform-dev-bookshop-srv.cfapps.eu20.hana.ondemand.com"
      },
      "parameters" : { },
      "propertiesMetadata" : {
        "metadata" : { }
      },
      "parametersMetadata" : {
        "metadata" : { }
      }
    }, {
      "majorSchemaVersion" : 3,
      "name" : "Bookshop-srv",
      "isPublic" : false,
      "properties" : { },
      "parameters" : { },
      "propertiesMetadata" : {
        "metadata" : { }
      },
      "parametersMetadata" : {
        "metadata" : { }
      }
    } ],
    "propertiesMetadata" : {
      "metadata" : { }
    },
    "parametersMetadata" : {
      "metadata" : { }
    },
    "hooks" : [ ]
  }, {
    "majorSchemaVersion" : 3,
    "name" : "Bookshop-db-deployer",
    "type" : "com.sap.xs.hdi",
    "path" : "Bookshop-db-deployer",
    "properties" : {
      "EXIT" : 1
    },
    "parameters" : {
      "default-url" : "https://coe-emea-hana-platform-dev-bookshop-db-deployer.cfapps.eu20.hana.ondemand.com",
      "default-app-name" : "Bookshop-db-deployer",
      "generated-password" : "********",
      "default-live-url" : "https://coe-emea-hana-platform-dev-bookshop-db-deployer.cfapps.eu20.hana.ondemand.com",
      "default-uri" : "coe-emea-hana-platform-dev-bookshop-db-deployer.cfapps.eu20.hana.ondemand.com",
      "memory" : "256M",
      "default-instances" : 1,
      "no-route" : true,
      "default-live-host" : "coe-emea-hana-platform-dev-bookshop-db-deployer",
      "instances" : 1,
      "buildpack" : "nodejs_buildpack",
      "default-host" : "coe-emea-hana-platform-dev-bookshop-db-deployer",
      "app-name" : "Bookshop-db-deployer",
      "default-live-uri" : "coe-emea-hana-platform-dev-bookshop-db-deployer.cfapps.eu20.hana.ondemand.com",
      "protocol" : "https",
      "default-live-app-name" : "Bookshop-db-deployer",
      "default-live-domain" : "cfapps.eu20.hana.ondemand.com",
      "dependency-type" : "hard",
      "domain" : "cfapps.eu20.hana.ondemand.com",
      "host" : "coe-emea-hana-platform-dev-bookshop-db-deployer",
      "generated-user" : "********",
      "tasks" : [ {
        "command" : "npm start",
        "memory" : "256M",
        "name" : "deploy"
      } ],
      "no-start" : true
    },
    "requiredDependencies" : [ {
      "majorSchemaVersion" : 3,
      "name" : "Bookshop-db",
      "properties" : { },
      "parameters" : { },
      "propertiesMetadata" : {
        "metadata" : { }
      },
      "parametersMetadata" : {
        "metadata" : { }
      }
    } ],
    "providedDependencies" : [ {
      "majorSchemaVersion" : 3,
      "name" : "Bookshop-db-deployer",
      "isPublic" : false,
      "properties" : { },
      "parameters" : { },
      "propertiesMetadata" : {
        "metadata" : { }
      },
      "parametersMetadata" : {
        "metadata" : { }
      }
    } ],
    "propertiesMetadata" : {
      "metadata" : { }
    },
    "parametersMetadata" : {
      "metadata" : { }
    },
    "hooks" : [ ]
  }, {
    "majorSchemaVersion" : 3,
    "name" : "Bookshop-app-deployer",
    "type" : "com.sap.application.content",
    "path" : "Bookshop-app-deployer",
    "properties" : { },
    "parameters" : {
      "default-url" : "https://coe-emea-hana-platform-dev-bookshop-app-deployer.cfapps.eu20.hana.ondemand.com",
      "default-app-name" : "Bookshop-app-deployer",
      "generated-password" : "********",
      "default-live-url" : "https://coe-emea-hana-platform-dev-bookshop-app-deployer.cfapps.eu20.hana.ondemand.com",
      "default-uri" : "coe-emea-hana-platform-dev-bookshop-app-deployer.cfapps.eu20.hana.ondemand.com",
      "default-instances" : 1,
      "default-live-host" : "coe-emea-hana-platform-dev-bookshop-app-deployer",
      "instances" : 1,
      "default-host" : "coe-emea-hana-platform-dev-bookshop-app-deployer",
      "app-name" : "Bookshop-app-deployer",
      "default-live-uri" : "coe-emea-hana-platform-dev-bookshop-app-deployer.cfapps.eu20.hana.ondemand.com",
      "protocol" : "https",
      "default-live-app-name" : "Bookshop-app-deployer",
      "default-live-domain" : "cfapps.eu20.hana.ondemand.com",
      "domain" : "cfapps.eu20.hana.ondemand.com",
      "host" : "coe-emea-hana-platform-dev-bookshop-app-deployer",
      "generated-user" : "********",
      "config" : {
        "destinations" : [ {
          "Authentication" : "********",
          "DynamicDestination" : true,
          "ForwardAuthToken" : "********",
          "IASDependencyName" : "Bookshop-ias-api",
          "Name" : "srv-api",
          "ProxyType" : "Internet",
          "Type" : "HTTP",
          "URL" : "https://coe-emea-hana-platform-dev-bookshop-srv.cfapps.eu20.hana.ondemand.com"
        } ]
      }
    },
    "requiredDependencies" : [ {
      "majorSchemaVersion" : 3,
      "name" : "srv-api",
      "properties" : { },
      "parameters" : { },
      "propertiesMetadata" : {
        "metadata" : { }
      },
      "parametersMetadata" : {
        "metadata" : { }
      }
    }, {
      "majorSchemaVersion" : 3,
      "name" : "Bookshop-html5-repo-host",
      "properties" : { },
      "parameters" : {
        "config" : {
          "HTML5Runtime_enabled" : true,
          "IASDependencyName" : "Bookshop-ias-api"
        },
        "content-target" : true
      },
      "propertiesMetadata" : {
        "metadata" : { }
      },
      "parametersMetadata" : {
        "metadata" : { }
      }
    }, {
      "majorSchemaVersion" : 3,
      "name" : "********",
      "properties" : { },
      "parameters" : { },
      "propertiesMetadata" : {
        "metadata" : { }
      },
      "parametersMetadata" : {
        "metadata" : { }
      }
    } ],
    "providedDependencies" : [ {
      "majorSchemaVersion" : 3,
      "name" : "Bookshop-app-deployer",
      "isPublic" : false,
      "properties" : { },
      "parameters" : { },
      "propertiesMetadata" : {
        "metadata" : { }
      },
      "parametersMetadata" : {
        "metadata" : { }
      }
    } ],
    "propertiesMetadata" : {
      "metadata" : { }
    },
    "parametersMetadata" : {
      "metadata" : { }
    },
    "hooks" : [ ]
  }, {
    "majorSchemaVersion" : 3,
    "name" : "Bookshop-destinations",
    "type" : "com.sap.application.content",
    "properties" : { },
    "parameters" : {
      "default-url" : "https://coe-emea-hana-platform-dev-bookshop-destinations.cfapps.eu20.hana.ondemand.com",
      "default-app-name" : "Bookshop-destinations",
      "generated-password" : "********",
      "default-live-url" : "https://coe-emea-hana-platform-dev-bookshop-destinations.cfapps.eu20.hana.ondemand.com",
      "default-uri" : "coe-emea-hana-platform-dev-bookshop-destinations.cfapps.eu20.hana.ondemand.com",
      "default-instances" : 1,
      "default-live-host" : "coe-emea-hana-platform-dev-bookshop-destinations",
      "instances" : 1,
      "default-host" : "coe-emea-hana-platform-dev-bookshop-destinations",
      "content" : {
        "instance" : {
          "destinations" : [ {
            "Name" : "Bookshop-html5-repository",
            "ServiceInstanceName" : "Bookshop-html5-repo-host",
            "ServiceKeyName" : "********",
            "sap.cloud.service" : "Bookshop.service"
          }, {
            "Authentication" : "********",
            "Name" : "********",
            "ServiceInstanceName" : "********",
            "ServiceKeyName" : "********",
            "sap.cloud.service" : "Bookshop.service"
          } ],
          "existing_destinations_policy" : "update"
        }
      },
      "app-name" : "Bookshop-destinations",
      "default-live-uri" : "coe-emea-hana-platform-dev-bookshop-destinations.cfapps.eu20.hana.ondemand.com",
      "protocol" : "https",
      "default-live-app-name" : "Bookshop-destinations",
      "default-live-domain" : "cfapps.eu20.hana.ondemand.com",
      "domain" : "cfapps.eu20.hana.ondemand.com",
      "host" : "coe-emea-hana-platform-dev-bookshop-destinations",
      "generated-user" : "********"
    },
    "requiredDependencies" : [ {
      "majorSchemaVersion" : 3,
      "name" : "Bookshop-html5-repo-host",
      "properties" : { },
      "parameters" : {
        "service-key" : "********"
      },
      "propertiesMetadata" : {
        "metadata" : { }
      },
      "parametersMetadata" : {
        "metadata" : { }
      }
    }, {
      "majorSchemaVersion" : 3,
      "name" : "srv-api",
      "properties" : { },
      "parameters" : { },
      "propertiesMetadata" : {
        "metadata" : { }
      },
      "parametersMetadata" : {
        "metadata" : { }
      }
    }, {
      "majorSchemaVersion" : 3,
      "name" : "Bookshop-destination",
      "properties" : { },
      "parameters" : {
        "content-target" : true
      },
      "propertiesMetadata" : {
        "metadata" : { }
      },
      "parametersMetadata" : {
        "metadata" : { }
      }
    }, {
      "majorSchemaVersion" : 3,
      "name" : "********",
      "properties" : { },
      "parameters" : {
        "service-key" : "********"
      },
      "propertiesMetadata" : {
        "metadata" : { }
      },
      "parametersMetadata" : {
        "metadata" : { }
      }
    } ],
    "providedDependencies" : [ {
      "majorSchemaVersion" : 3,
      "name" : "Bookshop-destinations",
      "isPublic" : false,
      "properties" : { },
      "parameters" : { },
      "propertiesMetadata" : {
        "metadata" : { }
      },
      "parametersMetadata" : {
        "metadata" : { }
      }
    } ],
    "propertiesMetadata" : {
      "metadata" : { }
    },
    "parametersMetadata" : {
      "metadata" : { }
    },
    "hooks" : [ ]
  } ],
  "resources" : [ {
    "majorSchemaVersion" : 3,
    "name" : "Bookshop-ias",
    "type" : "org.cloudfoundry.managed-service",
    "properties" : { },
    "parameters" : {
      "generated-password" : "********",
      "service-name" : "Bookshop-ias",
      "service-plan" : "application",
      "service" : "identity",
      "generated-user" : "********",
      "default-xsappname" : "Bookshop-ias",
      "type" : "managed-service",
      "config" : {
        "display-name" : "Bookshop",
        "oauth2-configuration" : "********",
        "provided-apis" : [ {
          "description" : "API exposed by the application",
          "name" : "Bookshop-ias-api"
        } ],
        "xsuaa-cross-consumption" : true
      },
      "default-service-name" : "Bookshop-ias",
      "default-container-name" : "COE_EMEA_HANA_PLATFORM_DEV_BOOKSHOP_IAS"
    },
    "isActive" : true,
    "isOptional" : false,
    "propertiesMetadata" : {
      "metadata" : { }
    },
    "parametersMetadata" : {
      "metadata" : { }
    },
    "requiredDependencies" : [ ],
    "processedAfter" : [ ]
  }, {
    "majorSchemaVersion" : 3,
    "name" : "Bookshop-db",
    "type" : "com.sap.xs.hdi-container",
    "properties" : { },
    "parameters" : {
      "generated-password" : "********",
      "service-name" : "Bookshop-db",
      "service-plan" : "hdi-shared",
      "service" : "hana",
      "generated-user" : "********",
      "default-xsappname" : "Bookshop-db",
      "type" : "managed-service",
      "default-service-name" : "Bookshop-db",
      "default-container-name" : "COE_EMEA_HANA_PLATFORM_DEV_BOOKSHOP_DB"
    },
    "isActive" : true,
    "isOptional" : false,
    "propertiesMetadata" : {
      "metadata" : { }
    },
    "parametersMetadata" : {
      "metadata" : { }
    },
    "requiredDependencies" : [ ],
    "processedAfter" : [ ]
  }, {
    "majorSchemaVersion" : 3,
    "name" : "Bookshop-destination",
    "type" : "org.cloudfoundry.managed-service",
    "properties" : { },
    "parameters" : {
      "generated-password" : "********",
      "service-name" : "Bookshop-destination",
      "service-plan" : "lite",
      "service" : "destination",
      "generated-user" : "********",
      "default-xsappname" : "Bookshop-destination",
      "type" : "managed-service",
      "default-service-name" : "Bookshop-destination",
      "default-container-name" : "COE_EMEA_HANA_PLATFORM_DEV_BOOKSHOP_DESTINATION"
    },
    "isActive" : true,
    "isOptional" : false,
    "propertiesMetadata" : {
      "metadata" : { }
    },
    "parametersMetadata" : {
      "metadata" : { }
    },
    "requiredDependencies" : [ {
      "majorSchemaVersion" : 3,
      "name" : "srv-api",
      "properties" : { },
      "parameters" : { },
      "propertiesMetadata" : {
        "metadata" : { }
      },
      "parametersMetadata" : {
        "metadata" : { }
      }
    } ],
    "processedAfter" : [ ]
  }, {
    "majorSchemaVersion" : 3,
    "name" : "Bookshop-html5-repo-host",
    "type" : "org.cloudfoundry.managed-service",
    "properties" : { },
    "parameters" : {
      "generated-password" : "********",
      "service-name" : "Bookshop-html5-repo-host",
      "service-plan" : "app-host",
      "service" : "html5-apps-repo",
      "generated-user" : "********",
      "default-xsappname" : "Bookshop-html5-repo-host",
      "type" : "managed-service",
      "default-service-name" : "Bookshop-html5-repo-host",
      "default-container-name" : "COE_EMEA_HANA_PLATFORM_DEV_BOOKSHOP_HTML5_REPO_HOST"
    },
    "isActive" : true,
    "isOptional" : false,
    "propertiesMetadata" : {
      "metadata" : { }
    },
    "parametersMetadata" : {
      "metadata" : { }
    },
    "requiredDependencies" : [ ],
    "processedAfter" : [ ]
  }, {
    "majorSchemaVersion" : 3,
    "name" : "********",
    "type" : "org.cloudfoundry.managed-service",
    "properties" : { },
    "parameters" : {
      "generated-password" : "********",
      "path" : "./xs-security.json",
      "service-name" : "********",
      "service-plan" : "application",
      "service" : "xsuaa",
      "generated-user" : "********",
      "default-xsappname" : "********",
      "type" : "managed-service",
      "config" : {
        "oauth2-configuration" : "********",
        "role-collections" : [ {
          "description" : "generated",
          "name" : "admin (Bookshop CoE_EMEA_HANA_Platform-dev)",
          "role-template-references" : [ "$XSAPPNAME.admin" ]
        } ],
        "tenant-mode" : "dedicated",
        "xsappname" : "Bookshop-CoE_EMEA_HANA_Platform-dev"
      },
      "default-service-name" : "********",
      "default-container-name" : "********"
    },
    "isActive" : true,
    "isOptional" : false,
    "propertiesMetadata" : {
      "metadata" : { }
    },
    "parametersMetadata" : {
      "metadata" : { }
    },
    "requiredDependencies" : [ ],
    "processedAfter" : [ ]
  } ],
  "parameters" : {
    "deploy_mode" : "html5-repo",
    "mta-id" : "Bookshop",
    "authorization-url" : "********",
    "org-guid" : "faa2a59b-a78e-4aa0-9dad-78ce96e1bc24",
    "org" : "CoE_EMEA_HANA_Platform",
    "deploy-target" : "CoE_EMEA_HANA_Platform dev",
    "enable-parallel-deployments" : true,
    "region-primary-domain" : "eu20.hana.ondemand.com",
    "space" : "dev",
    "region-domain" : "eu20.hana.ondemand.com",
    "xs-api-url" : "https://api.cf.eu20.hana.ondemand.com",
    "deploy-url" : "deploy-service.cfapps.eu20.hana.ondemand.com",
    "xs-type" : "CF",
    "default-domain" : "cfapps.eu20.hana.ondemand.com",
    "mta-version" : "1.0.0",
    "xs-auth-url" : "********",
    "space-guid" : "4cc0a88c-ec98-47c4-9958-38b5e6ec9fcf",
    "user" : "********",
    "controller-url" : "https://api.cf.eu20.hana.ondemand.com",
    "timestamp" : "20260918111803"
  },
  "parametersMetadata" : {
    "metadata" : { }
  }
}#
#2026 09 18 11:18:18.153#Z#DEBUG#9d22f57d-b352-11f1-9456-eeee0a8e3e3b.OPERATION#flowable-async-job-executor-thread-114573#
[ProcessDescriptorStep] Merged descriptor properties and parameters resolved#
#2026 09 18 11:18:18.153#Z#DEBUG#9d22f57d-b352-11f1-9456-eeee0a8e3e3b.OPERATION#flowable-async-job-executor-thread-114573#
Step "Re-Process Descriptor Step" finished#
#2026 09 18 11:18:18.139#Z#DEBUG#9d22f57d-b352-11f1-9456-eeee0a8e3e3b.OPERATION#flowable-async-job-executor-thread-114566#
[CheckServiceBindingOperationStep] Getting binding of service instance "8c61d850-c7c7-47f9-87fa-abf523985992" with application "01e236f2-5c17-43fc-83b1-6383711c1c1d"...#
#2026 09 18 11:18:18.143#Z#DEBUG#9d22f57d-b352-11f1-9456-eeee0a8e3e3b.OPERATION#flowable-async-job-executor-thread-114571#
[CheckServiceBindingOperationStep] Getting GUID of required service instance "Bookshop-db"...#
#2026 09 18 11:18:18.182#Z#DEBUG#9d22f57d-b352-11f1-9456-eeee0a8e3e3b.OPERATION#flowable-async-job-executor-thread-114566#
Step "Check For Service Binding Operation In Progress" finished#
#2026 09 18 11:18:18.183#Z#DEBUG#9d22f57d-b352-11f1-9456-eeee0a8e3e3b.OPERATION#flowable-async-job-executor-thread-114575#
[BuildApplicationDeployModelStep] Executing task "buildApplicationDeployModelTask" of process "a617bf09-b352-11f1-8083-eeee0a930ca8"...#
#2026 09 18 11:18:18.185#Z#DEBUG#9d22f57d-b352-11f1-9456-eeee0a8e3e3b.OPERATION#flowable-async-job-executor-thread-114575#
[BuildApplicationDeployModelStep] Building cloud deployment model for application "Bookshop-db-deployer"...#
#2026 09 18 11:18:18.188#Z#DEBUG#9d22f57d-b352-11f1-9456-eeee0a8e3e3b.OPERATION#flowable-async-job-executor-thread-114575#
[BuildApplicationDeployModelStep] No health-check-type is specified. Setting default type: port#
#2026 09 18 11:18:18.188#Z#INFO#9d22f57d-b352-11f1-9456-eeee0a8e3e3b.OPERATION#flowable-async-job-executor-thread-114575#
[BuildApplicationDeployModelStep] Building configuration entries for org CoE_EMEA_HANA_Platform, space dev, spaceId 4cc0a88c-ec98-47c4-9958-38b5e6ec9fcf and namespace null!#
#2026 09 18 11:18:18.189#Z#DEBUG#9d22f57d-b352-11f1-9456-eeee0a8e3e3b.OPERATION#flowable-async-job-executor-thread-114575#
[BuildApplicationDeployModelStep] Configuration entries to publish: [ ]#
#2026 09 18 11:18:18.189#Z#DEBUG#9d22f57d-b352-11f1-9456-eeee0a8e3e3b.OPERATION#flowable-async-job-executor-thread-114575#
[BuildApplicationDeployModelStep] Cloud deployment model for application built#
#2026 09 18 11:18:18.189#Z#DEBUG#9d22f57d-b352-11f1-9456-eeee0a8e3e3b.OPERATION#flowable-async-job-executor-thread-114575#
Step "Build Application Deploy Model" finished#
#2026 09 18 11:18:18.142#Z#DEBUG#9d22f57d-b352-11f1-9456-eeee0a8e3e3b.OPERATION#flowable-async-job-executor-thread-114574#
[DetermineApplicationServiceBindingActionsStep] Executing task "determineApplicationServiceBindingActionsTask" of process "a6074379-b352-11f1-8083-eeee0a930ca8"...#
#2026 09 18 11:18:18.143#Z#DEBUG#9d22f57d-b352-11f1-9456-eeee0a8e3e3b.OPERATION#flowable-async-job-executor-thread-114574#
[DetermineApplicationServiceBindingActionsStep] Determine bind/unbind operations of application "Bookshop-srv" to service instance "Bookshop-auth"#
#2026 09 18 11:18:18.143#Z#DEBUG#9d22f57d-b352-11f1-9456-eeee0a8e3e3b.OPERATION#flowable-async-job-executor-thread-114574#
[DetermineApplicationServiceBindingActionsStep] Getting application "Bookshop-srv"...#
#2026 09 18 11:18:18.187#Z#DEBUG#9d22f57d-b352-11f1-9456-eeee0a8e3e3b.OPERATION#flowable-async-job-executor-thread-114574#
[DetermineApplicationServiceBindingActionsStep] Binding parameters for application "Bookshop-srv": { }#
#2026 09 18 11:18:18.215#Z#DEBUG#9d22f57d-b352-11f1-9456-eeee0a8e3e3b.OPERATION#flowable-async-job-executor-thread-114574#
[DetermineApplicationServiceBindingActionsStep] Calculated binding operations between application "Bookshop-srv" and service instance "Bookshop-auth": unbind - false bind - true#
#2026 09 18 11:18:18.215#Z#DEBUG#9d22f57d-b352-11f1-9456-eeee0a8e3e3b.OPERATION#flowable-async-job-executor-thread-114574#
Step "Determine Application Service Binding Actions" finished#
#2026 09 18 11:18:18.198#Z#DEBUG#9d22f57d-b352-11f1-9456-eeee0a8e3e3b.OPERATION#flowable-async-job-executor-thread-114571#
[CheckServiceBindingOperationStep] Getting binding of service instance "17e1d835-c506-4129-9091-3b886f9b346d" with application "01e236f2-5c17-43fc-83b1-6383711c1c1d"...#
#2026 09 18 11:18:18.226#Z#DEBUG#9d22f57d-b352-11f1-9456-eeee0a8e3e3b.OPERATION#flowable-async-job-executor-thread-114571#
Step "Check For Service Binding Operation In Progress" finished#
#2026 09 18 11:18:18.218#Z#DEBUG#9d22f57d-b352-11f1-9456-eeee0a8e3e3b.OPERATION#flowable-async-job-executor-thread-114576#
[DetermineApplicationServiceBindingActionsStep] Executing task "determineApplicationServiceBindingActionsTask" of process "a610e094-b352-11f1-8083-eeee0a930ca8"...#
#2026 09 18 11:18:18.219#Z#DEBUG#9d22f57d-b352-11f1-9456-eeee0a8e3e3b.OPERATION#flowable-async-job-executor-thread-114576#
[DetermineApplicationServiceBindingActionsStep] Determine bind/unbind operations of application "Bookshop-srv" to service instance "Bookshop-destination"#
#2026 09 18 11:18:18.219#Z#DEBUG#9d22f57d-b352-11f1-9456-eeee0a8e3e3b.OPERATION#flowable-async-job-executor-thread-114576#
[DetermineApplicationServiceBindingActionsStep] Getting application "Bookshop-srv"...#
#2026 09 18 11:18:18.257#Z#DEBUG#9d22f57d-b352-11f1-9456-eeee0a8e3e3b.OPERATION#flowable-async-job-executor-thread-114579#
[DetermineApplicationServiceBindingActionsStep] Executing task "determineApplicationServiceBindingActionsTask" of process "a619ba04-b352-11f1-8083-eeee0a930ca8"...#
#2026 09 18 11:18:18.258#Z#DEBUG#9d22f57d-b352-11f1-9456-eeee0a8e3e3b.OPERATION#flowable-async-job-executor-thread-114579#
[DetermineApplicationServiceBindingActionsStep] Determine bind/unbind operations of application "Bookshop-srv" to service instance "Bookshop-db"#
#2026 09 18 11:18:18.258#Z#DEBUG#9d22f57d-b352-11f1-9456-eeee0a8e3e3b.OPERATION#flowable-async-job-executor-thread-114579#
[DetermineApplicationServiceBindingActionsStep] Getting application "Bookshop-srv"...#
#2026 09 18 11:18:18.270#Z#DEBUG#9d22f57d-b352-11f1-9456-eeee0a8e3e3b.OPERATION#flowable-async-job-executor-thread-114576#
[DetermineApplicationServiceBindingActionsStep] Binding parameters for application "Bookshop-srv": { }#
#2026 09 18 11:18:18.314#Z#DEBUG#9d22f57d-b352-11f1-9456-eeee0a8e3e3b.OPERATION#flowable-async-job-executor-thread-114576#
[DetermineApplicationServiceBindingActionsStep] Calculated binding operations between application "Bookshop-srv" and service instance "Bookshop-destination": unbind - false bind - true#
#2026 09 18 11:18:18.314#Z#DEBUG#9d22f57d-b352-11f1-9456-eeee0a8e3e3b.OPERATION#flowable-async-job-executor-thread-114576#
Step "Determine Application Service Binding Actions" finished#
#2026 09 18 11:18:18.320#Z#DEBUG#9d22f57d-b352-11f1-9456-eeee0a8e3e3b.OPERATION#flowable-async-job-executor-thread-114579#
[DetermineApplicationServiceBindingActionsStep] Binding parameters for application "Bookshop-srv": { }#
#2026 09 18 11:18:18.355#Z#DEBUG#9d22f57d-b352-11f1-9456-eeee0a8e3e3b.OPERATION#flowable-async-job-executor-thread-114579#
[DetermineApplicationServiceBindingActionsStep] Calculated binding operations between application "Bookshop-srv" and service instance "Bookshop-db": unbind - false bind - true#
#2026 09 18 11:18:18.355#Z#DEBUG#9d22f57d-b352-11f1-9456-eeee0a8e3e3b.OPERATION#flowable-async-job-executor-thread-114579#
Step "Determine Application Service Binding Actions" finished#
#2026 09 18 11:18:18.253#Z#DEBUG#9d22f57d-b352-11f1-9456-eeee0a8e3e3b.OPERATION#flowable-async-job-executor-thread-114578#
[BindServiceToApplicationStep] Executing task "bindServiceToApplicationTask" of process "a6074379-b352-11f1-8083-eeee0a930ca8"...#
#2026 09 18 11:18:18.254#Z#INFO#9d22f57d-b352-11f1-9456-eeee0a8e3e3b.OPERATION#flowable-async-job-executor-thread-114578#
[BindServiceToApplicationStep] Binding service instance "Bookshop-auth" to application "Bookshop-srv"...#
#2026 09 18 11:18:18.264#Z#DEBUG#9d22f57d-b352-11f1-9456-eeee0a8e3e3b.OPERATION#flowable-async-job-executor-thread-114578#
[BindServiceToApplicationStep] Binding service instance "Bookshop-auth" to application "Bookshop-srv" with parameters: { }#
#2026 09 18 11:18:18.359#Z#DEBUG#9d22f57d-b352-11f1-9456-eeee0a8e3e3b.OPERATION#flowable-async-job-executor-thread-114580#
[BindServiceToApplicationStep] Executing task "bindServiceToApplicationTask" of process "a610e094-b352-11f1-8083-eeee0a930ca8"...#
#2026 09 18 11:18:18.361#Z#INFO#9d22f57d-b352-11f1-9456-eeee0a8e3e3b.OPERATION#flowable-async-job-executor-thread-114580#
[BindServiceToApplicationStep] Binding service instance "Bookshop-destination" to application "Bookshop-srv"...#
#2026 09 18 11:18:18.370#Z#DEBUG#9d22f57d-b352-11f1-9456-eeee0a8e3e3b.OPERATION#flowable-async-job-executor-thread-114580#
[BindServiceToApplicationStep] Binding service instance "Bookshop-destination" to application "Bookshop-srv" with parameters: { }#
#2026 09 18 11:18:18.396#Z#DEBUG#9d22f57d-b352-11f1-9456-eeee0a8e3e3b.OPERATION#flowable-async-job-executor-thread-114581#
[BindServiceToApplicationStep] Executing task "bindServiceToApplicationTask" of process "a619ba04-b352-11f1-8083-eeee0a930ca8"...#
#2026 09 18 11:18:18.398#Z#INFO#9d22f57d-b352-11f1-9456-eeee0a8e3e3b.OPERATION#flowable-async-job-executor-thread-114581#
[BindServiceToApplicationStep] Binding service instance "Bookshop-db" to application "Bookshop-srv"...#
#2026 09 18 11:18:18.411#Z#DEBUG#9d22f57d-b352-11f1-9456-eeee0a8e3e3b.OPERATION#flowable-async-job-executor-thread-114581#
[BindServiceToApplicationStep] Binding service instance "Bookshop-db" to application "Bookshop-srv" with parameters: { }#
#2026 09 18 11:18:18.465#Z#DEBUG#9d22f57d-b352-11f1-9456-eeee0a8e3e3b.OPERATION#flowable-async-job-executor-thread-114578#
Step "Bind Service to Application" finished#
#2026 09 18 11:18:18.512#Z#DEBUG#9d22f57d-b352-11f1-9456-eeee0a8e3e3b.OPERATION#flowable-async-job-executor-thread-114580#
Step "Bind Service to Application" finished#
#2026 09 18 11:18:18.581#Z#DEBUG#9d22f57d-b352-11f1-9456-eeee0a8e3e3b.OPERATION#flowable-async-job-executor-thread-114581#
Step "Bind Service to Application" finished#
#2026 09 18 11:18:18.233#Z#DEBUG#9d22f57d-b352-11f1-9456-eeee0a8e3e3b.OPERATION#flowable-async-job-executor-thread-114577#
[CreateOrUpdateAppStep] Executing task "createAppTask" of process "a617bf09-b352-11f1-8083-eeee0a930ca8"...#
#2026 09 18 11:18:18.235#Z#DEBUG#9d22f57d-b352-11f1-9456-eeee0a8e3e3b.OPERATION#flowable-async-job-executor-thread-114577#
[CreateOrUpdateAppStep] Getting application "Bookshop-db-deployer"...#
#2026 09 18 11:18:18.264#Z#INFO#9d22f57d-b352-11f1-9456-eeee0a8e3e3b.OPERATION#flowable-async-job-executor-thread-114577#
[CreateOrUpdateAppStep] Creating application "Bookshop-db-deployer" from MTA module "Bookshop-db-deployer"...#
#2026 09 18 11:18:18.272#Z#DEBUG#9d22f57d-b352-11f1-9456-eeee0a8e3e3b.OPERATION#flowable-async-job-executor-thread-114577#
[CreateOrUpdateAppStep] Creating application "Bookshop-db-deployer" with disk "null" memory "256", URIs "" and staging: "{
  "buildpacks" : [ "nodejs_buildpack" ],
  "healthCheckType" : "port",
  "appFeatures" : { }
}"#
#2026 09 18 11:18:18.691#Z#DEBUG#9d22f57d-b352-11f1-9456-eeee0a8e3e3b.OPERATION#flowable-async-job-executor-thread-114577#
[CreateOrUpdateAppStep] Application "Bookshop-db-deployer" created#
#2026 09 18 11:18:18.691#Z#DEBUG#9d22f57d-b352-11f1-9456-eeee0a8e3e3b.OPERATION#flowable-async-job-executor-thread-114577#
Step "Create App" finished#
#2026 09 18 11:18:18.785#Z#DEBUG#9d22f57d-b352-11f1-9456-eeee0a8e3e3b.OPERATION#flowable-async-job-executor-thread-114583#
[CheckServiceBindingOperationStep] Executing task "checkForServiceBindingOperationInProgress" of process "a681a43e-b352-11f1-8083-eeee0a930ca8"...#
#2026 09 18 11:18:18.785#Z#DEBUG#9d22f57d-b352-11f1-9456-eeee0a8e3e3b.OPERATION#flowable-async-job-executor-thread-114583#
[CheckServiceBindingOperationStep] Checking for service binding operation in progress between app "Bookshop-db-deployer" and service instance "Bookshop-db"#
#2026 09 18 11:18:18.786#Z#DEBUG#9d22f57d-b352-11f1-9456-eeee0a8e3e3b.OPERATION#flowable-async-job-executor-thread-114583#
[CheckServiceBindingOperationStep] Getting application guid "Bookshop-db-deployer"...#
#2026 09 18 11:18:18.861#Z#DEBUG#9d22f57d-b352-11f1-9456-eeee0a8e3e3b.OPERATION#flowable-async-job-executor-thread-114583#
[CheckServiceBindingOperationStep] Getting GUID of required service instance "Bookshop-db"...#
#2026 09 18 11:18:18.909#Z#DEBUG#9d22f57d-b352-11f1-9456-eeee0a8e3e3b.OPERATION#flowable-async-job-executor-thread-114583#
[CheckServiceBindingOperationStep] Getting binding of service instance "17e1d835-c506-4129-9091-3b886f9b346d" with application "1b9f4783-0339-4c3a-b1e7-2e9151c73fa6"...#
#2026 09 18 11:18:18.936#Z#DEBUG#9d22f57d-b352-11f1-9456-eeee0a8e3e3b.OPERATION#flowable-async-job-executor-thread-114583#
Step "Check For Service Binding Operation In Progress" finished#
#2026 09 18 11:18:18.969#Z#DEBUG#9d22f57d-b352-11f1-9456-eeee0a8e3e3b.OPERATION#flowable-async-job-executor-thread-114584#
[DetermineApplicationServiceBindingActionsStep] Executing task "determineApplicationServiceBindingActionsTask" of process "a681a43e-b352-11f1-8083-eeee0a930ca8"...#
#2026 09 18 11:18:18.970#Z#DEBUG#9d22f57d-b352-11f1-9456-eeee0a8e3e3b.OPERATION#flowable-async-job-executor-thread-114584#
[DetermineApplicationServiceBindingActionsStep] Determine bind/unbind operations of application "Bookshop-db-deployer" to service instance "Bookshop-db"#
#2026 09 18 11:18:18.970#Z#DEBUG#9d22f57d-b352-11f1-9456-eeee0a8e3e3b.OPERATION#flowable-async-job-executor-thread-114584#
[DetermineApplicationServiceBindingActionsStep] Getting application "Bookshop-db-deployer"...#
#2026 09 18 11:18:19.030#Z#DEBUG#9d22f57d-b352-11f1-9456-eeee0a8e3e3b.OPERATION#flowable-async-job-executor-thread-114584#
[DetermineApplicationServiceBindingActionsStep] Binding parameters for application "Bookshop-db-deployer": { }#
#2026 09 18 11:18:19.069#Z#DEBUG#9d22f57d-b352-11f1-9456-eeee0a8e3e3b.OPERATION#flowable-async-job-executor-thread-114584#
[DetermineApplicationServiceBindingActionsStep] Calculated binding operations between application "Bookshop-db-deployer" and service instance "Bookshop-db": unbind - false bind - true#
#2026 09 18 11:18:19.069#Z#DEBUG#9d22f57d-b352-11f1-9456-eeee0a8e3e3b.OPERATION#flowable-async-job-executor-thread-114584#
Step "Determine Application Service Binding Actions" finished#
#2026 09 18 11:18:19.122#Z#DEBUG#9d22f57d-b352-11f1-9456-eeee0a8e3e3b.OPERATION#flowable-async-job-executor-thread-114585#
[BindServiceToApplicationStep] Executing task "bindServiceToApplicationTask" of process "a681a43e-b352-11f1-8083-eeee0a930ca8"...#
#2026 09 18 11:18:19.123#Z#INFO#9d22f57d-b352-11f1-9456-eeee0a8e3e3b.OPERATION#flowable-async-job-executor-thread-114585#
[BindServiceToApplicationStep] Binding service instance "Bookshop-db" to application "Bookshop-db-deployer"...#
#2026 09 18 11:18:19.131#Z#DEBUG#9d22f57d-b352-11f1-9456-eeee0a8e3e3b.OPERATION#flowable-async-job-executor-thread-114585#
[BindServiceToApplicationStep] Binding service instance "Bookshop-db" to application "Bookshop-db-deployer" with parameters: { }#
#2026 09 18 11:18:19.270#Z#DEBUG#9d22f57d-b352-11f1-9456-eeee0a8e3e3b.OPERATION#flowable-async-job-executor-thread-114585#
Step "Bind Service to Application" finished#
#2026 09 18 11:18:18.597#Z#DEBUG#9d22f57d-b352-11f1-9456-eeee0a8e3e3b.OPERATION#flowable-async-job-executor-thread-39113#
[BuildContentDeploymentConfigurationStep] Executing task "buildContentDeploymentConfigurationTask" of process "a65a9420-b352-11f1-9456-eeee0a8e3e3b"...#
#2026 09 18 11:18:18.606#Z#DEBUG#9d22f57d-b352-11f1-9456-eeee0a8e3e3b.OPERATION#ForkJoinPool-68-worker-1#
[BuildContentDeploymentConfigurationStep] Getting service key "Bookshop-app-deployer-Bookshop-auth-credentials" for service instance "Bookshop-auth"...#
#2026 09 18 11:18:18.609#Z#DEBUG#9d22f57d-b352-11f1-9456-eeee0a8e3e3b.OPERATION#ForkJoinPool-68-worker-2#
[BuildContentDeploymentConfigurationStep] Getting service key "Bookshop-app-deployer-Bookshop-html5-repo-host-credentials" for service instance "Bookshop-html5-repo-host"...#
#2026 09 18 11:18:18.776#Z#INFO#9d22f57d-b352-11f1-9456-eeee0a8e3e3b.OPERATION#ForkJoinPool-68-worker-2#
[BuildContentDeploymentConfigurationStep] Creating service key "Bookshop-app-deployer-Bookshop-html5-repo-host-credentials" for service instance "Bookshop-html5-repo-host"...#
#2026 09 18 11:18:18.779#Z#INFO#9d22f57d-b352-11f1-9456-eeee0a8e3e3b.OPERATION#ForkJoinPool-68-worker-1#
[BuildContentDeploymentConfigurationStep] Creating service key "Bookshop-app-deployer-Bookshop-auth-credentials" for service instance "Bookshop-auth"...#
#2026 09 18 11:18:18.788#Z#DEBUG#9d22f57d-b352-11f1-9456-eeee0a8e3e3b.OPERATION#ForkJoinPool-68-worker-2#
[BuildContentDeploymentConfigurationStep] Creating service key "Bookshop-app-deployer-Bookshop-html5-repo-host-credentials" for service instance "Bookshop-html5-repo-host" with parameters: {
  "service_key_type" : "********"
}#
#2026 09 18 11:18:18.793#Z#DEBUG#9d22f57d-b352-11f1-9456-eeee0a8e3e3b.OPERATION#ForkJoinPool-68-worker-1#
[BuildContentDeploymentConfigurationStep] Creating service key "Bookshop-app-deployer-Bookshop-auth-credentials" for service instance "Bookshop-auth" with parameters: { }#
#2026 09 18 11:18:20.248#Z#DEBUG#9d22f57d-b352-11f1-9456-eeee0a8e3e3b.OPERATION#ForkJoinPool-68-worker-2#
[BuildContentDeploymentConfigurationStep] Service key "Bookshop-app-deployer-Bookshop-html5-repo-host-credentials" created#
#2026 09 18 11:18:20.275#Z#DEBUG#9d22f57d-b352-11f1-9456-eeee0a8e3e3b.OPERATION#ForkJoinPool-68-worker-1#
[BuildContentDeploymentConfigurationStep] Service key "Bookshop-app-deployer-Bookshop-auth-credentials" created#
#2026 09 18 11:18:20.275#Z#DEBUG#9d22f57d-b352-11f1-9456-eeee0a8e3e3b.OPERATION#flowable-async-job-executor-thread-39113#
Step "Build Content Deployment Configuration" finished#
#2026 09 18 11:18:20.282#Z#DEBUG#9d22f57d-b352-11f1-9456-eeee0a8e3e3b.OPERATION#flowable-async-job-executor-thread-39113#
[CreateContentDeployClientConfigurationStep] Executing task "createContentDeployClientConfigurationTask" of process "a76ca076-b352-11f1-9456-eeee0a8e3e3b"...#
#2026 09 18 11:18:20.282#Z#DEBUG#9d22f57d-b352-11f1-9456-eeee0a8e3e3b.OPERATION#flowable-async-job-executor-thread-39113#
[CreateContentDeployClientConfigurationStep] Content deployer client configuration: {
  "contentDeployerUrl" : "https://html5-apps-repo-dt.cfapps.eu20.hana.ondemand.com",
  "uaaClientConfiguration" : {
    "url" : "********",
    "credentials" : "********",
    "authenticationStrategyType" : "********"
  },
  "httpRequestHeaders" : {
    "X-CorrelationID" : "9d22f57d-b352-11f1-9456-eeee0a8e3e3b"
  },
  "spaceId" : "4cc0a88c-ec98-47c4-9958-38b5e6ec9fcf",
  "serviceName" : "Bookshop-html5-repo-host"
}#
#2026 09 18 11:18:20.497#Z#DEBUG#9d22f57d-b352-11f1-9456-eeee0a8e3e3b.OPERATION#flowable-async-job-executor-thread-39113#
Step "Create Content Deploy Client Configuration" finished#
#2026 09 18 11:18:20.499#Z#DEBUG#9d22f57d-b352-11f1-9456-eeee0a8e3e3b.OPERATION#flowable-async-job-executor-thread-39113#
[GetContentFromDeploymentDescriptorStep] Executing task "getContentFromDeploymentDescriptorTask" of process "a76ca076-b352-11f1-9456-eeee0a8e3e3b"...#
#2026 09 18 11:18:20.499#Z#DEBUG#9d22f57d-b352-11f1-9456-eeee0a8e3e3b.OPERATION#flowable-async-job-executor-thread-39113#
Step "Get Content From Deployment Descriptor" finished#
#2026 09 18 11:18:20.501#Z#DEBUG#9d22f57d-b352-11f1-9456-eeee0a8e3e3b.OPERATION#flowable-async-job-executor-thread-39113#
[UploadContentStep] Executing task "uploadContentTask" of process "a76ca076-b352-11f1-9456-eeee0a8e3e3b"...#
#2026 09 18 11:18:20.501#Z#INFO#9d22f57d-b352-11f1-9456-eeee0a8e3e3b.OPERATION#flowable-async-job-executor-thread-39113#
[UploadContentStep] Uploading content module "Bookshop-app-deployer" in target service "Bookshop-html5-repo-host"...#
#2026 09 18 11:18:20.512#Z#DEBUG#9d22f57d-b352-11f1-9456-eeee0a8e3e3b.OPERATION#flowable-async-job-executor-thread-39113#
[UploadContentStep] Uploading file "Bookshop-app-deployer/app/data.zip" for content module "Bookshop-app-deployer" in service "Bookshop-html5-repo-host"#
#2026 09 18 11:18:20.755#Z#INFO#9d22f57d-b352-11f1-9456-eeee0a8e3e3b.OPERATION#flowable-async-job-executor-thread-39113#
[UploadContentStep] Content to deploy size: 17,821 in bytes#
#2026 09 18 11:18:22.018#Z#DEBUG#9d22f57d-b352-11f1-9456-eeee0a8e3e3b.OPERATION#flowable-async-job-executor-thread-39113#
[UploadContentStep] Uploaded content: {
  "id" : "03da6510-a4c0-4fb9-9fe8-73d4b4123e68",
  "name" : "content.zip",
  "contentType" : "FILE"
}#
#2026 09 18 11:18:22.019#Z#DEBUG#9d22f57d-b352-11f1-9456-eeee0a8e3e3b.OPERATION#flowable-async-job-executor-thread-39113#
Step "Upload Content" finished#
#2026 09 18 11:18:22.021#Z#DEBUG#9d22f57d-b352-11f1-9456-eeee0a8e3e3b.OPERATION#flowable-async-job-executor-thread-39113#
[StartContentDeployStep] Executing task "startContentDeployTask" of process "a76ca076-b352-11f1-9456-eeee0a8e3e3b"...#
#2026 09 18 11:18:22.021#Z#INFO#9d22f57d-b352-11f1-9456-eeee0a8e3e3b.OPERATION#flowable-async-job-executor-thread-39113#
[StartContentDeployStep] Deploying content module "Bookshop-app-deployer" in target service "Bookshop-html5-repo-host"...#
#2026 09 18 11:18:22.292#Z#DEBUG#9d22f57d-b352-11f1-9456-eeee0a8e3e3b.OPERATION#flowable-async-job-executor-thread-39113#
Step "Start Content Deploy" finished#
#2026 09 18 11:18:23.565#Z#DEBUG#9d22f57d-b352-11f1-9456-eeee0a8e3e3b.OPERATION#flowable-async-job-executor-thread-112247#
[BindServiceToApplicationStep] Executing task "bindServiceToApplicationTask" of process "a6074379-b352-11f1-8083-eeee0a930ca8"...#
#2026 09 18 11:18:23.566#Z#DEBUG#9d22f57d-b352-11f1-9456-eeee0a8e3e3b.OPERATION#flowable-async-job-executor-thread-112247#
[BindServiceToApplicationStep] Getting async job "b10fe025-47ae-460c-8cd1-54f91973e490"#
#2026 09 18 11:18:23.570#Z#DEBUG#9d22f57d-b352-11f1-9456-eeee0a8e3e3b.OPERATION#flowable-async-job-executor-thread-112248#
[BindServiceToApplicationStep] Executing task "bindServiceToApplicationTask" of process "a610e094-b352-11f1-8083-eeee0a930ca8"...#
#2026 09 18 11:18:23.571#Z#DEBUG#9d22f57d-b352-11f1-9456-eeee0a8e3e3b.OPERATION#flowable-async-job-executor-thread-112248#
[BindServiceToApplicationStep] Getting async job "1c3546ec-8a54-4712-8b99-5fd347a75469"#
#2026 09 18 11:18:23.599#Z#DEBUG#9d22f57d-b352-11f1-9456-eeee0a8e3e3b.OPERATION#flowable-async-job-executor-thread-112247#
[BindServiceToApplicationStep] Getting service instance "Bookshop-auth"...#
#2026 09 18 11:18:23.605#Z#DEBUG#9d22f57d-b352-11f1-9456-eeee0a8e3e3b.OPERATION#flowable-async-job-executor-thread-112252#
[BindServiceToApplicationStep] Executing task "bindServiceToApplicationTask" of process "a5b79d31-b352-11f1-b020-eeee0a8dee89"...#
#2026 09 18 11:18:23.606#Z#DEBUG#9d22f57d-b352-11f1-9456-eeee0a8e3e3b.OPERATION#flowable-async-job-executor-thread-112252#
[BindServiceToApplicationStep] Getting async job "7990bca3-7322-47c8-8235-a8c1b299d0b6"#
#2026 09 18 11:18:23.607#Z#DEBUG#9d22f57d-b352-11f1-9456-eeee0a8e3e3b.OPERATION#flowable-async-job-executor-thread-112248#
[BindServiceToApplicationStep] Getting service instance "Bookshop-destination"...#
#2026 09 18 11:18:23.643#Z#DEBUG#9d22f57d-b352-11f1-9456-eeee0a8e3e3b.OPERATION#flowable-async-job-executor-thread-112252#
[BindServiceToApplicationStep] Getting service instance "Bookshop-ias"...#
#2026 09 18 11:18:23.903#Z#DEBUG#9d22f57d-b352-11f1-9456-eeee0a8e3e3b.OPERATION#flowable-async-job-executor-thread-112252#
[BindServiceToApplicationStep] Async operation of service binding "7990bca3-7322-47c8-8235-a8c1b299d0b6" is in state "POLLING" warnings ""#
#2026 09 18 11:18:23.904#Z#DEBUG#9d22f57d-b352-11f1-9456-eeee0a8e3e3b.OPERATION#flowable-async-job-executor-thread-112252#
Step "Bind Service to Application" finished#
#2026 09 18 11:18:23.924#Z#DEBUG#9d22f57d-b352-11f1-9456-eeee0a8e3e3b.OPERATION#flowable-async-job-executor-thread-112247#
[BindServiceToApplicationStep] Async service binding operation with id "b10fe025-47ae-460c-8cd1-54f91973e490" finished#
#2026 09 18 11:18:23.925#Z#DEBUG#9d22f57d-b352-11f1-9456-eeee0a8e3e3b.OPERATION#flowable-async-job-executor-thread-112248#
[BindServiceToApplicationStep] Async operation of service binding "1c3546ec-8a54-4712-8b99-5fd347a75469" is in state "PROCESSING" warnings ""#
#2026 09 18 11:18:23.925#Z#DEBUG#9d22f57d-b352-11f1-9456-eeee0a8e3e3b.OPERATION#flowable-async-job-executor-thread-112248#
Step "Bind Service to Application" finished#
#2026 09 18 11:18:23.950#Z#DEBUG#9d22f57d-b352-11f1-9456-eeee0a8e3e3b.OPERATION#flowable-async-job-executor-thread-112247#
Step "Bind Service to Application" finished#
#2026 09 18 11:18:21.268#Z#DEBUG#9d22f57d-b352-11f1-9456-eeee0a8e3e3b.OPERATION#flowable-async-job-executor-thread-38540#
[BuildContentDeploymentConfigurationStep] Executing task "buildContentDeploymentConfigurationTask" of process "a7e7277b-b352-11f1-b4c5-eeee0a81da41"...#
#2026 09 18 11:18:21.280#Z#DEBUG#9d22f57d-b352-11f1-9456-eeee0a8e3e3b.OPERATION#ForkJoinPool-80-worker-1#
[BuildContentDeploymentConfigurationStep] Getting service key "Bookshop-html5-repo-host-key" for service instance "Bookshop-html5-repo-host"...#
#2026 09 18 11:18:21.280#Z#DEBUG#9d22f57d-b352-11f1-9456-eeee0a8e3e3b.OPERATION#ForkJoinPool-80-worker-2#
[BuildContentDeploymentConfigurationStep] Getting service key "Bookshop-destinations-Bookshop-destination-credentials" for service instance "Bookshop-destination"...#
#2026 09 18 11:18:21.283#Z#DEBUG#9d22f57d-b352-11f1-9456-eeee0a8e3e3b.OPERATION#ForkJoinPool-80-worker-3#
[BuildContentDeploymentConfigurationStep] Getting service key "Bookshop-auth-key" for service instance "Bookshop-auth"...#
#2026 09 18 11:18:21.466#Z#INFO#9d22f57d-b352-11f1-9456-eeee0a8e3e3b.OPERATION#ForkJoinPool-80-worker-1#
[BuildContentDeploymentConfigurationStep] Creating service key "Bookshop-html5-repo-host-key" for service instance "Bookshop-html5-repo-host"...#
#2026 09 18 11:18:21.466#Z#INFO#9d22f57d-b352-11f1-9456-eeee0a8e3e3b.OPERATION#ForkJoinPool-80-worker-3#
[BuildContentDeploymentConfigurationStep] Creating service key "Bookshop-auth-key" for service instance "Bookshop-auth"...#
#2026 09 18 11:18:21.471#Z#INFO#9d22f57d-b352-11f1-9456-eeee0a8e3e3b.OPERATION#ForkJoinPool-80-worker-2#
[BuildContentDeploymentConfigurationStep] Creating service key "Bookshop-destinations-Bookshop-destination-credentials" for service instance "Bookshop-destination"...#
#2026 09 18 11:18:21.480#Z#DEBUG#9d22f57d-b352-11f1-9456-eeee0a8e3e3b.OPERATION#ForkJoinPool-80-worker-3#
[BuildContentDeploymentConfigurationStep] Creating service key "Bookshop-auth-key" for service instance "Bookshop-auth" with parameters: { }#
#2026 09 18 11:18:21.480#Z#DEBUG#9d22f57d-b352-11f1-9456-eeee0a8e3e3b.OPERATION#ForkJoinPool-80-worker-1#
[BuildContentDeploymentConfigurationStep] Creating service key "Bookshop-html5-repo-host-key" for service instance "Bookshop-html5-repo-host" with parameters: { }#
#2026 09 18 11:18:21.483#Z#DEBUG#9d22f57d-b352-11f1-9456-eeee0a8e3e3b.OPERATION#ForkJoinPool-80-worker-2#
[BuildContentDeploymentConfigurationStep] Creating service key "Bookshop-destinations-Bookshop-destination-credentials" for service instance "Bookshop-destination" with parameters: {
  "service_key_type" : "********"
}#
#2026 09 18 11:18:24.958#Z#DEBUG#9d22f57d-b352-11f1-9456-eeee0a8e3e3b.OPERATION#ForkJoinPool-80-worker-1#
[BuildContentDeploymentConfigurationStep] Service key "Bookshop-html5-repo-host-key" created#
#2026 09 18 11:18:24.994#Z#DEBUG#9d22f57d-b352-11f1-9456-eeee0a8e3e3b.OPERATION#ForkJoinPool-80-worker-3#
[BuildContentDeploymentConfigurationStep] Service key "Bookshop-auth-key" created#
#2026 09 18 11:18:29.025#Z#DEBUG#9d22f57d-b352-11f1-9456-eeee0a8e3e3b.OPERATION#ForkJoinPool-80-worker-2#
[BuildContentDeploymentConfigurationStep] Service key "Bookshop-destinations-Bookshop-destination-credentials" created#
#2026 09 18 11:18:29.026#Z#DEBUG#9d22f57d-b352-11f1-9456-eeee0a8e3e3b.OPERATION#flowable-async-job-executor-thread-38540#
Step "Build Content Deployment Configuration" finished#
#2026 09 18 11:18:33.631#Z#DEBUG#9d22f57d-b352-11f1-9456-eeee0a8e3e3b.OPERATION#flowable-async-job-executor-thread-112259#
[BindServiceToApplicationStep] Executing task "bindServiceToApplicationTask" of process "a681a43e-b352-11f1-8083-eeee0a930ca8"...#
#2026 09 18 11:18:33.633#Z#DEBUG#9d22f57d-b352-11f1-9456-eeee0a8e3e3b.OPERATION#flowable-async-job-executor-thread-112259#
[BindServiceToApplicationStep] Getting async job "39125e88-20bf-474e-a0e9-6bdb65fa070c"#
#2026 09 18 11:18:33.634#Z#DEBUG#9d22f57d-b352-11f1-9456-eeee0a8e3e3b.OPERATION#flowable-async-job-executor-thread-112262#
[BindServiceToApplicationStep] Executing task "bindServiceToApplicationTask" of process "a619ba04-b352-11f1-8083-eeee0a930ca8"...#
#2026 09 18 11:18:33.635#Z#DEBUG#9d22f57d-b352-11f1-9456-eeee0a8e3e3b.OPERATION#flowable-async-job-executor-thread-112262#
[BindServiceToApplicationStep] Getting async job "004b24bb-0e2e-41f1-a1a5-faf295647043"#
#2026 09 18 11:18:33.664#Z#DEBUG#9d22f57d-b352-11f1-9456-eeee0a8e3e3b.OPERATION#flowable-async-job-executor-thread-112262#
[BindServiceToApplicationStep] Getting service instance "Bookshop-db"...#
#2026 09 18 11:18:33.669#Z#DEBUG#9d22f57d-b352-11f1-9456-eeee0a8e3e3b.OPERATION#flowable-async-job-executor-thread-112259#
[BindServiceToApplicationStep] Getting service instance "Bookshop-db"...#
#2026 09 18 11:18:33.674#Z#DEBUG#9d22f57d-b352-11f1-9456-eeee0a8e3e3b.OPERATION#flowable-async-job-executor-thread-112269#
[BindServiceToApplicationStep] Executing task "bindServiceToApplicationTask" of process "a5b79d31-b352-11f1-b020-eeee0a8dee89"...#
#2026 09 18 11:18:33.675#Z#DEBUG#9d22f57d-b352-11f1-9456-eeee0a8e3e3b.OPERATION#flowable-async-job-executor-thread-112269#
[BindServiceToApplicationStep] Getting async job "7990bca3-7322-47c8-8235-a8c1b299d0b6"#
#2026 09 18 11:18:33.709#Z#DEBUG#9d22f57d-b352-11f1-9456-eeee0a8e3e3b.OPERATION#flowable-async-job-executor-thread-112269#
[BindServiceToApplicationStep] Getting service instance "Bookshop-ias"...#
#2026 09 18 11:18:33.741#Z#DEBUG#9d22f57d-b352-11f1-9456-eeee0a8e3e3b.OPERATION#flowable-async-job-executor-thread-112280#
[BindServiceToApplicationStep] Executing task "bindServiceToApplicationTask" of process "a610e094-b352-11f1-8083-eeee0a930ca8"...#
#2026 09 18 11:18:33.742#Z#DEBUG#9d22f57d-b352-11f1-9456-eeee0a8e3e3b.OPERATION#flowable-async-job-executor-thread-112280#
[BindServiceToApplicationStep] Getting async job "1c3546ec-8a54-4712-8b99-5fd347a75469"#
#2026 09 18 11:18:33.779#Z#DEBUG#9d22f57d-b352-11f1-9456-eeee0a8e3e3b.OPERATION#flowable-async-job-executor-thread-112280#
[BindServiceToApplicationStep] Getting service instance "Bookshop-destination"...#
#2026 09 18 11:18:33.787#Z#DEBUG#9d22f57d-b352-11f1-9456-eeee0a8e3e3b.OPERATION#flowable-async-job-executor-thread-112262#
[BindServiceToApplicationStep] Async service binding operation with id "004b24bb-0e2e-41f1-a1a5-faf295647043" finished#
#2026 09 18 11:18:33.788#Z#DEBUG#9d22f57d-b352-11f1-9456-eeee0a8e3e3b.OPERATION#flowable-async-job-executor-thread-112262#
Step "Bind Service to Application" finished#
#2026 09 18 11:18:33.801#Z#DEBUG#9d22f57d-b352-11f1-9456-eeee0a8e3e3b.OPERATION#flowable-async-job-executor-thread-112259#
[BindServiceToApplicationStep] Async service binding operation with id "39125e88-20bf-474e-a0e9-6bdb65fa070c" finished#
#2026 09 18 11:18:33.802#Z#DEBUG#9d22f57d-b352-11f1-9456-eeee0a8e3e3b.OPERATION#flowable-async-job-executor-thread-112259#
Step "Bind Service to Application" finished#
#2026 09 18 11:18:33.863#Z#DEBUG#9d22f57d-b352-11f1-9456-eeee0a8e3e3b.OPERATION#flowable-async-job-executor-thread-112269#
[BindServiceToApplicationStep] Async service binding operation with id "7990bca3-7322-47c8-8235-a8c1b299d0b6" finished#
#2026 09 18 11:18:33.864#Z#DEBUG#9d22f57d-b352-11f1-9456-eeee0a8e3e3b.OPERATION#flowable-async-job-executor-thread-112269#
Step "Bind Service to Application" finished#
#2026 09 18 11:18:33.951#Z#DEBUG#9d22f57d-b352-11f1-9456-eeee0a8e3e3b.OPERATION#flowable-async-job-executor-thread-112280#
[BindServiceToApplicationStep] Async service binding operation with id "1c3546ec-8a54-4712-8b99-5fd347a75469" finished#
#2026 09 18 11:18:33.951#Z#DEBUG#9d22f57d-b352-11f1-9456-eeee0a8e3e3b.OPERATION#flowable-async-job-executor-thread-112280#
Step "Bind Service to Application" finished#
#2026 09 18 11:18:33.987#Z#DEBUG#9d22f57d-b352-11f1-9456-eeee0a8e3e3b.OPERATION#flowable-async-job-executor-thread-112288#
[DetermineVcapServicesPropertiesChangedStep] Executing task "determineVcapServicesPropertiesChangedTask" of process "af87ab33-b352-11f1-abdf-eeee0a9f4ca8"...#
#2026 09 18 11:18:33.988#Z#DEBUG#9d22f57d-b352-11f1-9456-eeee0a8e3e3b.OPERATION#flowable-async-job-executor-thread-112288#
[DetermineVcapServicesPropertiesChangedStep] VCAP_SERVICES properties for application "Bookshop-db-deployer" changed: true#
#2026 09 18 11:18:33.988#Z#DEBUG#9d22f57d-b352-11f1-9456-eeee0a8e3e3b.OPERATION#flowable-async-job-executor-thread-112288#
Step "Determine vcap services properties changed" finished#
#2026 09 18 11:18:34.103#Z#DEBUG#9d22f57d-b352-11f1-9456-eeee0a8e3e3b.OPERATION#flowable-async-job-executor-thread-112292#
[DetermineVcapServicesPropertiesChangedStep] Executing task "determineVcapServicesPropertiesChangedTask" of process "afa19c07-b352-11f1-abdf-eeee0a9f4ca8"...#
#2026 09 18 11:18:34.104#Z#DEBUG#9d22f57d-b352-11f1-9456-eeee0a8e3e3b.OPERATION#flowable-async-job-executor-thread-112292#
[DetermineVcapServicesPropertiesChangedStep] VCAP_SERVICES properties for application "Bookshop-srv" changed: true#
#2026 09 18 11:18:34.104#Z#DEBUG#9d22f57d-b352-11f1-9456-eeee0a8e3e3b.OPERATION#flowable-async-job-executor-thread-112292#
Step "Determine vcap services properties changed" finished#
#2026 09 18 11:18:33.630#Z#DEBUG#9d22f57d-b352-11f1-9456-eeee0a8e3e3b.OPERATION#flowable-async-job-executor-thread-112260#
[StartContentDeployStep] Executing task "startContentDeployTask" of process "a76ca076-b352-11f1-9456-eeee0a8e3e3b"...#
#2026 09 18 11:18:33.632#Z#DEBUG#9d22f57d-b352-11f1-9456-eeee0a8e3e3b.OPERATION#flowable-async-job-executor-thread-112260#
[StartContentDeployStep] Checking status of module content deployment "Bookshop-app-deployer" in service "Bookshop-html5-repo-host"...#
#2026 09 18 11:18:34.213#Z#DEBUG#9d22f57d-b352-11f1-9456-eeee0a8e3e3b.OPERATION#flowable-async-job-executor-thread-112260#
[StartContentDeployStep] Deleting content deployment resource "03da6510-a4c0-4fb9-9fe8-73d4b4123e68"...#
#2026 09 18 11:18:34.262#Z#DEBUG#9d22f57d-b352-11f1-9456-eeee0a8e3e3b.OPERATION#flowable-async-job-executor-thread-112260#
Step "Start Content Deploy" finished#
#2026 09 18 11:18:29.035#Z#DEBUG#9d22f57d-b352-11f1-9456-eeee0a8e3e3b.OPERATION#flowable-async-job-executor-thread-38540#
[CreateContentDeployClientConfigurationStep] Executing task "createContentDeployClientConfigurationTask" of process "aca3eb9f-b352-11f1-b4c5-eeee0a81da41"...#
#2026 09 18 11:18:29.036#Z#DEBUG#9d22f57d-b352-11f1-9456-eeee0a8e3e3b.OPERATION#flowable-async-job-executor-thread-38540#
[CreateContentDeployClientConfigurationStep] Content deployer client configuration: {
  "contentDeployerUrl" : "https://destination-configuration.cfapps.eu20.hana.ondemand.com/destination-configuration/gacd",
  "uaaClientConfiguration" : {
    "url" : "********",
    "credentials" : "********",
    "authenticationStrategyType" : "********"
  },
  "httpRequestHeaders" : {
    "X-CorrelationID" : "9d22f57d-b352-11f1-9456-eeee0a8e3e3b"
  },
  "spaceId" : "4cc0a88c-ec98-47c4-9958-38b5e6ec9fcf",
  "serviceName" : "Bookshop-destination"
}#
#2026 09 18 11:18:34.296#Z#DEBUG#9d22f57d-b352-11f1-9456-eeee0a8e3e3b.OPERATION#flowable-async-job-executor-thread-38540#
Step "Create Content Deploy Client Configuration" finished#
#2026 09 18 11:18:34.299#Z#DEBUG#9d22f57d-b352-11f1-9456-eeee0a8e3e3b.OPERATION#flowable-async-job-executor-thread-38540#
[GetContentFromDeploymentDescriptorStep] Executing task "getContentFromDeploymentDescriptorTask" of process "aca3eb9f-b352-11f1-b4c5-eeee0a81da41"...#
#2026 09 18 11:18:34.300#Z#DEBUG#9d22f57d-b352-11f1-9456-eeee0a8e3e3b.OPERATION#flowable-async-job-executor-thread-38540#
[GetContentFromDeploymentDescriptorStep] Content for module: "Bookshop-destinations" is: "{
  "id" : "c86233a2-3edf-45f6-ad23-dfc660bbb6a8",
  "contentType" : "EMBEDDED",
  "content" : {
    "instance" : {
      "destinations" : [ {
        "Name" : "Bookshop-html5-repository",
        "ServiceInstanceName" : "Bookshop-html5-repo-host",
        "ServiceKeyName" : "********",
        "sap.cloud.service" : "Bookshop.service"
      }, {
        "Authentication" : "********",
        "Name" : "********",
        "ServiceInstanceName" : "********",
        "ServiceKeyName" : "********",
        "sap.cloud.service" : "Bookshop.service"
      } ],
      "existing_destinations_policy" : "update"
    }
  }
}"#
#2026 09 18 11:18:34.300#Z#DEBUG#9d22f57d-b352-11f1-9456-eeee0a8e3e3b.OPERATION#flowable-async-job-executor-thread-38540#
Step "Get Content From Deployment Descriptor" finished#
#2026 09 18 11:18:34.303#Z#DEBUG#9d22f57d-b352-11f1-9456-eeee0a8e3e3b.OPERATION#flowable-async-job-executor-thread-38540#
[SynchronousContentDeployStep] Executing task "synchronousContentDeployTask" of process "aca3eb9f-b352-11f1-b4c5-eeee0a81da41"...#
#2026 09 18 11:18:34.304#Z#INFO#9d22f57d-b352-11f1-9456-eeee0a8e3e3b.OPERATION#flowable-async-job-executor-thread-38540#
[SynchronousContentDeployStep] Deploying content module "Bookshop-destinations" in target service "Bookshop-destination"...#
#2026 09 18 11:18:34.514#Z#DEBUG#9d22f57d-b352-11f1-9456-eeee0a8e3e3b.OPERATION#flowable-async-job-executor-thread-38540#
[SynchronousContentDeployStep] Processing inline content upload for module: Bookshop-destinations#
#2026 09 18 11:18:35.214#Z#DEBUG#9d22f57d-b352-11f1-9456-eeee0a8e3e3b.OPERATION#flowable-async-job-executor-thread-38540#
Step "Synchronous Deploy" finished#
#2026 09 18 11:18:34.029#Z#DEBUG#9d22f57d-b352-11f1-9456-eeee0a8e3e3b.OPERATION#flowable-async-job-executor-thread-112290#
[UploadAppStep] Executing task "uploadAppTask" of process "af87ab33-b352-11f1-abdf-eeee0a9f4ca8"...#
#2026 09 18 11:18:34.031#Z#DEBUG#9d22f57d-b352-11f1-9456-eeee0a8e3e3b.OPERATION#flowable-async-job-executor-thread-112290#
[UploadAppStep] Application upload timeout is default one: 3,600 seconds#
#2026 09 18 11:18:34.031#Z#INFO#9d22f57d-b352-11f1-9456-eeee0a8e3e3b.OPERATION#flowable-async-job-executor-thread-112290#
[UploadAppStep] Uploading application "Bookshop-db-deployer"...#
#2026 09 18 11:18:34.041#Z#DEBUG#9d22f57d-b352-11f1-9456-eeee0a8e3e3b.OPERATION#flowable-async-job-executor-thread-112290#
[UploadAppStep] Getting application "Bookshop-db-deployer"...#
#2026 09 18 11:18:34.110#Z#DEBUG#9d22f57d-b352-11f1-9456-eeee0a8e3e3b.OPERATION#flowable-async-job-executor-thread-112290#
[UploadAppStep] Getting environment of application "1b9f4783-0339-4c3a-b1e7-2e9151c73fa6"...#
#2026 09 18 11:18:34.134#Z#DEBUG#9d22f57d-b352-11f1-9456-eeee0a8e3e3b.OPERATION#flowable-async-job-executor-thread-112293#
[UploadAppStep] Executing task "uploadAppTask" of process "afa19c07-b352-11f1-abdf-eeee0a9f4ca8"...#
#2026 09 18 11:18:34.136#Z#DEBUG#9d22f57d-b352-11f1-9456-eeee0a8e3e3b.OPERATION#flowable-async-job-executor-thread-112293#
[UploadAppStep] Application upload timeout is default one: 3,600 seconds#
#2026 09 18 11:18:34.136#Z#INFO#9d22f57d-b352-11f1-9456-eeee0a8e3e3b.OPERATION#flowable-async-job-executor-thread-112293#
[UploadAppStep] Uploading application "Bookshop-srv"...#
#2026 09 18 11:18:34.144#Z#DEBUG#9d22f57d-b352-11f1-9456-eeee0a8e3e3b.OPERATION#flowable-async-job-executor-thread-112293#
[UploadAppStep] Getting application "Bookshop-srv"...#
#2026 09 18 11:18:34.166#Z#INFO#9d22f57d-b352-11f1-9456-eeee0a8e3e3b.OPERATION#flowable-async-job-executor-thread-112290#
[UploadAppStep] Calculating application digest: "Bookshop-db-deployer"#
#2026 09 18 11:18:34.190#Z#DEBUG#9d22f57d-b352-11f1-9456-eeee0a8e3e3b.OPERATION#flowable-async-job-executor-thread-112293#
[UploadAppStep] Getting environment of application "01e236f2-5c17-43fc-83b1-6383711c1c1d"...#
#2026 09 18 11:18:34.230#Z#INFO#9d22f57d-b352-11f1-9456-eeee0a8e3e3b.OPERATION#flowable-async-job-executor-thread-112293#
[UploadAppStep] Calculating application digest: "Bookshop-srv"#
#2026 09 18 11:18:35.283#Z#DEBUG#9d22f57d-b352-11f1-9456-eeee0a8e3e3b.OPERATION#flowable-async-job-executor-thread-112290#
Step "Upload App" finished#
#2026 09 18 11:18:35.768#Z#DEBUG#9d22f57d-b352-11f1-9456-eeee0a8e3e3b.OPERATION#flowable-async-job-executor-thread-112293#
Step "Upload App" finished#
#2026 09 18 11:18:43.770#Z#DEBUG#9d22f57d-b352-11f1-9456-eeee0a8e3e3b.OPERATION#flowable-async-job-executor-thread-112302#
[UploadAppStep] Executing task "uploadAppTask" of process "af87ab33-b352-11f1-abdf-eeee0a9f4ca8"...#
#2026 09 18 11:18:43.771#Z#DEBUG#9d22f57d-b352-11f1-9456-eeee0a8e3e3b.OPERATION#flowable-async-job-executor-thread-112303#
[UploadAppStep] Executing task "uploadAppTask" of process "afa19c07-b352-11f1-abdf-eeee0a9f4ca8"...#
#2026 09 18 11:18:43.772#Z#DEBUG#9d22f57d-b352-11f1-9456-eeee0a8e3e3b.OPERATION#flowable-async-job-executor-thread-112302#
[UploadAppStep] Application upload timeout is default one: 3,600 seconds#
#2026 09 18 11:18:43.772#Z#DEBUG#9d22f57d-b352-11f1-9456-eeee0a8e3e3b.OPERATION#flowable-async-job-executor-thread-112303#
[UploadAppStep] Application upload timeout is default one: 3,600 seconds#
#2026 09 18 11:18:43.773#Z#DEBUG#9d22f57d-b352-11f1-9456-eeee0a8e3e3b.OPERATION#pool-13-thread-1#
[UploadAppStep] Upload of application: Bookshop-db-deployer started on instance: 1#
#2026 09 18 11:18:43.773#Z#DEBUG#9d22f57d-b352-11f1-9456-eeee0a8e3e3b.OPERATION#pool-13-thread-1#
[UploadAppStep] Uploading file "Bookshop-db-deployer/data.zip" for application "Bookshop-db-deployer"#
#2026 09 18 11:18:43.774#Z#DEBUG#9d22f57d-b352-11f1-9456-eeee0a8e3e3b.OPERATION#pool-13-thread-6#
[UploadAppStep] Upload of application: Bookshop-srv started on instance: 1#
#2026 09 18 11:18:43.774#Z#DEBUG#9d22f57d-b352-11f1-9456-eeee0a8e3e3b.OPERATION#pool-13-thread-6#
[UploadAppStep] Uploading file "Bookshop-srv/data.zip" for application "Bookshop-srv"#
#2026 09 18 11:18:43.941#Z#INFO#9d22f57d-b352-11f1-9456-eeee0a8e3e3b.OPERATION#pool-13-thread-1#
[UploadAppStep] Time elapsed for app binary download: 167 in millis#
#2026 09 18 11:18:43.941#Z#INFO#9d22f57d-b352-11f1-9456-eeee0a8e3e3b.OPERATION#pool-13-thread-1#
[UploadAppStep] Size of app Bookshop-db-deployer is 2,465,089 bytes#
#2026 09 18 11:18:43.941#Z#DEBUG#9d22f57d-b352-11f1-9456-eeee0a8e3e3b.OPERATION#pool-13-thread-1#
[UploadAppStep] Asynchronously uploading binaries for application "Bookshop-db-deployer"...#
#2026 09 18 11:18:43.994#Z#INFO#9d22f57d-b352-11f1-9456-eeee0a8e3e3b.OPERATION#pool-13-thread-6#
[UploadAppStep] Time elapsed for app binary download: 219 in millis#
#2026 09 18 11:18:43.994#Z#INFO#9d22f57d-b352-11f1-9456-eeee0a8e3e3b.OPERATION#pool-13-thread-6#
[UploadAppStep] Size of app Bookshop-srv is 3,768,980 bytes#
#2026 09 18 11:18:43.994#Z#DEBUG#9d22f57d-b352-11f1-9456-eeee0a8e3e3b.OPERATION#pool-13-thread-6#
[UploadAppStep] Asynchronously uploading binaries for application "Bookshop-srv"...#
#2026 09 18 11:18:44.244#Z#INFO#9d22f57d-b352-11f1-9456-eeee0a8e3e3b.OPERATION#pool-13-thread-1#
[UploadAppStep] Started async upload of application "Bookshop-db-deployer"#
#2026 09 18 11:18:44.252#Z#INFO#9d22f57d-b352-11f1-9456-eeee0a8e3e3b.OPERATION#flowable-async-job-executor-thread-112302#
[UploadAppStep] Time elapsed for upload: 480 in millis#
#2026 09 18 11:18:44.252#Z#DEBUG#9d22f57d-b352-11f1-9456-eeee0a8e3e3b.OPERATION#flowable-async-job-executor-thread-112302#
[UploadAppStep] Getting application "Bookshop-db-deployer"...#
#2026 09 18 11:18:44.279#Z#DEBUG#9d22f57d-b352-11f1-9456-eeee0a8e3e3b.OPERATION#App upload monitor: 18c96fd3-1eb5-45e8-8ed3-0da148ea6201#
[UploadAppStep] Upload status: PROCESSING_UPLOAD#
#2026 09 18 11:18:44.293#Z#DEBUG#9d22f57d-b352-11f1-9456-eeee0a8e3e3b.OPERATION#flowable-async-job-executor-thread-112302#
[UploadAppStep] Getting environment of application "1b9f4783-0339-4c3a-b1e7-2e9151c73fa6"...#
#2026 09 18 11:18:44.327#Z#INFO#9d22f57d-b352-11f1-9456-eeee0a8e3e3b.OPERATION#pool-13-thread-6#
[UploadAppStep] Started async upload of application "Bookshop-srv"#
#2026 09 18 11:18:44.339#Z#INFO#9d22f57d-b352-11f1-9456-eeee0a8e3e3b.OPERATION#flowable-async-job-executor-thread-112303#
[UploadAppStep] Time elapsed for upload: 566 in millis#
#2026 09 18 11:18:44.339#Z#DEBUG#9d22f57d-b352-11f1-9456-eeee0a8e3e3b.OPERATION#flowable-async-job-executor-thread-112303#
[UploadAppStep] Getting application "Bookshop-srv"...#
#2026 09 18 11:18:44.340#Z#DEBUG#9d22f57d-b352-11f1-9456-eeee0a8e3e3b.OPERATION#flowable-async-job-executor-thread-112302#
[UploadAppStep] Updating environment of application "Bookshop-db-deployer"#
#2026 09 18 11:18:44.360#Z#DEBUG#9d22f57d-b352-11f1-9456-eeee0a8e3e3b.OPERATION#App upload monitor: 69444ba4-aef1-4c41-bcac-f84b286d48a2#
[UploadAppStep] Upload status: PROCESSING_UPLOAD#
#2026 09 18 11:18:44.390#Z#DEBUG#9d22f57d-b352-11f1-9456-eeee0a8e3e3b.OPERATION#flowable-async-job-executor-thread-112303#
[UploadAppStep] Getting environment of application "01e236f2-5c17-43fc-83b1-6383711c1c1d"...#
#2026 09 18 11:18:44.440#Z#DEBUG#9d22f57d-b352-11f1-9456-eeee0a8e3e3b.OPERATION#flowable-async-job-executor-thread-112303#
[UploadAppStep] Updating environment of application "Bookshop-srv"#
#2026 09 18 11:18:44.471#Z#DEBUG#9d22f57d-b352-11f1-9456-eeee0a8e3e3b.OPERATION#flowable-async-job-executor-thread-112302#
Step "Upload App" finished#
#2026 09 18 11:18:44.562#Z#DEBUG#9d22f57d-b352-11f1-9456-eeee0a8e3e3b.OPERATION#flowable-async-job-executor-thread-112303#
Step "Upload App" finished#
#2026 09 18 11:18:49.311#Z#DEBUG#9d22f57d-b352-11f1-9456-eeee0a8e3e3b.OPERATION#App upload monitor: 18c96fd3-1eb5-45e8-8ed3-0da148ea6201#
[UploadAppStep] Upload status: PROCESSING_UPLOAD#
#2026 09 18 11:18:49.396#Z#DEBUG#9d22f57d-b352-11f1-9456-eeee0a8e3e3b.OPERATION#App upload monitor: 69444ba4-aef1-4c41-bcac-f84b286d48a2#
[UploadAppStep] Upload status: PROCESSING_UPLOAD#
#2026 09 18 11:18:53.794#Z#DEBUG#9d22f57d-b352-11f1-9456-eeee0a8e3e3b.OPERATION#flowable-async-job-executor-thread-112352#
[UploadAppStep] Executing task "uploadAppTask" of process "af87ab33-b352-11f1-abdf-eeee0a9f4ca8"...#
#2026 09 18 11:18:53.795#Z#DEBUG#9d22f57d-b352-11f1-9456-eeee0a8e3e3b.OPERATION#flowable-async-job-executor-thread-112352#
[UploadAppStep] Application upload timeout is default one: 3,600 seconds#
#2026 09 18 11:18:53.795#Z#DEBUG#9d22f57d-b352-11f1-9456-eeee0a8e3e3b.OPERATION#flowable-async-job-executor-thread-112352#
[UploadAppStep] Checking upload status of application "Bookshop-db-deployer"...#
#2026 09 18 11:18:53.796#Z#DEBUG#9d22f57d-b352-11f1-9456-eeee0a8e3e3b.OPERATION#flowable-async-job-executor-thread-112352#
[UploadAppStep] Getting package "18c96fd3-1eb5-45e8-8ed3-0da148ea6201"...#
#2026 09 18 11:18:53.831#Z#DEBUG#9d22f57d-b352-11f1-9456-eeee0a8e3e3b.OPERATION#flowable-async-job-executor-thread-112352#
Step "Upload App" finished#
#2026 09 18 11:18:53.817#Z#DEBUG#9d22f57d-b352-11f1-9456-eeee0a8e3e3b.OPERATION#flowable-async-job-executor-thread-114608#
[UploadAppStep] Executing task "uploadAppTask" of process "afa19c07-b352-11f1-abdf-eeee0a9f4ca8"...#
#2026 09 18 11:18:53.820#Z#DEBUG#9d22f57d-b352-11f1-9456-eeee0a8e3e3b.OPERATION#flowable-async-job-executor-thread-114608#
[UploadAppStep] Application upload timeout is default one: 3,600 seconds#
#2026 09 18 11:18:53.820#Z#DEBUG#9d22f57d-b352-11f1-9456-eeee0a8e3e3b.OPERATION#flowable-async-job-executor-thread-114608#
[UploadAppStep] Checking upload status of application "Bookshop-srv"...#
#2026 09 18 11:18:53.820#Z#DEBUG#9d22f57d-b352-11f1-9456-eeee0a8e3e3b.OPERATION#flowable-async-job-executor-thread-114608#
[UploadAppStep] Getting package "69444ba4-aef1-4c41-bcac-f84b286d48a2"...#
#2026 09 18 11:18:53.864#Z#DEBUG#9d22f57d-b352-11f1-9456-eeee0a8e3e3b.OPERATION#flowable-async-job-executor-thread-114608#
Step "Upload App" finished#
#2026 09 18 11:19:04.030#Z#DEBUG#9d22f57d-b352-11f1-9456-eeee0a8e3e3b.OPERATION#flowable-async-job-executor-thread-114635#
[UploadAppStep] Executing task "uploadAppTask" of process "af87ab33-b352-11f1-abdf-eeee0a9f4ca8"...#
#2026 09 18 11:19:04.032#Z#DEBUG#9d22f57d-b352-11f1-9456-eeee0a8e3e3b.OPERATION#flowable-async-job-executor-thread-114635#
[UploadAppStep] Application upload timeout is default one: 3,600 seconds#
#2026 09 18 11:19:04.032#Z#DEBUG#9d22f57d-b352-11f1-9456-eeee0a8e3e3b.OPERATION#flowable-async-job-executor-thread-114635#
[UploadAppStep] Checking upload status of application "Bookshop-db-deployer"...#
#2026 09 18 11:19:04.033#Z#DEBUG#9d22f57d-b352-11f1-9456-eeee0a8e3e3b.OPERATION#flowable-async-job-executor-thread-114635#
[UploadAppStep] Getting package "18c96fd3-1eb5-45e8-8ed3-0da148ea6201"...#
#2026 09 18 11:19:04.072#Z#DEBUG#9d22f57d-b352-11f1-9456-eeee0a8e3e3b.OPERATION#flowable-async-job-executor-thread-114635#
[UploadAppStep] Application "Bookshop-db-deployer" uploaded#
#2026 09 18 11:19:04.073#Z#DEBUG#9d22f57d-b352-11f1-9456-eeee0a8e3e3b.OPERATION#flowable-async-job-executor-thread-114643#
[UploadAppStep] Executing task "uploadAppTask" of process "afa19c07-b352-11f1-abdf-eeee0a9f4ca8"...#
#2026 09 18 11:19:04.073#Z#DEBUG#9d22f57d-b352-11f1-9456-eeee0a8e3e3b.OPERATION#flowable-async-job-executor-thread-114635#
Step "Upload App" finished#
#2026 09 18 11:19:04.114#Z#DEBUG#9d22f57d-b352-11f1-9456-eeee0a8e3e3b.OPERATION#flowable-async-job-executor-thread-114648#
[ScaleAppStep] Executing task "scaleAppTask" of process "af87ab33-b352-11f1-abdf-eeee0a9f4ca8"...#
#2026 09 18 11:19:04.115#Z#DEBUG#9d22f57d-b352-11f1-9456-eeee0a8e3e3b.OPERATION#flowable-async-job-executor-thread-114648#
[ScaleAppStep] Scaling application "Bookshop-db-deployer"...#
#2026 09 18 11:19:04.115#Z#DEBUG#9d22f57d-b352-11f1-9456-eeee0a8e3e3b.OPERATION#flowable-async-job-executor-thread-114648#
[ScaleAppStep] Application "Bookshop-db-deployer" scaled#
#2026 09 18 11:19:04.115#Z#DEBUG#9d22f57d-b352-11f1-9456-eeee0a8e3e3b.OPERATION#flowable-async-job-executor-thread-114648#
Step "Scale App" finished#
#2026 09 18 11:19:04.076#Z#DEBUG#9d22f57d-b352-11f1-9456-eeee0a8e3e3b.OPERATION#flowable-async-job-executor-thread-114643#
[UploadAppStep] Application upload timeout is default one: 3,600 seconds#
#2026 09 18 11:19:04.077#Z#DEBUG#9d22f57d-b352-11f1-9456-eeee0a8e3e3b.OPERATION#flowable-async-job-executor-thread-114643#
[UploadAppStep] Checking upload status of application "Bookshop-srv"...#
#2026 09 18 11:19:04.077#Z#DEBUG#9d22f57d-b352-11f1-9456-eeee0a8e3e3b.OPERATION#flowable-async-job-executor-thread-114643#
[UploadAppStep] Getting package "69444ba4-aef1-4c41-bcac-f84b286d48a2"...#
#2026 09 18 11:19:04.127#Z#DEBUG#9d22f57d-b352-11f1-9456-eeee0a8e3e3b.OPERATION#flowable-async-job-executor-thread-114643#
[UploadAppStep] Application "Bookshop-srv" uploaded#
#2026 09 18 11:19:04.128#Z#DEBUG#9d22f57d-b352-11f1-9456-eeee0a8e3e3b.OPERATION#flowable-async-job-executor-thread-114643#
Step "Upload App" finished#
#2026 09 18 11:19:04.162#Z#DEBUG#9d22f57d-b352-11f1-9456-eeee0a8e3e3b.OPERATION#flowable-async-job-executor-thread-114651#
[ScaleAppStep] Executing task "scaleAppTask" of process "afa19c07-b352-11f1-abdf-eeee0a9f4ca8"...#
#2026 09 18 11:19:04.163#Z#DEBUG#9d22f57d-b352-11f1-9456-eeee0a8e3e3b.OPERATION#flowable-async-job-executor-thread-114651#
[ScaleAppStep] Scaling application "Bookshop-srv"...#
#2026 09 18 11:19:04.163#Z#DEBUG#9d22f57d-b352-11f1-9456-eeee0a8e3e3b.OPERATION#flowable-async-job-executor-thread-114651#
[ScaleAppStep] Application "Bookshop-srv" scaled#
#2026 09 18 11:19:04.163#Z#DEBUG#9d22f57d-b352-11f1-9456-eeee0a8e3e3b.OPERATION#flowable-async-job-executor-thread-114651#
Step "Scale App" finished#
#2026 09 18 11:19:04.143#Z#DEBUG#9d22f57d-b352-11f1-9456-eeee0a8e3e3b.OPERATION#flowable-async-job-executor-thread-114649#
[DetermineDesiredStateAchievingActionsStep] Executing task "determineDesiredStateAchievingActionsTask" of process "af87ab33-b352-11f1-abdf-eeee0a9f4ca8"...#
#2026 09 18 11:19:04.144#Z#DEBUG#9d22f57d-b352-11f1-9456-eeee0a8e3e3b.OPERATION#flowable-async-job-executor-thread-114649#
[DetermineDesiredStateAchievingActionsStep] Getting application "Bookshop-db-deployer"...#
#2026 09 18 11:19:04.180#Z#DEBUG#9d22f57d-b352-11f1-9456-eeee0a8e3e3b.OPERATION#flowable-async-job-executor-thread-114649#
[DetermineDesiredStateAchievingActionsStep] Getting instances for application "Bookshop-db-deployer"...#
#2026 09 18 11:19:04.181#Z#DEBUG#9d22f57d-b352-11f1-9456-eeee0a8e3e3b.OPERATION#flowable-async-job-executor-thread-114649#
[DetermineDesiredStateAchievingActionsStep] Getting environment of application "1b9f4783-0339-4c3a-b1e7-2e9151c73fa6"...#
#2026 09 18 11:19:04.189#Z#DEBUG#9d22f57d-b352-11f1-9456-eeee0a8e3e3b.OPERATION#flowable-async-job-executor-thread-114652#
[DetermineDesiredStateAchievingActionsStep] Executing task "determineDesiredStateAchievingActionsTask" of process "afa19c07-b352-11f1-abdf-eeee0a9f4ca8"...#
#2026 09 18 11:19:04.190#Z#DEBUG#9d22f57d-b352-11f1-9456-eeee0a8e3e3b.OPERATION#flowable-async-job-executor-thread-114652#
[DetermineDesiredStateAchievingActionsStep] Getting application "Bookshop-srv"...#
#2026 09 18 11:19:04.233#Z#DEBUG#9d22f57d-b352-11f1-9456-eeee0a8e3e3b.OPERATION#flowable-async-job-executor-thread-114652#
[DetermineDesiredStateAchievingActionsStep] Getting instances for application "Bookshop-srv"...#
#2026 09 18 11:19:04.233#Z#DEBUG#9d22f57d-b352-11f1-9456-eeee0a8e3e3b.OPERATION#flowable-async-job-executor-thread-114652#
[DetermineDesiredStateAchievingActionsStep] Getting environment of application "01e236f2-5c17-43fc-83b1-6383711c1c1d"...#
#2026 09 18 11:19:04.234#Z#DEBUG#9d22f57d-b352-11f1-9456-eeee0a8e3e3b.OPERATION#flowable-async-job-executor-thread-114649#
[DetermineDesiredStateAchievingActionsStep] Current state of application Bookshop-db-deployer: STOPPED#
#2026 09 18 11:19:04.234#Z#DEBUG#9d22f57d-b352-11f1-9456-eeee0a8e3e3b.OPERATION#flowable-async-job-executor-thread-114649#
[DetermineDesiredStateAchievingActionsStep] Desired state of application Bookshop-db-deployer: STOPPED#
#2026 09 18 11:19:04.234#Z#DEBUG#9d22f57d-b352-11f1-9456-eeee0a8e3e3b.OPERATION#flowable-async-job-executor-thread-114649#
[DetermineDesiredStateAchievingActionsStep] Actions that should be executed on application Bookshop-db-deployer: [STAGE]#
#2026 09 18 11:19:04.234#Z#DEBUG#9d22f57d-b352-11f1-9456-eeee0a8e3e3b.OPERATION#flowable-async-job-executor-thread-114649#
Step "Determine Desired State Achieving Actions" finished#
#2026 09 18 11:19:04.297#Z#DEBUG#9d22f57d-b352-11f1-9456-eeee0a8e3e3b.OPERATION#flowable-async-job-executor-thread-114652#
[DetermineDesiredStateAchievingActionsStep] Current state of application Bookshop-srv: STOPPED#
#2026 09 18 11:19:04.297#Z#DEBUG#9d22f57d-b352-11f1-9456-eeee0a8e3e3b.OPERATION#flowable-async-job-executor-thread-114652#
[DetermineDesiredStateAchievingActionsStep] Desired state of application Bookshop-srv: STARTED#
#2026 09 18 11:19:04.297#Z#DEBUG#9d22f57d-b352-11f1-9456-eeee0a8e3e3b.OPERATION#flowable-async-job-executor-thread-114652#
[DetermineDesiredStateAchievingActionsStep] Actions that should be executed on application Bookshop-srv: [STAGE, START]#
#2026 09 18 11:19:04.297#Z#DEBUG#9d22f57d-b352-11f1-9456-eeee0a8e3e3b.OPERATION#flowable-async-job-executor-thread-114652#
Step "Determine Desired State Achieving Actions" finished#
#2026 09 18 11:19:04.267#Z#DEBUG#9d22f57d-b352-11f1-9456-eeee0a8e3e3b.OPERATION#flowable-async-job-executor-thread-114655#
[StageAppStep] Executing task "stageAppTask" of process "af87ab33-b352-11f1-abdf-eeee0a9f4ca8"...#
#2026 09 18 11:19:04.268#Z#DEBUG#9d22f57d-b352-11f1-9456-eeee0a8e3e3b.OPERATION#flowable-async-job-executor-thread-114655#
[StageAppStep] Application stage timeout is default one: 3,600 seconds#
#2026 09 18 11:19:04.270#Z#INFO#9d22f57d-b352-11f1-9456-eeee0a8e3e3b.OPERATION#flowable-async-job-executor-thread-114655#
[StageAppStep] Staging application "Bookshop-db-deployer"...#
#2026 09 18 11:19:04.286#Z#DEBUG#9d22f57d-b352-11f1-9456-eeee0a8e3e3b.OPERATION#flowable-async-job-executor-thread-114655#
[StageAppStep] Creating build for package "18c96fd3-1eb5-45e8-8ed3-0da148ea6201"...#
#2026 09 18 11:19:04.332#Z#DEBUG#9d22f57d-b352-11f1-9456-eeee0a8e3e3b.OPERATION#flowable-async-job-executor-thread-114658#
[StageAppStep] Executing task "stageAppTask" of process "afa19c07-b352-11f1-abdf-eeee0a9f4ca8"...#
#2026 09 18 11:19:04.334#Z#DEBUG#9d22f57d-b352-11f1-9456-eeee0a8e3e3b.OPERATION#flowable-async-job-executor-thread-114658#
[StageAppStep] Application stage timeout is default one: 3,600 seconds#
#2026 09 18 11:19:04.335#Z#INFO#9d22f57d-b352-11f1-9456-eeee0a8e3e3b.OPERATION#flowable-async-job-executor-thread-114658#
[StageAppStep] Staging application "Bookshop-srv"...#
#2026 09 18 11:19:04.342#Z#DEBUG#9d22f57d-b352-11f1-9456-eeee0a8e3e3b.OPERATION#flowable-async-job-executor-thread-114658#
[StageAppStep] Creating build for package "69444ba4-aef1-4c41-bcac-f84b286d48a2"...#
#2026 09 18 11:19:04.700#Z#DEBUG#9d22f57d-b352-11f1-9456-eeee0a8e3e3b.OPERATION#flowable-async-job-executor-thread-114655#
Step "Stage App" finished#
#2026 09 18 11:19:04.844#Z#DEBUG#9d22f57d-b352-11f1-9456-eeee0a8e3e3b.OPERATION#flowable-async-job-executor-thread-114658#
Step "Stage App" finished#
#2026 09 18 11:19:14.196#Z#DEBUG#9d22f57d-b352-11f1-9456-eeee0a8e3e3b.OPERATION#flowable-async-job-executor-thread-112403#
[StageAppStep] Executing task "stageAppTask" of process "afa19c07-b352-11f1-abdf-eeee0a9f4ca8"...#
#2026 09 18 11:19:14.198#Z#DEBUG#9d22f57d-b352-11f1-9456-eeee0a8e3e3b.OPERATION#flowable-async-job-executor-thread-112403#
[StageAppStep] Application stage timeout is default one: 3,600 seconds#
#2026 09 18 11:19:14.199#Z#DEBUG#9d22f57d-b352-11f1-9456-eeee0a8e3e3b.OPERATION#flowable-async-job-executor-thread-112403#
[StageAppStep] Checking status of application "Bookshop-srv"...#
#2026 09 18 11:19:14.199#Z#DEBUG#9d22f57d-b352-11f1-9456-eeee0a8e3e3b.OPERATION#flowable-async-job-executor-thread-112403#
[StageAppStep] Getting build "21f8fac2-cc56-4ff3-9899-0af1b89a1a02"...#
#2026 09 18 11:19:14.236#Z#DEBUG#9d22f57d-b352-11f1-9456-eeee0a8e3e3b.OPERATION#flowable-async-job-executor-thread-112403#
[StageAppStep] Staging status of application "Bookshop-srv": PENDING#
#2026 09 18 11:19:14.237#Z#DEBUG#9d22f57d-b352-11f1-9456-eeee0a8e3e3b.OPERATION#flowable-async-job-executor-thread-112403#
[StageAppStep] Getting application guid "Bookshop-srv"...#
#2026 09 18 11:19:14.483#Z#DEBUG#9d22f57d-b352-11f1-9456-eeee0a8e3e3b.OPERATION#flowable-async-job-executor-thread-112420#
[StageAppStep] Executing task "stageAppTask" of process "af87ab33-b352-11f1-abdf-eeee0a9f4ca8"...#
#2026 09 18 11:19:14.484#Z#DEBUG#9d22f57d-b352-11f1-9456-eeee0a8e3e3b.OPERATION#flowable-async-job-executor-thread-112420#
[StageAppStep] Application stage timeout is default one: 3,600 seconds#
#2026 09 18 11:19:14.485#Z#DEBUG#9d22f57d-b352-11f1-9456-eeee0a8e3e3b.OPERATION#flowable-async-job-executor-thread-112420#
[StageAppStep] Checking status of application "Bookshop-db-deployer"...#
#2026 09 18 11:19:14.485#Z#DEBUG#9d22f57d-b352-11f1-9456-eeee0a8e3e3b.OPERATION#flowable-async-job-executor-thread-112420#
[StageAppStep] Getting build "889a48b4-26db-43bf-a6dc-e42c1371f67b"...#
#2026 09 18 11:19:14.490#Z#DEBUG#9d22f57d-b352-11f1-9456-eeee0a8e3e3b.OPERATION#flowable-async-job-executor-thread-112403#
Step "Stage App" finished#
#2026 09 18 11:19:14.533#Z#DEBUG#9d22f57d-b352-11f1-9456-eeee0a8e3e3b.OPERATION#flowable-async-job-executor-thread-112420#
[StageAppStep] Staging status of application "Bookshop-db-deployer": PENDING#
#2026 09 18 11:19:14.534#Z#DEBUG#9d22f57d-b352-11f1-9456-eeee0a8e3e3b.OPERATION#flowable-async-job-executor-thread-112420#
[StageAppStep] Getting application guid "Bookshop-db-deployer"...#
#2026 09 18 11:19:14.681#Z#DEBUG#9d22f57d-b352-11f1-9456-eeee0a8e3e3b.OPERATION#flowable-async-job-executor-thread-112420#
Step "Stage App" finished#
#2026 09 18 11:19:24.387#Z#DEBUG#9d22f57d-b352-11f1-9456-eeee0a8e3e3b.OPERATION#flowable-async-job-executor-thread-112468#
[StageAppStep] Executing task "stageAppTask" of process "afa19c07-b352-11f1-abdf-eeee0a9f4ca8"...#
#2026 09 18 11:19:24.388#Z#DEBUG#9d22f57d-b352-11f1-9456-eeee0a8e3e3b.OPERATION#flowable-async-job-executor-thread-112468#
[StageAppStep] Application stage timeout is default one: 3,600 seconds#
#2026 09 18 11:19:24.389#Z#DEBUG#9d22f57d-b352-11f1-9456-eeee0a8e3e3b.OPERATION#flowable-async-job-executor-thread-112468#
[StageAppStep] Checking status of application "Bookshop-srv"...#
#2026 09 18 11:19:24.389#Z#DEBUG#9d22f57d-b352-11f1-9456-eeee0a8e3e3b.OPERATION#flowable-async-job-executor-thread-112468#
[StageAppStep] Getting build "21f8fac2-cc56-4ff3-9899-0af1b89a1a02"...#
#2026 09 18 11:19:24.441#Z#DEBUG#9d22f57d-b352-11f1-9456-eeee0a8e3e3b.OPERATION#flowable-async-job-executor-thread-112468#
[StageAppStep] Staging status of application "Bookshop-srv": PENDING#
#2026 09 18 11:19:24.442#Z#DEBUG#9d22f57d-b352-11f1-9456-eeee0a8e3e3b.OPERATION#flowable-async-job-executor-thread-112468#
[StageAppStep] Getting application guid "Bookshop-srv"...#
#2026 09 18 11:19:24.570#Z#DEBUG#9d22f57d-b352-11f1-9456-eeee0a8e3e3b.OPERATION#flowable-async-job-executor-thread-112468#
Step "Stage App" finished#
#2026 09 18 11:19:24.590#Z#DEBUG#9d22f57d-b352-11f1-9456-eeee0a8e3e3b.OPERATION#flowable-async-job-executor-thread-112492#
[StageAppStep] Executing task "stageAppTask" of process "af87ab33-b352-11f1-abdf-eeee0a9f4ca8"...#
#2026 09 18 11:19:24.592#Z#DEBUG#9d22f57d-b352-11f1-9456-eeee0a8e3e3b.OPERATION#flowable-async-job-executor-thread-112492#
[StageAppStep] Application stage timeout is default one: 3,600 seconds#
#2026 09 18 11:19:24.593#Z#DEBUG#9d22f57d-b352-11f1-9456-eeee0a8e3e3b.OPERATION#flowable-async-job-executor-thread-112492#
[StageAppStep] Checking status of application "Bookshop-db-deployer"...#
#2026 09 18 11:19:24.593#Z#DEBUG#9d22f57d-b352-11f1-9456-eeee0a8e3e3b.OPERATION#flowable-async-job-executor-thread-112492#
[StageAppStep] Getting build "889a48b4-26db-43bf-a6dc-e42c1371f67b"...#
#2026 09 18 11:19:24.654#Z#DEBUG#9d22f57d-b352-11f1-9456-eeee0a8e3e3b.OPERATION#flowable-async-job-executor-thread-112492#
[StageAppStep] Staging status of application "Bookshop-db-deployer": PENDING#
#2026 09 18 11:19:24.655#Z#DEBUG#9d22f57d-b352-11f1-9456-eeee0a8e3e3b.OPERATION#flowable-async-job-executor-thread-112492#
[StageAppStep] Getting application guid "Bookshop-db-deployer"...#
#2026 09 18 11:19:24.765#Z#DEBUG#9d22f57d-b352-11f1-9456-eeee0a8e3e3b.OPERATION#flowable-async-job-executor-thread-112492#
Step "Stage App" finished#
#2026 09 18 11:19:34.688#Z#DEBUG#9d22f57d-b352-11f1-9456-eeee0a8e3e3b.OPERATION#flowable-async-job-executor-thread-114756#
[StageAppStep] Executing task "stageAppTask" of process "afa19c07-b352-11f1-abdf-eeee0a9f4ca8"...#
#2026 09 18 11:19:34.690#Z#DEBUG#9d22f57d-b352-11f1-9456-eeee0a8e3e3b.OPERATION#flowable-async-job-executor-thread-114756#
[StageAppStep] Application stage timeout is default one: 3,600 seconds#
#2026 09 18 11:19:34.691#Z#DEBUG#9d22f57d-b352-11f1-9456-eeee0a8e3e3b.OPERATION#flowable-async-job-executor-thread-114756#
[StageAppStep] Checking status of application "Bookshop-srv"...#
#2026 09 18 11:19:34.691#Z#DEBUG#9d22f57d-b352-11f1-9456-eeee0a8e3e3b.OPERATION#flowable-async-job-executor-thread-114756#
[StageAppStep] Getting build "21f8fac2-cc56-4ff3-9899-0af1b89a1a02"...#
#2026 09 18 11:19:34.710#Z#DEBUG#9d22f57d-b352-11f1-9456-eeee0a8e3e3b.OPERATION#flowable-async-job-executor-thread-114761#
[StageAppStep] Executing task "stageAppTask" of process "af87ab33-b352-11f1-abdf-eeee0a9f4ca8"...#
#2026 09 18 11:19:34.711#Z#DEBUG#9d22f57d-b352-11f1-9456-eeee0a8e3e3b.OPERATION#flowable-async-job-executor-thread-114761#
[StageAppStep] Application stage timeout is default one: 3,600 seconds#
#2026 09 18 11:19:34.712#Z#DEBUG#9d22f57d-b352-11f1-9456-eeee0a8e3e3b.OPERATION#flowable-async-job-executor-thread-114761#
[StageAppStep] Checking status of application "Bookshop-db-deployer"...#
#2026 09 18 11:19:34.712#Z#DEBUG#9d22f57d-b352-11f1-9456-eeee0a8e3e3b.OPERATION#flowable-async-job-executor-thread-114761#
[StageAppStep] Getting build "889a48b4-26db-43bf-a6dc-e42c1371f67b"...#
#2026 09 18 11:19:34.727#Z#DEBUG#9d22f57d-b352-11f1-9456-eeee0a8e3e3b.OPERATION#flowable-async-job-executor-thread-114756#
[StageAppStep] Staging status of application "Bookshop-srv": STAGED#
#2026 09 18 11:19:34.728#Z#DEBUG#9d22f57d-b352-11f1-9456-eeee0a8e3e3b.OPERATION#flowable-async-job-executor-thread-114756#
[StageAppStep] Getting application guid "Bookshop-srv"...#
#2026 09 18 11:19:34.745#Z#DEBUG#9d22f57d-b352-11f1-9456-eeee0a8e3e3b.OPERATION#flowable-async-job-executor-thread-114761#
[StageAppStep] Staging status of application "Bookshop-db-deployer": STAGED#
#2026 09 18 11:19:34.746#Z#DEBUG#9d22f57d-b352-11f1-9456-eeee0a8e3e3b.OPERATION#flowable-async-job-executor-thread-114761#
[StageAppStep] Getting application guid "Bookshop-db-deployer"...#
#2026 09 18 11:19:34.856#Z#DEBUG#9d22f57d-b352-11f1-9456-eeee0a8e3e3b.OPERATION#flowable-async-job-executor-thread-114756#
[StageAppStep] Getting build "21f8fac2-cc56-4ff3-9899-0af1b89a1a02"...#
#2026 09 18 11:19:34.868#Z#DEBUG#9d22f57d-b352-11f1-9456-eeee0a8e3e3b.OPERATION#flowable-async-job-executor-thread-114761#
[StageAppStep] Getting build "889a48b4-26db-43bf-a6dc-e42c1371f67b"...#
#2026 09 18 11:19:34.908#Z#DEBUG#9d22f57d-b352-11f1-9456-eeee0a8e3e3b.OPERATION#flowable-async-job-executor-thread-114761#
[StageAppStep] Binding droplet "92c2002e-e681-4934-ab4b-815d8158ca60" to application "1b9f4783-0339-4c3a-b1e7-2e9151c73fa6"...#
#2026 09 18 11:19:34.952#Z#DEBUG#9d22f57d-b352-11f1-9456-eeee0a8e3e3b.OPERATION#flowable-async-job-executor-thread-114756#
[StageAppStep] Binding droplet "bd949376-3521-4f7c-b5ad-1db9d6ffa681" to application "01e236f2-5c17-43fc-83b1-6383711c1c1d"...#
#2026 09 18 11:19:35.003#Z#INFO#9d22f57d-b352-11f1-9456-eeee0a8e3e3b.OPERATION#flowable-async-job-executor-thread-114761#
[StageAppStep] Application "Bookshop-db-deployer" staged#
#2026 09 18 11:19:35.014#Z#DEBUG#9d22f57d-b352-11f1-9456-eeee0a8e3e3b.OPERATION#flowable-async-job-executor-thread-114761#
Step "Stage App" finished#
#2026 09 18 11:19:35.052#Z#INFO#9d22f57d-b352-11f1-9456-eeee0a8e3e3b.OPERATION#flowable-async-job-executor-thread-114756#
[StageAppStep] Application "Bookshop-srv" staged#
#2026 09 18 11:19:35.066#Z#DEBUG#9d22f57d-b352-11f1-9456-eeee0a8e3e3b.OPERATION#flowable-async-job-executor-thread-114756#
Step "Stage App" finished#
#2026 09 18 11:19:35.128#Z#DEBUG#9d22f57d-b352-11f1-9456-eeee0a8e3e3b.OPERATION#flowable-async-job-executor-thread-114798#
[PrepareToExecuteTasksStep] Executing task "prepareToExecuteTasksTask" of process "d40037ae-b352-11f1-8083-eeee0a930ca8"...#
#2026 09 18 11:19:35.129#Z#DEBUG#9d22f57d-b352-11f1-9456-eeee0a8e3e3b.OPERATION#flowable-async-job-executor-thread-114798#
Step "Prepare To Execute Tasks" finished#
#2026 09 18 11:19:35.171#Z#DEBUG#9d22f57d-b352-11f1-9456-eeee0a8e3e3b.OPERATION#flowable-async-job-executor-thread-114798#
[ExecuteTaskStep] Executing task "executeTaskTask" of process "d40037ae-b352-11f1-8083-eeee0a930ca8"...#
#2026 09 18 11:19:35.172#Z#DEBUG#9d22f57d-b352-11f1-9456-eeee0a8e3e3b.OPERATION#flowable-async-job-executor-thread-114798#
[ExecuteTaskStep] Application task execution timeout is default one: 43,200 seconds#
#2026 09 18 11:19:35.173#Z#INFO#9d22f57d-b352-11f1-9456-eeee0a8e3e3b.OPERATION#flowable-async-job-executor-thread-114798#
[ExecuteTaskStep] Executing task "deploy" on application "Bookshop-db-deployer"...#
#2026 09 18 11:19:35.181#Z#DEBUG#9d22f57d-b352-11f1-9456-eeee0a8e3e3b.OPERATION#flowable-async-job-executor-thread-114798#
[ExecuteTaskStep] Running task on application "Bookshop-db-deployer": {
  "name" : "deploy",
  "command" : "npm start",
  "limits" : {
    "memory" : 256
  }
}#
#2026 09 18 11:19:35.530#Z#DEBUG#9d22f57d-b352-11f1-9456-eeee0a8e3e3b.OPERATION#flowable-async-job-executor-thread-114798#
Step "Execute Task" finished#
#2026 09 18 11:19:35.131#Z#DEBUG#9d22f57d-b352-11f1-9456-eeee0a8e3e3b.OPERATION#flowable-async-job-executor-thread-114801#
[RestartAppStep] Executing task "startAppTask" of process "afa19c07-b352-11f1-abdf-eeee0a9f4ca8"...#
#2026 09 18 11:19:35.134#Z#DEBUG#9d22f57d-b352-11f1-9456-eeee0a8e3e3b.OPERATION#flowable-async-job-executor-thread-114801#
[RestartAppStep] Application start timeout is default one: 3,600 seconds#
#2026 09 18 11:19:35.135#Z#DEBUG#9d22f57d-b352-11f1-9456-eeee0a8e3e3b.OPERATION#flowable-async-job-executor-thread-114801#
[RestartAppStep] Getting application "Bookshop-srv"...#
#2026 09 18 11:19:35.178#Z#INFO#9d22f57d-b352-11f1-9456-eeee0a8e3e3b.OPERATION#flowable-async-job-executor-thread-114801#
[RestartAppStep] Starting application "Bookshop-srv"...#
#2026 09 18 11:19:35.186#Z#DEBUG#9d22f57d-b352-11f1-9456-eeee0a8e3e3b.OPERATION#flowable-async-job-executor-thread-114801#
[RestartAppStep] Starting application "Bookshop-srv"...#
#2026 09 18 11:19:35.595#Z#DEBUG#9d22f57d-b352-11f1-9456-eeee0a8e3e3b.OPERATION#flowable-async-job-executor-thread-114801#
Step "Start App" finished#
#2026 09 18 11:19:45.066#Z#DEBUG#9d22f57d-b352-11f1-9456-eeee0a8e3e3b.OPERATION#flowable-async-job-executor-thread-112535#
[RestartAppStep] Executing task "startAppTask" of process "d453392f-b352-11f1-8083-eeee0a930ca8"...#
#2026 09 18 11:19:45.068#Z#DEBUG#9d22f57d-b352-11f1-9456-eeee0a8e3e3b.OPERATION#flowable-async-job-executor-thread-112535#
[RestartAppStep] Application start timeout is default one: 3,600 seconds#
#2026 09 18 11:19:45.069#Z#DEBUG#9d22f57d-b352-11f1-9456-eeee0a8e3e3b.OPERATION#flowable-async-job-executor-thread-112535#
[RestartAppStep] Checking status of application "Bookshop-srv"...#
#2026 09 18 11:19:45.069#Z#DEBUG#9d22f57d-b352-11f1-9456-eeee0a8e3e3b.OPERATION#flowable-async-job-executor-thread-112535#
[RestartAppStep] Getting application "Bookshop-srv"...#
#2026 09 18 11:19:45.118#Z#DEBUG#9d22f57d-b352-11f1-9456-eeee0a8e3e3b.OPERATION#flowable-async-job-executor-thread-112535#
[RestartAppStep] Getting instances for application "Bookshop-srv"...#
#2026 09 18 11:19:45.169#Z#DEBUG#9d22f57d-b352-11f1-9456-eeee0a8e3e3b.OPERATION#flowable-async-job-executor-thread-112535#
[RestartAppStep] Application "Bookshop-srv": 1 of 1 instances running (1 running)#
#2026 09 18 11:19:45.268#Z#DEBUG#9d22f57d-b352-11f1-9456-eeee0a8e3e3b.OPERATION#flowable-async-job-executor-thread-112535#
[RestartAppStep] Getting routes for application "01e236f2-5c17-43fc-83b1-6383711c1c1d"...#
#2026 09 18 11:19:45.307#Z#INFO#9d22f57d-b352-11f1-9456-eeee0a8e3e3b.OPERATION#flowable-async-job-executor-thread-112535#
[RestartAppStep] Application "Bookshop-srv" started and available at "coe-emea-hana-platform-dev-bookshop-srv.cert.cfapps.eu20.hana.ondemand.com, coe-emea-hana-platform-dev-bookshop-srv.cfapps.eu20.hana.ondemand.com"#
#2026 09 18 11:19:45.352#Z#DEBUG#9d22f57d-b352-11f1-9456-eeee0a8e3e3b.OPERATION#flowable-async-job-executor-thread-112535#
Step "Start App" finished#
#2026 09 18 11:19:45.005#Z#DEBUG#9d22f57d-b352-11f1-9456-eeee0a8e3e3b.OPERATION#flowable-async-job-executor-thread-112534#
[ExecuteTaskStep] Executing task "executeTaskTask" of process "d40037ae-b352-11f1-8083-eeee0a930ca8"...#
#2026 09 18 11:19:45.007#Z#DEBUG#9d22f57d-b352-11f1-9456-eeee0a8e3e3b.OPERATION#flowable-async-job-executor-thread-112534#
[ExecuteTaskStep] Application task execution timeout is default one: 43,200 seconds#
#2026 09 18 11:19:45.008#Z#DEBUG#9d22f57d-b352-11f1-9456-eeee0a8e3e3b.OPERATION#flowable-async-job-executor-thread-112534#
[ExecuteTaskStep] Getting task "cc523ce8-564f-484e-b25c-fdb6d8fb057d"...#
#2026 09 18 11:19:45.075#Z#DEBUG#9d22f57d-b352-11f1-9456-eeee0a8e3e3b.OPERATION#flowable-async-job-executor-thread-112534#
[ExecuteTaskStep] Task execution status: succeeded#
#2026 09 18 11:19:45.076#Z#DEBUG#9d22f57d-b352-11f1-9456-eeee0a8e3e3b.OPERATION#flowable-async-job-executor-thread-112534#
[ExecuteTaskStep] Getting application guid "Bookshop-db-deployer"...#
#2026 09 18 11:19:45.371#Z#DEBUG#9d22f57d-b352-11f1-9456-eeee0a8e3e3b.OPERATION#flowable-async-job-executor-thread-112534#
Step "Execute Task" finished#
#2026 09 18 11:19:45.449#Z#DEBUG#9d22f57d-b352-11f1-9456-eeee0a8e3e3b.OPERATION#flowable-async-job-executor-thread-112541#
[IncrementIndexStep] Executing task "incrementTaskIndexTask" of process "d40037ae-b352-11f1-8083-eeee0a930ca8"...#
#2026 09 18 11:19:45.450#Z#DEBUG#9d22f57d-b352-11f1-9456-eeee0a8e3e3b.OPERATION#flowable-async-job-executor-thread-112541#
Step "Increment Task Index" finished#
#2026 09 18 11:19:45.524#Z#DEBUG#9d22f57d-b352-11f1-9456-eeee0a8e3e3b.OPERATION#flowable-async-job-executor-thread-112545#
[PublishConfigurationEntriesStep] Executing task "publishProvidedDependenciesTask" of process "af87ab33-b352-11f1-abdf-eeee0a9f4ca8"...#
#2026 09 18 11:19:45.528#Z#DEBUG#9d22f57d-b352-11f1-9456-eeee0a8e3e3b.OPERATION#flowable-async-job-executor-thread-112545#
[PublishConfigurationEntriesStep] Publishing public provided dependencies for application "Bookshop-db-deployer"...#
#2026 09 18 11:19:45.532#Z#DEBUG#9d22f57d-b352-11f1-9456-eeee0a8e3e3b.OPERATION#flowable-async-job-executor-thread-112545#
[PublishConfigurationEntriesStep] No public provided dependencies for publishing#
#2026 09 18 11:19:45.532#Z#DEBUG#9d22f57d-b352-11f1-9456-eeee0a8e3e3b.OPERATION#flowable-async-job-executor-thread-112545#
Step "Publish Provided Dependencies" finished#
#2026 09 18 11:19:45.569#Z#DEBUG#9d22f57d-b352-11f1-9456-eeee0a8e3e3b.OPERATION#flowable-async-job-executor-thread-112548#
[CreateOrUpdateServiceBrokerStep] Executing task "createOrUpdateServiceBrokerTask" of process "af87ab33-b352-11f1-abdf-eeee0a9f4ca8"...#
#2026 09 18 11:19:45.571#Z#DEBUG#9d22f57d-b352-11f1-9456-eeee0a8e3e3b.OPERATION#flowable-async-job-executor-thread-112548#
[CreateOrUpdateServiceBrokerStep] Creating service brokers...#
#2026 09 18 11:19:45.571#Z#DEBUG#9d22f57d-b352-11f1-9456-eeee0a8e3e3b.OPERATION#flowable-async-job-executor-thread-112548#
Step "Create Or Update Service Broker " finished#
#2026 09 18 11:19:55.018#Z#DEBUG#9d22f57d-b352-11f1-9456-eeee0a8e3e3b.OPERATION#flowable-async-job-executor-thread-112557#
[RestartAppStep] Executing task "startAppTask" of process "da269e0c-b352-11f1-abdf-eeee0a9f4ca8"...#
#2026 09 18 11:19:55.020#Z#DEBUG#9d22f57d-b352-11f1-9456-eeee0a8e3e3b.OPERATION#flowable-async-job-executor-thread-112557#
[RestartAppStep] Application start timeout is default one: 3,600 seconds#
#2026 09 18 11:19:55.021#Z#DEBUG#9d22f57d-b352-11f1-9456-eeee0a8e3e3b.OPERATION#flowable-async-job-executor-thread-112557#
Step "Start App" finished#
#2026 09 18 11:19:55.113#Z#DEBUG#9d22f57d-b352-11f1-9456-eeee0a8e3e3b.OPERATION#flowable-async-job-executor-thread-112570#
[PrepareToExecuteTasksStep] Executing task "prepareToExecuteTasksTask" of process "dfec6e2c-b352-11f1-abdf-eeee0a9f4ca8"...#
#2026 09 18 11:19:55.114#Z#DEBUG#9d22f57d-b352-11f1-9456-eeee0a8e3e3b.OPERATION#flowable-async-job-executor-thread-112570#
Step "Prepare To Execute Tasks" finished#
#2026 09 18 11:19:55.166#Z#DEBUG#9d22f57d-b352-11f1-9456-eeee0a8e3e3b.OPERATION#flowable-async-job-executor-thread-112571#
[PublishConfigurationEntriesStep] Executing task "publishProvidedDependenciesTask" of process "dfe56914-b352-11f1-abdf-eeee0a9f4ca8"...#
#2026 09 18 11:19:55.166#Z#DEBUG#9d22f57d-b352-11f1-9456-eeee0a8e3e3b.OPERATION#flowable-async-job-executor-thread-112571#
[PublishConfigurationEntriesStep] Publishing public provided dependencies for application "Bookshop-srv"...#
#2026 09 18 11:19:55.167#Z#DEBUG#9d22f57d-b352-11f1-9456-eeee0a8e3e3b.OPERATION#flowable-async-job-executor-thread-112571#
[PublishConfigurationEntriesStep] No public provided dependencies for publishing#
#2026 09 18 11:19:55.167#Z#DEBUG#9d22f57d-b352-11f1-9456-eeee0a8e3e3b.OPERATION#flowable-async-job-executor-thread-112571#
Step "Publish Provided Dependencies" finished#
#2026 09 18 11:19:55.206#Z#DEBUG#9d22f57d-b352-11f1-9456-eeee0a8e3e3b.OPERATION#flowable-async-job-executor-thread-112572#
[CreateOrUpdateServiceBrokerStep] Executing task "createOrUpdateServiceBrokerTask" of process "dfe56914-b352-11f1-abdf-eeee0a9f4ca8"...#
#2026 09 18 11:19:55.207#Z#DEBUG#9d22f57d-b352-11f1-9456-eeee0a8e3e3b.OPERATION#flowable-async-job-executor-thread-112572#
[CreateOrUpdateServiceBrokerStep] Creating service brokers...#
#2026 09 18 11:19:55.207#Z#DEBUG#9d22f57d-b352-11f1-9456-eeee0a8e3e3b.OPERATION#flowable-async-job-executor-thread-112572#
Step "Create Or Update Service Broker " finished#
#2026 09 18 11:19:55.369#Z#DEBUG#9d22f57d-b352-11f1-9456-eeee0a8e3e3b.OPERATION#flowable-async-job-executor-thread-112576#
[CreateSubscriptionsStep] Executing task "createSubscriptionsTask" of process "e00aa4ca-b352-11f1-abdf-eeee0a9f4ca8"...#
#2026 09 18 11:19:55.370#Z#DEBUG#9d22f57d-b352-11f1-9456-eeee0a8e3e3b.OPERATION#flowable-async-job-executor-thread-112576#
[CreateSubscriptionsStep] Creating subscriptions...#
#2026 09 18 11:19:55.371#Z#DEBUG#9d22f57d-b352-11f1-9456-eeee0a8e3e3b.OPERATION#flowable-async-job-executor-thread-112576#
[CreateSubscriptionsStep] Subscriptions created#
#2026 09 18 11:19:55.371#Z#DEBUG#9d22f57d-b352-11f1-9456-eeee0a8e3e3b.OPERATION#flowable-async-job-executor-thread-112576#
Step "Create Subscriptions" finished#
#2026 09 18 11:19:55.405#Z#DEBUG#9d22f57d-b352-11f1-9456-eeee0a8e3e3b.OPERATION#flowable-async-job-executor-thread-112578#
[DeleteSubscriptionsStep] Executing task "deleteSubscriptionsTask" of process "e00aa4ca-b352-11f1-abdf-eeee0a9f4ca8"...#
#2026 09 18 11:19:55.406#Z#DEBUG#9d22f57d-b352-11f1-9456-eeee0a8e3e3b.OPERATION#flowable-async-job-executor-thread-112578#
[DeleteSubscriptionsStep] Deleting discontinued subscriptions...#
#2026 09 18 11:19:55.407#Z#DEBUG#9d22f57d-b352-11f1-9456-eeee0a8e3e3b.OPERATION#flowable-async-job-executor-thread-112578#
[DeleteSubscriptionsStep] Subscriptions to delete: [ ]#
#2026 09 18 11:19:55.407#Z#DEBUG#9d22f57d-b352-11f1-9456-eeee0a8e3e3b.OPERATION#flowable-async-job-executor-thread-112578#
[DeleteSubscriptionsStep] Deleted discontinued subscriptions#
#2026 09 18 11:19:55.407#Z#DEBUG#9d22f57d-b352-11f1-9456-eeee0a8e3e3b.OPERATION#flowable-async-job-executor-thread-112578#
Step "Delete Subscriptions" finished#
#2026 09 18 11:19:55.437#Z#DEBUG#9d22f57d-b352-11f1-9456-eeee0a8e3e3b.OPERATION#flowable-async-job-executor-thread-112582#
[DeleteDiscontinuedConfigurationEntriesStep] Executing task "deleteDiscontinuedConfigurationEntriesTask" of process "e00aa4ca-b352-11f1-abdf-eeee0a9f4ca8"...#
#2026 09 18 11:19:55.438#Z#DEBUG#9d22f57d-b352-11f1-9456-eeee0a8e3e3b.OPERATION#flowable-async-job-executor-thread-112582#
[DeleteDiscontinuedConfigurationEntriesStep] Deleting discontinued published dependencies...#
#2026 09 18 11:19:55.546#Z#DEBUG#9d22f57d-b352-11f1-9456-eeee0a8e3e3b.OPERATION#flowable-async-job-executor-thread-112582#
[DeleteDiscontinuedConfigurationEntriesStep] Deleted entries: [ ]#
#2026 09 18 11:19:55.546#Z#DEBUG#9d22f57d-b352-11f1-9456-eeee0a8e3e3b.OPERATION#flowable-async-job-executor-thread-112582#
[DeleteDiscontinuedConfigurationEntriesStep] Discontinued published dependencies deleted#
#2026 09 18 11:19:55.546#Z#DEBUG#9d22f57d-b352-11f1-9456-eeee0a8e3e3b.OPERATION#flowable-async-job-executor-thread-112582#
Step "Delete Discontinued Configuration Entries" finished#
#2026 09 18 11:19:55.552#Z#WARN#9d22f57d-b352-11f1-9456-eeee0a8e3e3b.OPERATION#flowable-async-job-executor-thread-112582#
[DoNotDeleteServicesListener] Skipping deletion of services, because the command line option "--delete-services" is not specified.#
#2026 09 18 11:19:55.606#Z#DEBUG#9d22f57d-b352-11f1-9456-eeee0a8e3e3b.OPERATION#flowable-async-job-executor-thread-112585#
[DetachServicesFromMtaStep] Executing task "detachServicesFromMtaTask" of process "e035fa01-b352-11f1-abdf-eeee0a9f4ca8"...#
#2026 09 18 11:19:55.607#Z#DEBUG#9d22f57d-b352-11f1-9456-eeee0a8e3e3b.OPERATION#flowable-async-job-executor-thread-112585#
[DetachServicesFromMtaStep] Detaching services from MTA...#
#2026 09 18 11:19:55.607#Z#DEBUG#9d22f57d-b352-11f1-9456-eeee0a8e3e3b.OPERATION#flowable-async-job-executor-thread-112585#
[DetachServicesFromMtaStep] Getting service instances without auxiliary content by names []...#
#2026 09 18 11:19:55.607#Z#DEBUG#9d22f57d-b352-11f1-9456-eeee0a8e3e3b.OPERATION#flowable-async-job-executor-thread-112585#
[DetachServicesFromMtaStep] Detached services from MTA#
#2026 09 18 11:19:55.607#Z#DEBUG#9d22f57d-b352-11f1-9456-eeee0a8e3e3b.OPERATION#flowable-async-job-executor-thread-112585#
Step "Detach Services from MTA" finished#
#2026 09 18 11:19:55.636#Z#DEBUG#9d22f57d-b352-11f1-9456-eeee0a8e3e3b.OPERATION#flowable-async-job-executor-thread-112586#
[UpdateSubscribersStep] Executing task "updateSubscribersTask" of process "e035fa01-b352-11f1-abdf-eeee0a9f4ca8"...#
#2026 09 18 11:19:55.637#Z#DEBUG#9d22f57d-b352-11f1-9456-eeee0a8e3e3b.OPERATION#flowable-async-job-executor-thread-112586#
[UpdateSubscribersStep] Updating subscribers...#
#2026 09 18 11:19:55.768#Z#DEBUG#9d22f57d-b352-11f1-9456-eeee0a8e3e3b.OPERATION#flowable-async-job-executor-thread-112586#
[UpdateSubscribersStep] Subscribers updated#
#2026 09 18 11:19:55.768#Z#DEBUG#9d22f57d-b352-11f1-9456-eeee0a8e3e3b.OPERATION#flowable-async-job-executor-thread-112586#
Step "Update Subscribers" finished#
#2026 09 18 11:19:55.805#Z#DEBUG#9d22f57d-b352-11f1-9456-eeee0a8e3e3b.OPERATION#flowable-async-job-executor-thread-112587#
[RestartSubscribersStep] Executing task "restartSubscribersTask" of process "e035fa01-b352-11f1-abdf-eeee0a9f4ca8"...#
#2026 09 18 11:19:55.806#Z#DEBUG#9d22f57d-b352-11f1-9456-eeee0a8e3e3b.OPERATION#flowable-async-job-executor-thread-112587#
Step "Restart Subscribers" finished#
#2026 09 18 11:19:55.839#Z#DEBUG#9d22f57d-b352-11f1-9456-eeee0a8e3e3b.OPERATION#flowable-async-job-executor-thread-112588#
[PrepareToRestartServiceBrokerSubscribersStep] Executing task "prepareToRestartServiceBrokerSubscribersTask" of process "e035fa01-b352-11f1-abdf-eeee0a9f4ca8"...#
#2026 09 18 11:19:55.840#Z#DEBUG#9d22f57d-b352-11f1-9456-eeee0a8e3e3b.OPERATION#flowable-async-job-executor-thread-112588#
Step "Prepare To Restart Service Brokers Subscribers" finished#
